<?xml version="1.0" encoding="UTF-8"?>
<!-- track-length = 95361 filtered ascend = 2642 plain-ascend = 65 cost=412902 energy=.9kwh time=6h 26m 36s -->
<gpx 
 xmlns="http://www.topografix.com/GPX/1/1" 
 xmlns:xsi="http://www.w3.org/2001/XMLSchema-instance" 
 xsi:schemaLocation="http://www.topografix.com/GPX/1/1 http://www.topografix.com/GPX/1/1/gpx.xsd" 
 creator="BRouter-1.7.9" version="1.1">
 <trk>
  <name>brouter_gravel_0</name>
  <trkseg>
   <trkpt lon="-1.778939" lat="43.182966"><ele>818.5</ele></trkpt>
   <trkpt lon="-1.778916" lat="43.183009"><ele>821.5</ele></trkpt>
   <trkpt lon="-1.778751" lat="43.183007"><ele>825.25</ele></trkpt>
   <trkpt lon="-1.778444" lat="43.182985"><ele>832.25</ele></trkpt>
   <trkpt lon="-1.777891" lat="43.182888"><ele>843.25</ele></trkpt>
   <trkpt lon="-1.777860" lat="43.182927"><ele>845.75</ele></trkpt>
   <trkpt lon="-1.777906" lat="43.183026"><ele>848.75</ele></trkpt>
   <trkpt lon="-1.777996" lat="43.183142"><ele>852.0</ele></trkpt>
   <trkpt lon="-1.778019" lat="43.183188"><ele>853.5</ele></trkpt>
   <trkpt lon="-1.777914" lat="43.183201"><ele>857.0</ele></trkpt>
   <trkpt lon="-1.777318" lat="43.183026"><ele>866.0</ele></trkpt>
   <trkpt lon="-1.777069" lat="43.182938"><ele>870.0</ele></trkpt>
   <trkpt lon="-1.776869" lat="43.182879"><ele>873.75</ele></trkpt>
   <trkpt lon="-1.776646" lat="43.182800"><ele>877.75</ele></trkpt>
   <trkpt lon="-1.776586" lat="43.182830"><ele>879.5</ele></trkpt>
   <trkpt lon="-1.776590" lat="43.182900"><ele>880.5</ele></trkpt>
   <trkpt lon="-1.776659" lat="43.183004"><ele>881.0</ele></trkpt>
   <trkpt lon="-1.776700" lat="43.183110"><ele>881.0</ele></trkpt>
   <trkpt lon="-1.776780" lat="43.183240"><ele>880.75</ele></trkpt>
   <trkpt lon="-1.776665" lat="43.183241"><ele>880.5</ele></trkpt>
   <trkpt lon="-1.776630" lat="43.183280"><ele>879.75</ele></trkpt>
   <trkpt lon="-1.776550" lat="43.183240"><ele>879.25</ele></trkpt>
   <trkpt lon="-1.776440" lat="43.183160"><ele>880.25</ele></trkpt>
   <trkpt lon="-1.776310" lat="43.183030"><ele>882.25</ele></trkpt>
   <trkpt lon="-1.776160" lat="43.182900"><ele>883.25</ele></trkpt>
   <trkpt lon="-1.775355" lat="43.182570"><ele>879.75</ele></trkpt>
   <trkpt lon="-1.775092" lat="43.182509"><ele>879.25</ele></trkpt>
   <trkpt lon="-1.774828" lat="43.182497"><ele>877.75</ele></trkpt>
   <trkpt lon="-1.774570" lat="43.182510"><ele>875.75</ele></trkpt>
   <trkpt lon="-1.774360" lat="43.182550"><ele>874.25</ele></trkpt>
   <trkpt lon="-1.773894" lat="43.182707"><ele>870.5</ele></trkpt>
   <trkpt lon="-1.773238" lat="43.182894"><ele>865.75</ele></trkpt>
   <trkpt lon="-1.772762" lat="43.183055"><ele>861.0</ele></trkpt>
   <trkpt lon="-1.772532" lat="43.183166"><ele>857.5</ele></trkpt>
   <trkpt lon="-1.772100" lat="43.183330"><ele>851.0</ele></trkpt>
   <trkpt lon="-1.771758" lat="43.183442"><ele>845.0</ele></trkpt>
   <trkpt lon="-1.771275" lat="43.183630"><ele>836.75</ele></trkpt>
   <trkpt lon="-1.770947" lat="43.183748"><ele>831.0</ele></trkpt>
   <trkpt lon="-1.770778" lat="43.183794"><ele>828.75</ele></trkpt>
   <trkpt lon="-1.770499" lat="43.183847"><ele>825.75</ele></trkpt>
   <trkpt lon="-1.770265" lat="43.183917"><ele>822.0</ele></trkpt>
   <trkpt lon="-1.770080" lat="43.183952"><ele>819.5</ele></trkpt>
   <trkpt lon="-1.770023" lat="43.183959"><ele>818.75</ele></trkpt>
   <trkpt lon="-1.769877" lat="43.183944"><ele>817.0</ele></trkpt>
   <trkpt lon="-1.769806" lat="43.183929"><ele>816.0</ele></trkpt>
   <trkpt lon="-1.769708" lat="43.183895"><ele>814.25</ele></trkpt>
   <trkpt lon="-1.769632" lat="43.183851"><ele>811.5</ele></trkpt>
   <trkpt lon="-1.769537" lat="43.183861"><ele>807.75</ele></trkpt>
   <trkpt lon="-1.769523" lat="43.183848"><ele>807.0</ele></trkpt>
   <trkpt lon="-1.769532" lat="43.183787"><ele>807.75</ele></trkpt>
   <trkpt lon="-1.769521" lat="43.183775"><ele>807.25</ele></trkpt>
   <trkpt lon="-1.769454" lat="43.183762"><ele>804.25</ele></trkpt>
   <trkpt lon="-1.769132" lat="43.183379"><ele>790.25</ele></trkpt>
   <trkpt lon="-1.769057" lat="43.183318"><ele>787.75</ele></trkpt>
   <trkpt lon="-1.768948" lat="43.183209"><ele>785.0</ele></trkpt>
   <trkpt lon="-1.768852" lat="43.183086"><ele>781.5</ele></trkpt>
   <trkpt lon="-1.768774" lat="43.182944"><ele>777.5</ele></trkpt>
   <trkpt lon="-1.768762" lat="43.182891"><ele>776.75</ele></trkpt>
   <trkpt lon="-1.768791" lat="43.182646"><ele>774.25</ele></trkpt>
   <trkpt lon="-1.768909" lat="43.182246"><ele>762.0</ele></trkpt>
   <trkpt lon="-1.768913" lat="43.182156"><ele>763.25</ele></trkpt>
   <trkpt lon="-1.768874" lat="43.182064"><ele>765.0</ele></trkpt>
   <trkpt lon="-1.768847" lat="43.182032"><ele>765.0</ele></trkpt>
   <trkpt lon="-1.768801" lat="43.182002"><ele>764.0</ele></trkpt>
   <trkpt lon="-1.768673" lat="43.181943"><ele>759.75</ele></trkpt>
   <trkpt lon="-1.768483" lat="43.181812"><ele>760.5</ele></trkpt>
   <trkpt lon="-1.768432" lat="43.181795"><ele>761.25</ele></trkpt>
   <trkpt lon="-1.768295" lat="43.181784"><ele>761.5</ele></trkpt>
   <trkpt lon="-1.768186" lat="43.181791"><ele>761.5</ele></trkpt>
   <trkpt lon="-1.767815" lat="43.181846"><ele>758.0</ele></trkpt>
   <trkpt lon="-1.767653" lat="43.181843"><ele>758.75</ele></trkpt>
   <trkpt lon="-1.767563" lat="43.181833"><ele>759.75</ele></trkpt>
   <trkpt lon="-1.767404" lat="43.181804"><ele>761.0</ele></trkpt>
   <trkpt lon="-1.767366" lat="43.181790"><ele>761.5</ele></trkpt>
   <trkpt lon="-1.767312" lat="43.181755"><ele>762.75</ele></trkpt>
   <trkpt lon="-1.767273" lat="43.181738"><ele>763.5</ele></trkpt>
   <trkpt lon="-1.767147" lat="43.181705"><ele>762.0</ele></trkpt>
   <trkpt lon="-1.766916" lat="43.181611"><ele>760.5</ele></trkpt>
   <trkpt lon="-1.766849" lat="43.181593"><ele>763.0</ele></trkpt>
   <trkpt lon="-1.766730" lat="43.181586"><ele>765.75</ele></trkpt>
   <trkpt lon="-1.766499" lat="43.181626"><ele>768.75</ele></trkpt>
   <trkpt lon="-1.766458" lat="43.181641"><ele>768.75</ele></trkpt>
   <trkpt lon="-1.765964" lat="43.181872"><ele>764.25</ele></trkpt>
   <trkpt lon="-1.765597" lat="43.182033"><ele>762.75</ele></trkpt>
   <trkpt lon="-1.765283" lat="43.182186"><ele>761.75</ele></trkpt>
   <trkpt lon="-1.765172" lat="43.182230"><ele>761.5</ele></trkpt>
   <trkpt lon="-1.765125" lat="43.182255"><ele>761.0</ele></trkpt>
   <trkpt lon="-1.765017" lat="43.182337"><ele>758.75</ele></trkpt>
   <trkpt lon="-1.764958" lat="43.182374"><ele>757.75</ele></trkpt>
   <trkpt lon="-1.764784" lat="43.182463"><ele>755.75</ele></trkpt>
   <trkpt lon="-1.764655" lat="43.182521"><ele>754.0</ele></trkpt>
   <trkpt lon="-1.764611" lat="43.182533"><ele>753.5</ele></trkpt>
   <trkpt lon="-1.764446" lat="43.182545"><ele>753.5</ele></trkpt>
   <trkpt lon="-1.764210" lat="43.182597"><ele>750.25</ele></trkpt>
   <trkpt lon="-1.764020" lat="43.182582"><ele>748.0</ele></trkpt>
   <trkpt lon="-1.763938" lat="43.182598"><ele>745.5</ele></trkpt>
   <trkpt lon="-1.763919" lat="43.182619"><ele>744.25</ele></trkpt>
   <trkpt lon="-1.763910" lat="43.182660"><ele>742.25</ele></trkpt>
   <trkpt lon="-1.763938" lat="43.182712"><ele>740.5</ele></trkpt>
   <trkpt lon="-1.763962" lat="43.182740"><ele>739.75</ele></trkpt>
   <trkpt lon="-1.764007" lat="43.182773"><ele>738.75</ele></trkpt>
   <trkpt lon="-1.764125" lat="43.182836"><ele>737.5</ele></trkpt>
   <trkpt lon="-1.764186" lat="43.182909"><ele>734.75</ele></trkpt>
   <trkpt lon="-1.764180" lat="43.182923"><ele>734.0</ele></trkpt>
   <trkpt lon="-1.764091" lat="43.182966"><ele>731.25</ele></trkpt>
   <trkpt lon="-1.763884" lat="43.183040"><ele>726.25</ele></trkpt>
   <trkpt lon="-1.763863" lat="43.183054"><ele>725.0</ele></trkpt>
   <trkpt lon="-1.763838" lat="43.183099"><ele>722.75</ele></trkpt>
   <trkpt lon="-1.763837" lat="43.183166"><ele>720.25</ele></trkpt>
   <trkpt lon="-1.763786" lat="43.183232"><ele>717.0</ele></trkpt>
   <trkpt lon="-1.763783" lat="43.183247"><ele>716.5</ele></trkpt>
   <trkpt lon="-1.763798" lat="43.183287"><ele>715.5</ele></trkpt>
   <trkpt lon="-1.763788" lat="43.183339"><ele>713.5</ele></trkpt>
   <trkpt lon="-1.763757" lat="43.183362"><ele>712.5</ele></trkpt>
   <trkpt lon="-1.763710" lat="43.183386"><ele>711.25</ele></trkpt>
   <trkpt lon="-1.763679" lat="43.183392"><ele>710.75</ele></trkpt>
   <trkpt lon="-1.763641" lat="43.183390"><ele>710.5</ele></trkpt>
   <trkpt lon="-1.763604" lat="43.183380"><ele>710.25</ele></trkpt>
   <trkpt lon="-1.763557" lat="43.183358"><ele>709.0</ele></trkpt>
   <trkpt lon="-1.763529" lat="43.183337"><ele>708.25</ele></trkpt>
   <trkpt lon="-1.763443" lat="43.183236"><ele>706.0</ele></trkpt>
   <trkpt lon="-1.763323" lat="43.183065"><ele>702.25</ele></trkpt>
   <trkpt lon="-1.763160" lat="43.182864"><ele>701.75</ele></trkpt>
   <trkpt lon="-1.762969" lat="43.182670"><ele>701.75</ele></trkpt>
   <trkpt lon="-1.762818" lat="43.182538"><ele>700.25</ele></trkpt>
   <trkpt lon="-1.762673" lat="43.182270"><ele>692.75</ele></trkpt>
   <trkpt lon="-1.762550" lat="43.182096"><ele>688.25</ele></trkpt>
   <trkpt lon="-1.762504" lat="43.181973"><ele>687.75</ele></trkpt>
   <trkpt lon="-1.762477" lat="43.181936"><ele>687.0</ele></trkpt>
   <trkpt lon="-1.762422" lat="43.181891"><ele>686.0</ele></trkpt>
   <trkpt lon="-1.762315" lat="43.181829"><ele>684.25</ele></trkpt>
   <trkpt lon="-1.762035" lat="43.181707"><ele>683.75</ele></trkpt>
   <trkpt lon="-1.761976" lat="43.181675"><ele>684.25</ele></trkpt>
   <trkpt lon="-1.761923" lat="43.181640"><ele>683.75</ele></trkpt>
   <trkpt lon="-1.761780" lat="43.181509"><ele>680.5</ele></trkpt>
   <trkpt lon="-1.761687" lat="43.181377"><ele>678.0</ele></trkpt>
   <trkpt lon="-1.761624" lat="43.181237"><ele>673.5</ele></trkpt>
   <trkpt lon="-1.761589" lat="43.181072"><ele>671.5</ele></trkpt>
   <trkpt lon="-1.761529" lat="43.180967"><ele>670.0</ele></trkpt>
   <trkpt lon="-1.761428" lat="43.180749"><ele>668.5</ele></trkpt>
   <trkpt lon="-1.761420" lat="43.180721"><ele>668.5</ele></trkpt>
   <trkpt lon="-1.761418" lat="43.180624"><ele>669.75</ele></trkpt>
   <trkpt lon="-1.761390" lat="43.180588"><ele>668.5</ele></trkpt>
   <trkpt lon="-1.761361" lat="43.180566"><ele>670.0</ele></trkpt>
   <trkpt lon="-1.761328" lat="43.180554"><ele>671.75</ele></trkpt>
   <trkpt lon="-1.761280" lat="43.180556"><ele>674.0</ele></trkpt>
   <trkpt lon="-1.761242" lat="43.180567"><ele>675.75</ele></trkpt>
   <trkpt lon="-1.761222" lat="43.180581"><ele>676.5</ele></trkpt>
   <trkpt lon="-1.761214" lat="43.180611"><ele>676.5</ele></trkpt>
   <trkpt lon="-1.761120" lat="43.181322"><ele>665.0</ele></trkpt>
   <trkpt lon="-1.761070" lat="43.181508"><ele>664.25</ele></trkpt>
   <trkpt lon="-1.761038" lat="43.181701"><ele>664.75</ele></trkpt>
   <trkpt lon="-1.761017" lat="43.181835"><ele>665.5</ele></trkpt>
   <trkpt lon="-1.761016" lat="43.181976"><ele>666.0</ele></trkpt>
   <trkpt lon="-1.761069" lat="43.182223"><ele>668.5</ele></trkpt>
   <trkpt lon="-1.761055" lat="43.182354"><ele>668.25</ele></trkpt>
   <trkpt lon="-1.761066" lat="43.182438"><ele>667.0</ele></trkpt>
   <trkpt lon="-1.761055" lat="43.182499"><ele>667.0</ele></trkpt>
   <trkpt lon="-1.760980" lat="43.182634"><ele>668.0</ele></trkpt>
   <trkpt lon="-1.760956" lat="43.182749"><ele>667.0</ele></trkpt>
   <trkpt lon="-1.760881" lat="43.182984"><ele>666.0</ele></trkpt>
   <trkpt lon="-1.760852" lat="43.183105"><ele>666.0</ele></trkpt>
   <trkpt lon="-1.760844" lat="43.183223"><ele>665.75</ele></trkpt>
   <trkpt lon="-1.760857" lat="43.183379"><ele>665.5</ele></trkpt>
   <trkpt lon="-1.760884" lat="43.183485"><ele>666.25</ele></trkpt>
   <trkpt lon="-1.761004" lat="43.183725"><ele>663.25</ele></trkpt>
   <trkpt lon="-1.761010" lat="43.183790"><ele>663.0</ele></trkpt>
   <trkpt lon="-1.760978" lat="43.183878"><ele>664.25</ele></trkpt>
   <trkpt lon="-1.760911" lat="43.184007"><ele>663.75</ele></trkpt>
   <trkpt lon="-1.760787" lat="43.184206"><ele>663.5</ele></trkpt>
   <trkpt lon="-1.760734" lat="43.184322"><ele>662.75</ele></trkpt>
   <trkpt lon="-1.760680" lat="43.184580"><ele>658.5</ele></trkpt>
   <trkpt lon="-1.760653" lat="43.184642"><ele>657.5</ele></trkpt>
   <trkpt lon="-1.760640" lat="43.184730"><ele>655.5</ele></trkpt>
   <trkpt lon="-1.760637" lat="43.184824"><ele>654.25</ele></trkpt>
   <trkpt lon="-1.760647" lat="43.184940"><ele>652.5</ele></trkpt>
   <trkpt lon="-1.760611" lat="43.184861"><ele>654.0</ele></trkpt>
   <trkpt lon="-1.760565" lat="43.184786"><ele>655.75</ele></trkpt>
   <trkpt lon="-1.760546" lat="43.184732"><ele>656.5</ele></trkpt>
   <trkpt lon="-1.760537" lat="43.184669"><ele>657.75</ele></trkpt>
   <trkpt lon="-1.760557" lat="43.184616"><ele>659.5</ele></trkpt>
   <trkpt lon="-1.760569" lat="43.184513"><ele>662.0</ele></trkpt>
   <trkpt lon="-1.760576" lat="43.184422"><ele>664.0</ele></trkpt>
   <trkpt lon="-1.760615" lat="43.184255"><ele>666.5</ele></trkpt>
   <trkpt lon="-1.760642" lat="43.183995"><ele>672.0</ele></trkpt>
   <trkpt lon="-1.760642" lat="43.183797"><ele>675.5</ele></trkpt>
   <trkpt lon="-1.760627" lat="43.183741"><ele>676.5</ele></trkpt>
   <trkpt lon="-1.760589" lat="43.183682"><ele>678.0</ele></trkpt>
   <trkpt lon="-1.760494" lat="43.183596"><ele>680.75</ele></trkpt>
   <trkpt lon="-1.760298" lat="43.183366"><ele>684.25</ele></trkpt>
   <trkpt lon="-1.760209" lat="43.183242"><ele>686.25</ele></trkpt>
   <trkpt lon="-1.760174" lat="43.183159"><ele>687.25</ele></trkpt>
   <trkpt lon="-1.760163" lat="43.183107"><ele>688.0</ele></trkpt>
   <trkpt lon="-1.760180" lat="43.183021"><ele>689.0</ele></trkpt>
   <trkpt lon="-1.760247" lat="43.182793"><ele>693.25</ele></trkpt>
   <trkpt lon="-1.760254" lat="43.182603"><ele>696.5</ele></trkpt>
   <trkpt lon="-1.760200" lat="43.182455"><ele>700.0</ele></trkpt>
   <trkpt lon="-1.760121" lat="43.182324"><ele>702.5</ele></trkpt>
   <trkpt lon="-1.760055" lat="43.182262"><ele>704.25</ele></trkpt>
   <trkpt lon="-1.759983" lat="43.182078"><ele>707.25</ele></trkpt>
   <trkpt lon="-1.759913" lat="43.181926"><ele>710.25</ele></trkpt>
   <trkpt lon="-1.759880" lat="43.181776"><ele>712.75</ele></trkpt>
   <trkpt lon="-1.759867" lat="43.181629"><ele>714.75</ele></trkpt>
   <trkpt lon="-1.759807" lat="43.181498"><ele>717.75</ele></trkpt>
   <trkpt lon="-1.759762" lat="43.181366"><ele>720.75</ele></trkpt>
   <trkpt lon="-1.759719" lat="43.181169"><ele>724.25</ele></trkpt>
   <trkpt lon="-1.759578" lat="43.180705"><ele>733.25</ele></trkpt>
   <trkpt lon="-1.759492" lat="43.180359"><ele>738.5</ele></trkpt>
   <trkpt lon="-1.759381" lat="43.180144"><ele>741.75</ele></trkpt>
   <trkpt lon="-1.759326" lat="43.180095"><ele>743.0</ele></trkpt>
   <trkpt lon="-1.759233" lat="43.180041"><ele>745.5</ele></trkpt>
   <trkpt lon="-1.759066" lat="43.179896"><ele>748.0</ele></trkpt>
   <trkpt lon="-1.758853" lat="43.179737"><ele>750.25</ele></trkpt>
   <trkpt lon="-1.758698" lat="43.179661"><ele>752.25</ele></trkpt>
   <trkpt lon="-1.758646" lat="43.179652"><ele>752.75</ele></trkpt>
   <trkpt lon="-1.758449" lat="43.179609"><ele>752.0</ele></trkpt>
   <trkpt lon="-1.758353" lat="43.179549"><ele>751.0</ele></trkpt>
   <trkpt lon="-1.758226" lat="43.179448"><ele>748.25</ele></trkpt>
   <trkpt lon="-1.758093" lat="43.179310"><ele>746.75</ele></trkpt>
   <trkpt lon="-1.757932" lat="43.179162"><ele>742.75</ele></trkpt>
   <trkpt lon="-1.757638" lat="43.178790"><ele>740.0</ele></trkpt>
   <trkpt lon="-1.757554" lat="43.178729"><ele>738.5</ele></trkpt>
   <trkpt lon="-1.757207" lat="43.178600"><ele>730.0</ele></trkpt>
   <trkpt lon="-1.757033" lat="43.178525"><ele>728.25</ele></trkpt>
   <trkpt lon="-1.756853" lat="43.178437"><ele>726.25</ele></trkpt>
   <trkpt lon="-1.756718" lat="43.178362"><ele>724.5</ele></trkpt>
   <trkpt lon="-1.756598" lat="43.178285"><ele>722.25</ele></trkpt>
   <trkpt lon="-1.756507" lat="43.178202"><ele>720.25</ele></trkpt>
   <trkpt lon="-1.756416" lat="43.178052"><ele>718.5</ele></trkpt>
   <trkpt lon="-1.756389" lat="43.177987"><ele>720.0</ele></trkpt>
   <trkpt lon="-1.756354" lat="43.177930"><ele>721.75</ele></trkpt>
   <trkpt lon="-1.756276" lat="43.177893"><ele>721.25</ele></trkpt>
   <trkpt lon="-1.755978" lat="43.177870"><ele>716.75</ele></trkpt>
   <trkpt lon="-1.755721" lat="43.177874"><ele>712.5</ele></trkpt>
   <trkpt lon="-1.755383" lat="43.177858"><ele>708.0</ele></trkpt>
   <trkpt lon="-1.754562" lat="43.177891"><ele>692.5</ele></trkpt>
   <trkpt lon="-1.754372" lat="43.177880"><ele>691.25</ele></trkpt>
   <trkpt lon="-1.753935" lat="43.177889"><ele>688.75</ele></trkpt>
   <trkpt lon="-1.753704" lat="43.177913"><ele>686.75</ele></trkpt>
   <trkpt lon="-1.753483" lat="43.177984"><ele>682.0</ele></trkpt>
   <trkpt lon="-1.753244" lat="43.178044"><ele>678.25</ele></trkpt>
   <trkpt lon="-1.753059" lat="43.178071"><ele>675.75</ele></trkpt>
   <trkpt lon="-1.752773" lat="43.178056"><ele>673.75</ele></trkpt>
   <trkpt lon="-1.752736" lat="43.178062"><ele>673.0</ele></trkpt>
   <trkpt lon="-1.752685" lat="43.178071"><ele>671.75</ele></trkpt>
   <trkpt lon="-1.752449" lat="43.178073"><ele>668.25</ele></trkpt>
   <trkpt lon="-1.752266" lat="43.178036"><ele>666.25</ele></trkpt>
   <trkpt lon="-1.752186" lat="43.178005"><ele>665.5</ele></trkpt>
   <trkpt lon="-1.752124" lat="43.177972"><ele>664.75</ele></trkpt>
   <trkpt lon="-1.752068" lat="43.177966"><ele>663.25</ele></trkpt>
   <trkpt lon="-1.752034" lat="43.177994"><ele>661.75</ele></trkpt>
   <trkpt lon="-1.752060" lat="43.178109"><ele>659.5</ele></trkpt>
   <trkpt lon="-1.752094" lat="43.178214"><ele>656.0</ele></trkpt>
   <trkpt lon="-1.752166" lat="43.178317"><ele>653.0</ele></trkpt>
   <trkpt lon="-1.752208" lat="43.178352"><ele>651.75</ele></trkpt>
   <trkpt lon="-1.752333" lat="43.178432"><ele>649.5</ele></trkpt>
   <trkpt lon="-1.752598" lat="43.178530"><ele>645.75</ele></trkpt>
   <trkpt lon="-1.752629" lat="43.178562"><ele>643.75</ele></trkpt>
   <trkpt lon="-1.752621" lat="43.178614"><ele>640.75</ele></trkpt>
   <trkpt lon="-1.752569" lat="43.178659"><ele>637.75</ele></trkpt>
   <trkpt lon="-1.752472" lat="43.178687"><ele>636.0</ele></trkpt>
   <trkpt lon="-1.752329" lat="43.178704"><ele>634.5</ele></trkpt>
   <trkpt lon="-1.751515" lat="43.178702"><ele>625.0</ele></trkpt>
   <trkpt lon="-1.751144" lat="43.178713"><ele>619.75</ele></trkpt>
   <trkpt lon="-1.750942" lat="43.178725"><ele>616.75</ele></trkpt>
   <trkpt lon="-1.750727" lat="43.178765"><ele>612.75</ele></trkpt>
   <trkpt lon="-1.750545" lat="43.178835"><ele>609.75</ele></trkpt>
   <trkpt lon="-1.750423" lat="43.178901"><ele>608.0</ele></trkpt>
   <trkpt lon="-1.750267" lat="43.179007"><ele>603.5</ele></trkpt>
   <trkpt lon="-1.749957" lat="43.179172"><ele>597.75</ele></trkpt>
   <trkpt lon="-1.749692" lat="43.179335"><ele>591.25</ele></trkpt>
   <trkpt lon="-1.749455" lat="43.179492"><ele>585.5</ele></trkpt>
   <trkpt lon="-1.749207" lat="43.179626"><ele>581.0</ele></trkpt>
   <trkpt lon="-1.748910" lat="43.179747"><ele>577.5</ele></trkpt>
   <trkpt lon="-1.748736" lat="43.179846"><ele>574.0</ele></trkpt>
   <trkpt lon="-1.748400" lat="43.180073"><ele>566.0</ele></trkpt>
   <trkpt lon="-1.747972" lat="43.180382"><ele>555.0</ele></trkpt>
   <trkpt lon="-1.747834" lat="43.180491"><ele>551.25</ele></trkpt>
   <trkpt lon="-1.747650" lat="43.180599"><ele>547.5</ele></trkpt>
   <trkpt lon="-1.747374" lat="43.180777"><ele>540.5</ele></trkpt>
   <trkpt lon="-1.746991" lat="43.180994"><ele>531.5</ele></trkpt>
   <trkpt lon="-1.746917" lat="43.181061"><ele>528.75</ele></trkpt>
   <trkpt lon="-1.746820" lat="43.181169"><ele>524.75</ele></trkpt>
   <trkpt lon="-1.746765" lat="43.181244"><ele>522.5</ele></trkpt>
   <trkpt lon="-1.746662" lat="43.181340"><ele>519.75</ele></trkpt>
   <trkpt lon="-1.746478" lat="43.181461"><ele>514.5</ele></trkpt>
   <trkpt lon="-1.746354" lat="43.181518"><ele>511.75</ele></trkpt>
   <trkpt lon="-1.746071" lat="43.181608"><ele>506.25</ele></trkpt>
   <trkpt lon="-1.745958" lat="43.181657"><ele>503.25</ele></trkpt>
   <trkpt lon="-1.745855" lat="43.181724"><ele>500.25</ele></trkpt>
   <trkpt lon="-1.745788" lat="43.181784"><ele>498.25</ele></trkpt>
   <trkpt lon="-1.745671" lat="43.181864"><ele>495.25</ele></trkpt>
   <trkpt lon="-1.745647" lat="43.181882"><ele>494.75</ele></trkpt>
   <trkpt lon="-1.745597" lat="43.181941"><ele>493.0</ele></trkpt>
   <trkpt lon="-1.745558" lat="43.182013"><ele>491.75</ele></trkpt>
   <trkpt lon="-1.745445" lat="43.182333"><ele>483.0</ele></trkpt>
   <trkpt lon="-1.745409" lat="43.182442"><ele>479.5</ele></trkpt>
   <trkpt lon="-1.745381" lat="43.182568"><ele>475.5</ele></trkpt>
   <trkpt lon="-1.745375" lat="43.182642"><ele>473.0</ele></trkpt>
   <trkpt lon="-1.745315" lat="43.182928"><ele>465.25</ele></trkpt>
   <trkpt lon="-1.745284" lat="43.183005"><ele>463.75</ele></trkpt>
   <trkpt lon="-1.745163" lat="43.183292"><ele>453.75</ele></trkpt>
   <trkpt lon="-1.745112" lat="43.183374"><ele>451.25</ele></trkpt>
   <trkpt lon="-1.745032" lat="43.183478"><ele>448.75</ele></trkpt>
   <trkpt lon="-1.744978" lat="43.183573"><ele>447.25</ele></trkpt>
   <trkpt lon="-1.744888" lat="43.183785"><ele>441.25</ele></trkpt>
   <trkpt lon="-1.744752" lat="43.184064"><ele>436.5</ele></trkpt>
   <trkpt lon="-1.744726" lat="43.184132"><ele>436.0</ele></trkpt>
   <trkpt lon="-1.744666" lat="43.184459"><ele>427.5</ele></trkpt>
   <trkpt lon="-1.744632" lat="43.184581"><ele>425.25</ele></trkpt>
   <trkpt lon="-1.744589" lat="43.184695"><ele>423.75</ele></trkpt>
   <trkpt lon="-1.744528" lat="43.184865"><ele>422.25</ele></trkpt>
   <trkpt lon="-1.744490" lat="43.185014"><ele>421.75</ele></trkpt>
   <trkpt lon="-1.744434" lat="43.185102"><ele>420.0</ele></trkpt>
   <trkpt lon="-1.744371" lat="43.185182"><ele>417.0</ele></trkpt>
   <trkpt lon="-1.744152" lat="43.185424"><ele>411.0</ele></trkpt>
   <trkpt lon="-1.744126" lat="43.185487"><ele>410.0</ele></trkpt>
   <trkpt lon="-1.744143" lat="43.185630"><ele>408.5</ele></trkpt>
   <trkpt lon="-1.744161" lat="43.185710"><ele>407.0</ele></trkpt>
   <trkpt lon="-1.744108" lat="43.186183"><ele>399.25</ele></trkpt>
   <trkpt lon="-1.744108" lat="43.186255"><ele>398.5</ele></trkpt>
   <trkpt lon="-1.744082" lat="43.186311"><ele>398.0</ele></trkpt>
   <trkpt lon="-1.744015" lat="43.186389"><ele>397.5</ele></trkpt>
   <trkpt lon="-1.743777" lat="43.186423"><ele>396.5</ele></trkpt>
   <trkpt lon="-1.743646" lat="43.186321"><ele>396.0</ele></trkpt>
   <trkpt lon="-1.743578" lat="43.186196"><ele>396.0</ele></trkpt>
   <trkpt lon="-1.743551" lat="43.186015"><ele>396.0</ele></trkpt>
   <trkpt lon="-1.743538" lat="43.185643"><ele>394.25</ele></trkpt>
   <trkpt lon="-1.743500" lat="43.185507"><ele>392.0</ele></trkpt>
   <trkpt lon="-1.743354" lat="43.185215"><ele>384.75</ele></trkpt>
   <trkpt lon="-1.743064" lat="43.184908"><ele>376.5</ele></trkpt>
   <trkpt lon="-1.742769" lat="43.184713"><ele>369.75</ele></trkpt>
   <trkpt lon="-1.742657" lat="43.184649"><ele>369.0</ele></trkpt>
   <trkpt lon="-1.742534" lat="43.184664"><ele>366.25</ele></trkpt>
   <trkpt lon="-1.742467" lat="43.184708"><ele>364.5</ele></trkpt>
   <trkpt lon="-1.742321" lat="43.184870"><ele>361.25</ele></trkpt>
   <trkpt lon="-1.742182" lat="43.185054"><ele>355.0</ele></trkpt>
   <trkpt lon="-1.742015" lat="43.185348"><ele>351.75</ele></trkpt>
   <trkpt lon="-1.741881" lat="43.185555"><ele>348.5</ele></trkpt>
   <trkpt lon="-1.741699" lat="43.185718"><ele>345.75</ele></trkpt>
   <trkpt lon="-1.741425" lat="43.185877"><ele>340.0</ele></trkpt>
   <trkpt lon="-1.741010" lat="43.186066"><ele>338.5</ele></trkpt>
   <trkpt lon="-1.740681" lat="43.186173"><ele>337.25</ele></trkpt>
   <trkpt lon="-1.740415" lat="43.186276"><ele>336.5</ele></trkpt>
   <trkpt lon="-1.740157" lat="43.186349"><ele>334.0</ele></trkpt>
   <trkpt lon="-1.740087" lat="43.186362"><ele>333.0</ele></trkpt>
   <trkpt lon="-1.739923" lat="43.186391"><ele>331.75</ele></trkpt>
   <trkpt lon="-1.739510" lat="43.186391"><ele>330.25</ele></trkpt>
   <trkpt lon="-1.738376" lat="43.186412"><ele>323.75</ele></trkpt>
   <trkpt lon="-1.738612" lat="43.186335"><ele>322.0</ele></trkpt>
   <trkpt lon="-1.738814" lat="43.186294"><ele>320.5</ele></trkpt>
   <trkpt lon="-1.739188" lat="43.186243"><ele>319.75</ele></trkpt>
   <trkpt lon="-1.739391" lat="43.186176"><ele>318.5</ele></trkpt>
   <trkpt lon="-1.739430" lat="43.186125"><ele>316.5</ele></trkpt>
   <trkpt lon="-1.739441" lat="43.186071"><ele>316.75</ele></trkpt>
   <trkpt lon="-1.739418" lat="43.186014"><ele>317.5</ele></trkpt>
   <trkpt lon="-1.739356" lat="43.185969"><ele>316.75</ele></trkpt>
   <trkpt lon="-1.739259" lat="43.185912"><ele>314.75</ele></trkpt>
   <trkpt lon="-1.738935" lat="43.185797"><ele>308.25</ele></trkpt>
   <trkpt lon="-1.738652" lat="43.185661"><ele>305.5</ele></trkpt>
   <trkpt lon="-1.738555" lat="43.185628"><ele>304.75</ele></trkpt>
   <trkpt lon="-1.738442" lat="43.185609"><ele>304.25</ele></trkpt>
   <trkpt lon="-1.737852" lat="43.185533"><ele>298.25</ele></trkpt>
   <trkpt lon="-1.737768" lat="43.185544"><ele>296.75</ele></trkpt>
   <trkpt lon="-1.737596" lat="43.185630"><ele>295.0</ele></trkpt>
   <trkpt lon="-1.737505" lat="43.185662"><ele>294.5</ele></trkpt>
   <trkpt lon="-1.737384" lat="43.185662"><ele>291.5</ele></trkpt>
   <trkpt lon="-1.737180" lat="43.185578"><ele>291.0</ele></trkpt>
   <trkpt lon="-1.737070" lat="43.185549"><ele>290.5</ele></trkpt>
   <trkpt lon="-1.736756" lat="43.185522"><ele>286.75</ele></trkpt>
   <trkpt lon="-1.736491" lat="43.185450"><ele>284.75</ele></trkpt>
   <trkpt lon="-1.736253" lat="43.185398"><ele>282.0</ele></trkpt>
   <trkpt lon="-1.736084" lat="43.185349"><ele>280.75</ele></trkpt>
   <trkpt lon="-1.735994" lat="43.185290"><ele>280.25</ele></trkpt>
   <trkpt lon="-1.735899" lat="43.185210"><ele>279.0</ele></trkpt>
   <trkpt lon="-1.735809" lat="43.185145"><ele>278.5</ele></trkpt>
   <trkpt lon="-1.735764" lat="43.185131"><ele>277.75</ele></trkpt>
   <trkpt lon="-1.735672" lat="43.185122"><ele>275.75</ele></trkpt>
   <trkpt lon="-1.735150" lat="43.184957"><ele>269.0</ele></trkpt>
   <trkpt lon="-1.734931" lat="43.184905"><ele>265.75</ele></trkpt>
   <trkpt lon="-1.734839" lat="43.184855"><ele>265.25</ele></trkpt>
   <trkpt lon="-1.734790" lat="43.184802"><ele>265.0</ele></trkpt>
   <trkpt lon="-1.734770" lat="43.184743"><ele>265.5</ele></trkpt>
   <trkpt lon="-1.734741" lat="43.184519"><ele>263.0</ele></trkpt>
   <trkpt lon="-1.734750" lat="43.184242"><ele>260.5</ele></trkpt>
   <trkpt lon="-1.734801" lat="43.183950"><ele>257.5</ele></trkpt>
   <trkpt lon="-1.734866" lat="43.183620"><ele>255.75</ele></trkpt>
   <trkpt lon="-1.734917" lat="43.183301"><ele>250.0</ele></trkpt>
   <trkpt lon="-1.735024" lat="43.183013"><ele>247.0</ele></trkpt>
   <trkpt lon="-1.735441" lat="43.182167"><ele>242.25</ele></trkpt>
   <trkpt lon="-1.735672" lat="43.181544"><ele>232.5</ele></trkpt>
   <trkpt lon="-1.735791" lat="43.181199"><ele>227.5</ele></trkpt>
   <trkpt lon="-1.735953" lat="43.180934"><ele>227.25</ele></trkpt>
   <trkpt lon="-1.736023" lat="43.180756"><ele>225.25</ele></trkpt>
   <trkpt lon="-1.736074" lat="43.180353"><ele>219.0</ele></trkpt>
   <trkpt lon="-1.736115" lat="43.180176"><ele>216.5</ele></trkpt>
   <trkpt lon="-1.736200" lat="43.179969"><ele>215.25</ele></trkpt>
   <trkpt lon="-1.736202" lat="43.179913"><ele>214.75</ele></trkpt>
   <trkpt lon="-1.736181" lat="43.179851"><ele>213.5</ele></trkpt>
   <trkpt lon="-1.736150" lat="43.179812"><ele>212.25</ele></trkpt>
   <trkpt lon="-1.736083" lat="43.179753"><ele>210.75</ele></trkpt>
   <trkpt lon="-1.735899" lat="43.179648"><ele>210.5</ele></trkpt>
   <trkpt lon="-1.735802" lat="43.179622"><ele>210.25</ele></trkpt>
   <trkpt lon="-1.735602" lat="43.179602"><ele>210.5</ele></trkpt>
   <trkpt lon="-1.735501" lat="43.179609"><ele>211.0</ele></trkpt>
   <trkpt lon="-1.735394" lat="43.179630"><ele>211.75</ele></trkpt>
   <trkpt lon="-1.735314" lat="43.179678"><ele>212.0</ele></trkpt>
   <trkpt lon="-1.734829" lat="43.180240"><ele>217.75</ele></trkpt>
   <trkpt lon="-1.734620" lat="43.180552"><ele>215.5</ele></trkpt>
   <trkpt lon="-1.734483" lat="43.180756"><ele>215.5</ele></trkpt>
   <trkpt lon="-1.734226" lat="43.181096"><ele>218.0</ele></trkpt>
   <trkpt lon="-1.733963" lat="43.181396"><ele>219.25</ele></trkpt>
   <trkpt lon="-1.733797" lat="43.181543"><ele>221.5</ele></trkpt>
   <trkpt lon="-1.733637" lat="43.181658"><ele>223.25</ele></trkpt>
   <trkpt lon="-1.733498" lat="43.181715"><ele>223.75</ele></trkpt>
   <trkpt lon="-1.733321" lat="43.181723"><ele>224.5</ele></trkpt>
   <trkpt lon="-1.733180" lat="43.181695"><ele>224.5</ele></trkpt>
   <trkpt lon="-1.732963" lat="43.181578"><ele>229.5</ele></trkpt>
   <trkpt lon="-1.732654" lat="43.181396"><ele>230.5</ele></trkpt>
   <trkpt lon="-1.732584" lat="43.181374"><ele>229.5</ele></trkpt>
   <trkpt lon="-1.732529" lat="43.181392"><ele>227.5</ele></trkpt>
   <trkpt lon="-1.732492" lat="43.181404"><ele>227.25</ele></trkpt>
   <trkpt lon="-1.732422" lat="43.181749"><ele>231.75</ele></trkpt>
   <trkpt lon="-1.732334" lat="43.181920"><ele>233.5</ele></trkpt>
   <trkpt lon="-1.732233" lat="43.182050"><ele>234.25</ele></trkpt>
   <trkpt lon="-1.732134" lat="43.182114"><ele>233.75</ele></trkpt>
   <trkpt lon="-1.732026" lat="43.182141"><ele>233.25</ele></trkpt>
   <trkpt lon="-1.731913" lat="43.182092"><ele>235.5</ele></trkpt>
   <trkpt lon="-1.731789" lat="43.182022"><ele>238.5</ele></trkpt>
   <trkpt lon="-1.731640" lat="43.181925"><ele>241.0</ele></trkpt>
   <trkpt lon="-1.731505" lat="43.181823"><ele>246.25</ele></trkpt>
   <trkpt lon="-1.731354" lat="43.181779"><ele>247.75</ele></trkpt>
   <trkpt lon="-1.731270" lat="43.181782"><ele>248.25</ele></trkpt>
   <trkpt lon="-1.731210" lat="43.181835"><ele>248.5</ele></trkpt>
   <trkpt lon="-1.731247" lat="43.182097"><ele>250.0</ele></trkpt>
   <trkpt lon="-1.731285" lat="43.182226"><ele>251.0</ele></trkpt>
   <trkpt lon="-1.731340" lat="43.182369"><ele>253.25</ele></trkpt>
   <trkpt lon="-1.731439" lat="43.182511"><ele>254.75</ele></trkpt>
   <trkpt lon="-1.731590" lat="43.182643"><ele>257.5</ele></trkpt>
   <trkpt lon="-1.731762" lat="43.182733"><ele>258.75</ele></trkpt>
   <trkpt lon="-1.731953" lat="43.182846"><ele>260.75</ele></trkpt>
   <trkpt lon="-1.732258" lat="43.183106"><ele>264.0</ele></trkpt>
   <trkpt lon="-1.732397" lat="43.183284"><ele>267.0</ele></trkpt>
   <trkpt lon="-1.732440" lat="43.183420"><ele>268.25</ele></trkpt>
   <trkpt lon="-1.732429" lat="43.183521"><ele>269.5</ele></trkpt>
   <trkpt lon="-1.732377" lat="43.183691"><ele>271.75</ele></trkpt>
   <trkpt lon="-1.732026" lat="43.184387"><ele>280.25</ele></trkpt>
   <trkpt lon="-1.731844" lat="43.184655"><ele>281.0</ele></trkpt>
   <trkpt lon="-1.731759" lat="43.184732"><ele>281.25</ele></trkpt>
   <trkpt lon="-1.731619" lat="43.184771"><ele>281.75</ele></trkpt>
   <trkpt lon="-1.731526" lat="43.184783"><ele>281.0</ele></trkpt>
   <trkpt lon="-1.731338" lat="43.184756"><ele>280.0</ele></trkpt>
   <trkpt lon="-1.731123" lat="43.184703"><ele>279.0</ele></trkpt>
   <trkpt lon="-1.731005" lat="43.184695"><ele>278.75</ele></trkpt>
   <trkpt lon="-1.730874" lat="43.184715"><ele>277.5</ele></trkpt>
   <trkpt lon="-1.730745" lat="43.184756"><ele>276.25</ele></trkpt>
   <trkpt lon="-1.729945" lat="43.185115"><ele>270.0</ele></trkpt>
   <trkpt lon="-1.729771" lat="43.185138"><ele>269.25</ele></trkpt>
   <trkpt lon="-1.729392" lat="43.185107"><ele>268.75</ele></trkpt>
   <trkpt lon="-1.729214" lat="43.185107"><ele>267.25</ele></trkpt>
   <trkpt lon="-1.729135" lat="43.185138"><ele>267.0</ele></trkpt>
   <trkpt lon="-1.729086" lat="43.185187"><ele>267.25</ele></trkpt>
   <trkpt lon="-1.729065" lat="43.185308"><ele>267.25</ele></trkpt>
   <trkpt lon="-1.729101" lat="43.185437"><ele>267.75</ele></trkpt>
   <trkpt lon="-1.729222" lat="43.185564"><ele>265.5</ele></trkpt>
   <trkpt lon="-1.729401" lat="43.185671"><ele>264.25</ele></trkpt>
   <trkpt lon="-1.729970" lat="43.185951"><ele>263.5</ele></trkpt>
   <trkpt lon="-1.730295" lat="43.186133"><ele>264.75</ele></trkpt>
   <trkpt lon="-1.730488" lat="43.186341"><ele>265.0</ele></trkpt>
   <trkpt lon="-1.730556" lat="43.186571"><ele>265.5</ele></trkpt>
   <trkpt lon="-1.730507" lat="43.186751"><ele>265.25</ele></trkpt>
   <trkpt lon="-1.730280" lat="43.187185"><ele>264.5</ele></trkpt>
   <trkpt lon="-1.730139" lat="43.187386"><ele>263.0</ele></trkpt>
   <trkpt lon="-1.729965" lat="43.187567"><ele>263.25</ele></trkpt>
   <trkpt lon="-1.729894" lat="43.187662"><ele>263.25</ele></trkpt>
   <trkpt lon="-1.729834" lat="43.187844"><ele>262.25</ele></trkpt>
   <trkpt lon="-1.729827" lat="43.188041"><ele>260.5</ele></trkpt>
   <trkpt lon="-1.729838" lat="43.188219"><ele>259.25</ele></trkpt>
   <trkpt lon="-1.729739" lat="43.188407"><ele>258.5</ele></trkpt>
   <trkpt lon="-1.729643" lat="43.188516"><ele>257.75</ele></trkpt>
   <trkpt lon="-1.729562" lat="43.188637"><ele>257.5</ele></trkpt>
   <trkpt lon="-1.729484" lat="43.188963"><ele>260.75</ele></trkpt>
   <trkpt lon="-1.729460" lat="43.189110"><ele>260.75</ele></trkpt>
   <trkpt lon="-1.729442" lat="43.189223"><ele>260.25</ele></trkpt>
   <trkpt lon="-1.729457" lat="43.189342"><ele>258.75</ele></trkpt>
   <trkpt lon="-1.729491" lat="43.189690"><ele>255.25</ele></trkpt>
   <trkpt lon="-1.729484" lat="43.190010"><ele>252.25</ele></trkpt>
   <trkpt lon="-1.729395" lat="43.190323"><ele>249.5</ele></trkpt>
   <trkpt lon="-1.729367" lat="43.190423"><ele>248.5</ele></trkpt>
   <trkpt lon="-1.729304" lat="43.190500"><ele>247.25</ele></trkpt>
   <trkpt lon="-1.729229" lat="43.190539"><ele>245.75</ele></trkpt>
   <trkpt lon="-1.729045" lat="43.190516"><ele>244.0</ele></trkpt>
   <trkpt lon="-1.728564" lat="43.190364"><ele>240.0</ele></trkpt>
   <trkpt lon="-1.728111" lat="43.190289"><ele>234.75</ele></trkpt>
   <trkpt lon="-1.727831" lat="43.190320"><ele>233.25</ele></trkpt>
   <trkpt lon="-1.727566" lat="43.190390"><ele>231.0</ele></trkpt>
   <trkpt lon="-1.727046" lat="43.190569"><ele>226.75</ele></trkpt>
   <trkpt lon="-1.726787" lat="43.190776"><ele>220.75</ele></trkpt>
   <trkpt lon="-1.726713" lat="43.190948"><ele>219.0</ele></trkpt>
   <trkpt lon="-1.726733" lat="43.191021"><ele>217.5</ele></trkpt>
   <trkpt lon="-1.726798" lat="43.191102"><ele>215.5</ele></trkpt>
   <trkpt lon="-1.726858" lat="43.191161"><ele>219.25</ele></trkpt>
   <trkpt lon="-1.726954" lat="43.191192"><ele>221.75</ele></trkpt>
   <trkpt lon="-1.727113" lat="43.191200"><ele>225.5</ele></trkpt>
   <trkpt lon="-1.727297" lat="43.191164"><ele>225.0</ele></trkpt>
   <trkpt lon="-1.727516" lat="43.191097"><ele>221.25</ele></trkpt>
   <trkpt lon="-1.727757" lat="43.191076"><ele>221.75</ele></trkpt>
   <trkpt lon="-1.727959" lat="43.191102"><ele>222.75</ele></trkpt>
   <trkpt lon="-1.728107" lat="43.191207"><ele>225.0</ele></trkpt>
   <trkpt lon="-1.728932" lat="43.192157"><ele>232.0</ele></trkpt>
   <trkpt lon="-1.729024" lat="43.192312"><ele>231.0</ele></trkpt>
   <trkpt lon="-1.729086" lat="43.192476"><ele>230.0</ele></trkpt>
   <trkpt lon="-1.729163" lat="43.192834"><ele>230.0</ele></trkpt>
   <trkpt lon="-1.729162" lat="43.192897"><ele>230.0</ele></trkpt>
   <trkpt lon="-1.729151" lat="43.192948"><ele>230.0</ele></trkpt>
   <trkpt lon="-1.729121" lat="43.193016"><ele>230.5</ele></trkpt>
   <trkpt lon="-1.729079" lat="43.193055"><ele>230.75</ele></trkpt>
   <trkpt lon="-1.729041" lat="43.193091"><ele>230.5</ele></trkpt>
   <trkpt lon="-1.728943" lat="43.193122"><ele>230.25</ele></trkpt>
   <trkpt lon="-1.728309" lat="43.193197"><ele>235.75</ele></trkpt>
   <trkpt lon="-1.727881" lat="43.193280"><ele>239.5</ele></trkpt>
   <trkpt lon="-1.727583" lat="43.193357"><ele>241.0</ele></trkpt>
   <trkpt lon="-1.727272" lat="43.193470"><ele>245.75</ele></trkpt>
   <trkpt lon="-1.727021" lat="43.193571"><ele>249.0</ele></trkpt>
   <trkpt lon="-1.726745" lat="43.193734"><ele>253.75</ele></trkpt>
   <trkpt lon="-1.726469" lat="43.193948"><ele>256.25</ele></trkpt>
   <trkpt lon="-1.726235" lat="43.194108"><ele>258.75</ele></trkpt>
   <trkpt lon="-1.726001" lat="43.194309"><ele>261.0</ele></trkpt>
   <trkpt lon="-1.725736" lat="43.194652"><ele>265.25</ele></trkpt>
   <trkpt lon="-1.725548" lat="43.194863"><ele>268.0</ele></trkpt>
   <trkpt lon="-1.725362" lat="43.195176"><ele>268.75</ele></trkpt>
   <trkpt lon="-1.725406" lat="43.195214"><ele>268.0</ele></trkpt>
   <trkpt lon="-1.725582" lat="43.195366"><ele>269.0</ele></trkpt>
   <trkpt lon="-1.725749" lat="43.195429"><ele>269.5</ele></trkpt>
   <trkpt lon="-1.725990" lat="43.195582"><ele>272.0</ele></trkpt>
   <trkpt lon="-1.725847" lat="43.195729"><ele>273.0</ele></trkpt>
   <trkpt lon="-1.725851" lat="43.195898"><ele>274.0</ele></trkpt>
   <trkpt lon="-1.725862" lat="43.196001"><ele>274.5</ele></trkpt>
   <trkpt lon="-1.725874" lat="43.196181"><ele>274.5</ele></trkpt>
   <trkpt lon="-1.725866" lat="43.196268"><ele>274.25</ele></trkpt>
   <trkpt lon="-1.726084" lat="43.196348"><ele>272.25</ele></trkpt>
   <trkpt lon="-1.725971" lat="43.196486"><ele>272.25</ele></trkpt>
   <trkpt lon="-1.725857" lat="43.196648"><ele>271.0</ele></trkpt>
   <trkpt lon="-1.725977" lat="43.196880"><ele>267.5</ele></trkpt>
   <trkpt lon="-1.726010" lat="43.196969"><ele>265.5</ele></trkpt>
   <trkpt lon="-1.725990" lat="43.197058"><ele>263.25</ele></trkpt>
   <trkpt lon="-1.725947" lat="43.197135"><ele>260.75</ele></trkpt>
   <trkpt lon="-1.725871" lat="43.197209"><ele>257.75</ele></trkpt>
   <trkpt lon="-1.725835" lat="43.197265"><ele>255.5</ele></trkpt>
   <trkpt lon="-1.725874" lat="43.197325"><ele>254.0</ele></trkpt>
   <trkpt lon="-1.725888" lat="43.197376"><ele>252.25</ele></trkpt>
   <trkpt lon="-1.725851" lat="43.197395"><ele>251.5</ele></trkpt>
   <trkpt lon="-1.725726" lat="43.197402"><ele>250.75</ele></trkpt>
   <trkpt lon="-1.725491" lat="43.197441"><ele>248.75</ele></trkpt>
   <trkpt lon="-1.725261" lat="43.197526"><ele>245.5</ele></trkpt>
   <trkpt lon="-1.725076" lat="43.197589"><ele>247.0</ele></trkpt>
   <trkpt lon="-1.725042" lat="43.197639"><ele>247.5</ele></trkpt>
   <trkpt lon="-1.725060" lat="43.197679"><ele>247.0</ele></trkpt>
   <trkpt lon="-1.725230" lat="43.197763"><ele>241.75</ele></trkpt>
   <trkpt lon="-1.725349" lat="43.197814"><ele>239.5</ele></trkpt>
   <trkpt lon="-1.725455" lat="43.197872"><ele>238.5</ele></trkpt>
   <trkpt lon="-1.725718" lat="43.198059"><ele>231.75</ele></trkpt>
   <trkpt lon="-1.725980" lat="43.198309"><ele>225.75</ele></trkpt>
   <trkpt lon="-1.726054" lat="43.198397"><ele>223.0</ele></trkpt>
   <trkpt lon="-1.726117" lat="43.198576"><ele>218.5</ele></trkpt>
   <trkpt lon="-1.726251" lat="43.198674"><ele>215.25</ele></trkpt>
   <trkpt lon="-1.726337" lat="43.198743"><ele>214.0</ele></trkpt>
   <trkpt lon="-1.726410" lat="43.198812"><ele>212.75</ele></trkpt>
   <trkpt lon="-1.726452" lat="43.198940"><ele>211.0</ele></trkpt>
   <trkpt lon="-1.726477" lat="43.199082"><ele>208.0</ele></trkpt>
   <trkpt lon="-1.726518" lat="43.199289"><ele>203.75</ele></trkpt>
   <trkpt lon="-1.726528" lat="43.199439"><ele>202.0</ele></trkpt>
   <trkpt lon="-1.726520" lat="43.199518"><ele>199.25</ele></trkpt>
   <trkpt lon="-1.726463" lat="43.199640"><ele>196.5</ele></trkpt>
   <trkpt lon="-1.726378" lat="43.199811"><ele>193.25</ele></trkpt>
   <trkpt lon="-1.726345" lat="43.199917"><ele>191.0</ele></trkpt>
   <trkpt lon="-1.726330" lat="43.200050"><ele>188.0</ele></trkpt>
   <trkpt lon="-1.726337" lat="43.200122"><ele>187.0</ele></trkpt>
   <trkpt lon="-1.726360" lat="43.200164"><ele>185.75</ele></trkpt>
   <trkpt lon="-1.726471" lat="43.200287"><ele>182.0</ele></trkpt>
   <trkpt lon="-1.726572" lat="43.200424"><ele>178.25</ele></trkpt>
   <trkpt lon="-1.726580" lat="43.200446"><ele>178.0</ele></trkpt>
   <trkpt lon="-1.726572" lat="43.200484"><ele>177.75</ele></trkpt>
   <trkpt lon="-1.726541" lat="43.200553"><ele>177.25</ele></trkpt>
   <trkpt lon="-1.726254" lat="43.200872"><ele>163.25</ele></trkpt>
   <trkpt lon="-1.725925" lat="43.201193"><ele>152.0</ele></trkpt>
   <trkpt lon="-1.725834" lat="43.201265"><ele>150.0</ele></trkpt>
   <trkpt lon="-1.725671" lat="43.201359"><ele>147.75</ele></trkpt>
   <trkpt lon="-1.725557" lat="43.201417"><ele>147.25</ele></trkpt>
   <trkpt lon="-1.725489" lat="43.201472"><ele>147.0</ele></trkpt>
   <trkpt lon="-1.725450" lat="43.201533"><ele>145.75</ele></trkpt>
   <trkpt lon="-1.725422" lat="43.201567"><ele>145.0</ele></trkpt>
   <trkpt lon="-1.725362" lat="43.201670"><ele>142.25</ele></trkpt>
   <trkpt lon="-1.725262" lat="43.201913"><ele>140.25</ele></trkpt>
   <trkpt lon="-1.725239" lat="43.202005"><ele>139.0</ele></trkpt>
   <trkpt lon="-1.725231" lat="43.202083"><ele>137.75</ele></trkpt>
   <trkpt lon="-1.725237" lat="43.202151"><ele>136.75</ele></trkpt>
   <trkpt lon="-1.725313" lat="43.202414"><ele>133.25</ele></trkpt>
   <trkpt lon="-1.725363" lat="43.202565"><ele>134.25</ele></trkpt>
   <trkpt lon="-1.725315" lat="43.202614"><ele>135.25</ele></trkpt>
   <trkpt lon="-1.725200" lat="43.202629"><ele>135.25</ele></trkpt>
   <trkpt lon="-1.724347" lat="43.202791"><ele>134.0</ele></trkpt>
   <trkpt lon="-1.723895" lat="43.202886"><ele>134.75</ele></trkpt>
   <trkpt lon="-1.723691" lat="43.202907"><ele>134.0</ele></trkpt>
   <trkpt lon="-1.723578" lat="43.202908"><ele>133.75</ele></trkpt>
   <trkpt lon="-1.723452" lat="43.202894"><ele>133.25</ele></trkpt>
   <trkpt lon="-1.723172" lat="43.202851"><ele>132.25</ele></trkpt>
   <trkpt lon="-1.722913" lat="43.202803"><ele>131.25</ele></trkpt>
   <trkpt lon="-1.722770" lat="43.202798"><ele>131.25</ele></trkpt>
   <trkpt lon="-1.722682" lat="43.202803"><ele>131.25</ele></trkpt>
   <trkpt lon="-1.722310" lat="43.202884"><ele>132.0</ele></trkpt>
   <trkpt lon="-1.722180" lat="43.202897"><ele>132.0</ele></trkpt>
   <trkpt lon="-1.722008" lat="43.202888"><ele>131.75</ele></trkpt>
   <trkpt lon="-1.721773" lat="43.202865"><ele>131.0</ele></trkpt>
   <trkpt lon="-1.721549" lat="43.202859"><ele>130.75</ele></trkpt>
   <trkpt lon="-1.721273" lat="43.202872"><ele>130.5</ele></trkpt>
   <trkpt lon="-1.721200" lat="43.202884"><ele>130.75</ele></trkpt>
   <trkpt lon="-1.721027" lat="43.202929"><ele>131.0</ele></trkpt>
   <trkpt lon="-1.720212" lat="43.203188"><ele>137.5</ele></trkpt>
   <trkpt lon="-1.719895" lat="43.203283"><ele>138.25</ele></trkpt>
   <trkpt lon="-1.719804" lat="43.203304"><ele>137.5</ele></trkpt>
   <trkpt lon="-1.719593" lat="43.203303"><ele>135.75</ele></trkpt>
   <trkpt lon="-1.719433" lat="43.203315"><ele>135.5</ele></trkpt>
   <trkpt lon="-1.719343" lat="43.203345"><ele>134.75</ele></trkpt>
   <trkpt lon="-1.719266" lat="43.203383"><ele>134.0</ele></trkpt>
   <trkpt lon="-1.719187" lat="43.203490"><ele>133.0</ele></trkpt>
   <trkpt lon="-1.719155" lat="43.203547"><ele>132.5</ele></trkpt>
   <trkpt lon="-1.719107" lat="43.203587"><ele>132.5</ele></trkpt>
   <trkpt lon="-1.718938" lat="43.203597"><ele>132.0</ele></trkpt>
   <trkpt lon="-1.718787" lat="43.203587"><ele>132.0</ele></trkpt>
   <trkpt lon="-1.718520" lat="43.203589"><ele>132.25</ele></trkpt>
   <trkpt lon="-1.718394" lat="43.203580"><ele>131.75</ele></trkpt>
   <trkpt lon="-1.718166" lat="43.203587"><ele>131.5</ele></trkpt>
   <trkpt lon="-1.718078" lat="43.203602"><ele>131.75</ele></trkpt>
   <trkpt lon="-1.718006" lat="43.203624"><ele>131.25</ele></trkpt>
   <trkpt lon="-1.717954" lat="43.203649"><ele>131.25</ele></trkpt>
   <trkpt lon="-1.717716" lat="43.203725"><ele>131.5</ele></trkpt>
   <trkpt lon="-1.717612" lat="43.203770"><ele>133.25</ele></trkpt>
   <trkpt lon="-1.716939" lat="43.203944"><ele>130.25</ele></trkpt>
   <trkpt lon="-1.716465" lat="43.204109"><ele>132.0</ele></trkpt>
   <trkpt lon="-1.716205" lat="43.204171"><ele>130.5</ele></trkpt>
   <trkpt lon="-1.715974" lat="43.204235"><ele>131.75</ele></trkpt>
   <trkpt lon="-1.715735" lat="43.204291"><ele>132.25</ele></trkpt>
   <trkpt lon="-1.714858" lat="43.204433"><ele>129.5</ele></trkpt>
   <trkpt lon="-1.714723" lat="43.204484"><ele>130.0</ele></trkpt>
   <trkpt lon="-1.714591" lat="43.204543"><ele>130.25</ele></trkpt>
   <trkpt lon="-1.714443" lat="43.204647"><ele>131.0</ele></trkpt>
   <trkpt lon="-1.714314" lat="43.204760"><ele>130.75</ele></trkpt>
   <trkpt lon="-1.714159" lat="43.204879"><ele>130.5</ele></trkpt>
   <trkpt lon="-1.713960" lat="43.205000"><ele>128.5</ele></trkpt>
   <trkpt lon="-1.713844" lat="43.205052"><ele>127.0</ele></trkpt>
   <trkpt lon="-1.713666" lat="43.205109"><ele>124.75</ele></trkpt>
   <trkpt lon="-1.713487" lat="43.205178"><ele>123.5</ele></trkpt>
   <trkpt lon="-1.713307" lat="43.205261"><ele>121.5</ele></trkpt>
   <trkpt lon="-1.713166" lat="43.205352"><ele>121.5</ele></trkpt>
   <trkpt lon="-1.713008" lat="43.205513"><ele>120.75</ele></trkpt>
   <trkpt lon="-1.712880" lat="43.205721"><ele>122.25</ele></trkpt>
   <trkpt lon="-1.712797" lat="43.205878"><ele>122.75</ele></trkpt>
   <trkpt lon="-1.712707" lat="43.206074"><ele>124.5</ele></trkpt>
   <trkpt lon="-1.712593" lat="43.206267"><ele>126.5</ele></trkpt>
   <trkpt lon="-1.712519" lat="43.206342"><ele>124.75</ele></trkpt>
   <trkpt lon="-1.712298" lat="43.206521"><ele>126.25</ele></trkpt>
   <trkpt lon="-1.711692" lat="43.206907"><ele>120.25</ele></trkpt>
   <trkpt lon="-1.711524" lat="43.206992"><ele>118.0</ele></trkpt>
   <trkpt lon="-1.711437" lat="43.207011"><ele>117.0</ele></trkpt>
   <trkpt lon="-1.711413" lat="43.207014"><ele>116.75</ele></trkpt>
   <trkpt lon="-1.711384" lat="43.207009"><ele>116.25</ele></trkpt>
   <trkpt lon="-1.711228" lat="43.206958"><ele>116.75</ele></trkpt>
   <trkpt lon="-1.711134" lat="43.206943"><ele>117.75</ele></trkpt>
   <trkpt lon="-1.710796" lat="43.206996"><ele>116.75</ele></trkpt>
   <trkpt lon="-1.710614" lat="43.207016"><ele>116.25</ele></trkpt>
   <trkpt lon="-1.710010" lat="43.207027"><ele>116.25</ele></trkpt>
   <trkpt lon="-1.709883" lat="43.207054"><ele>117.75</ele></trkpt>
   <trkpt lon="-1.709674" lat="43.207137"><ele>119.25</ele></trkpt>
   <trkpt lon="-1.709531" lat="43.207208"><ele>120.5</ele></trkpt>
   <trkpt lon="-1.709411" lat="43.207273"><ele>121.5</ele></trkpt>
   <trkpt lon="-1.709330" lat="43.207329"><ele>122.5</ele></trkpt>
   <trkpt lon="-1.709112" lat="43.207521"><ele>124.0</ele></trkpt>
   <trkpt lon="-1.708832" lat="43.207900"><ele>126.0</ele></trkpt>
   <trkpt lon="-1.708779" lat="43.207899"><ele>128.25</ele></trkpt>
   <trkpt lon="-1.708456" lat="43.208654"><ele>123.0</ele></trkpt>
   <trkpt lon="-1.708302" lat="43.208931"><ele>121.0</ele></trkpt>
   <trkpt lon="-1.708070" lat="43.209236"><ele>118.0</ele></trkpt>
   <trkpt lon="-1.707803" lat="43.209899"><ele>118.0</ele></trkpt>
   <trkpt lon="-1.707695" lat="43.210058"><ele>118.0</ele></trkpt>
   <trkpt lon="-1.707468" lat="43.210274"><ele>116.0</ele></trkpt>
   <trkpt lon="-1.707338" lat="43.210343"><ele>117.75</ele></trkpt>
   <trkpt lon="-1.706628" lat="43.210613"><ele>119.5</ele></trkpt>
   <trkpt lon="-1.706592" lat="43.210634"><ele>120.0</ele></trkpt>
   <trkpt lon="-1.706579" lat="43.210676"><ele>119.0</ele></trkpt>
   <trkpt lon="-1.706615" lat="43.210772"><ele>115.5</ele></trkpt>
   <trkpt lon="-1.706619" lat="43.210900"><ele>117.0</ele></trkpt>
   <trkpt lon="-1.706578" lat="43.210950"><ele>118.0</ele></trkpt>
   <trkpt lon="-1.706510" lat="43.211049"><ele>119.5</ele></trkpt>
   <trkpt lon="-1.706393" lat="43.211141"><ele>118.0</ele></trkpt>
   <trkpt lon="-1.706223" lat="43.211318"><ele>121.5</ele></trkpt>
   <trkpt lon="-1.706031" lat="43.211485"><ele>119.75</ele></trkpt>
   <trkpt lon="-1.705691" lat="43.211748"><ele>120.5</ele></trkpt>
   <trkpt lon="-1.705313" lat="43.212029"><ele>123.5</ele></trkpt>
   <trkpt lon="-1.705110" lat="43.212167"><ele>124.25</ele></trkpt>
   <trkpt lon="-1.704955" lat="43.212231"><ele>121.0</ele></trkpt>
   <trkpt lon="-1.704837" lat="43.212262"><ele>121.75</ele></trkpt>
   <trkpt lon="-1.704407" lat="43.212335"><ele>120.0</ele></trkpt>
   <trkpt lon="-1.704214" lat="43.212395"><ele>117.5</ele></trkpt>
   <trkpt lon="-1.704124" lat="43.212443"><ele>117.0</ele></trkpt>
   <trkpt lon="-1.704041" lat="43.212536"><ele>115.5</ele></trkpt>
   <trkpt lon="-1.704025" lat="43.212612"><ele>114.5</ele></trkpt>
   <trkpt lon="-1.704044" lat="43.212683"><ele>114.5</ele></trkpt>
   <trkpt lon="-1.704171" lat="43.212817"><ele>116.25</ele></trkpt>
   <trkpt lon="-1.704284" lat="43.212968"><ele>119.25</ele></trkpt>
   <trkpt lon="-1.704304" lat="43.213084"><ele>119.75</ele></trkpt>
   <trkpt lon="-1.704272" lat="43.213171"><ele>123.0</ele></trkpt>
   <trkpt lon="-1.704209" lat="43.213235"><ele>120.0</ele></trkpt>
   <trkpt lon="-1.704106" lat="43.213313"><ele>116.5</ele></trkpt>
   <trkpt lon="-1.703887" lat="43.213416"><ele>117.0</ele></trkpt>
   <trkpt lon="-1.703783" lat="43.213481"><ele>115.75</ele></trkpt>
   <trkpt lon="-1.703749" lat="43.213566"><ele>117.25</ele></trkpt>
   <trkpt lon="-1.703744" lat="43.213652"><ele>117.75</ele></trkpt>
   <trkpt lon="-1.703782" lat="43.213772"><ele>116.75</ele></trkpt>
   <trkpt lon="-1.703973" lat="43.214069"><ele>120.75</ele></trkpt>
   <trkpt lon="-1.703982" lat="43.214176"><ele>120.25</ele></trkpt>
   <trkpt lon="-1.703863" lat="43.214457"><ele>122.25</ele></trkpt>
   <trkpt lon="-1.703708" lat="43.215357"><ele>124.75</ele></trkpt>
   <trkpt lon="-1.703711" lat="43.215578"><ele>125.5</ele></trkpt>
   <trkpt lon="-1.703720" lat="43.215652"><ele>123.0</ele></trkpt>
   <trkpt lon="-1.703790" lat="43.215737"><ele>123.25</ele></trkpt>
   <trkpt lon="-1.703946" lat="43.215884"><ele>125.25</ele></trkpt>
   <trkpt lon="-1.704056" lat="43.216031"><ele>127.25</ele></trkpt>
   <trkpt lon="-1.704065" lat="43.216231"><ele>125.75</ele></trkpt>
   <trkpt lon="-1.704010" lat="43.216398"><ele>123.5</ele></trkpt>
   <trkpt lon="-1.703882" lat="43.216558"><ele>123.75</ele></trkpt>
   <trkpt lon="-1.703580" lat="43.216845"><ele>121.0</ele></trkpt>
   <trkpt lon="-1.703525" lat="43.216985"><ele>122.25</ele></trkpt>
   <trkpt lon="-1.703470" lat="43.217232"><ele>124.0</ele></trkpt>
   <trkpt lon="-1.703424" lat="43.217378"><ele>120.75</ele></trkpt>
   <trkpt lon="-1.703405" lat="43.217410"><ele>120.25</ele></trkpt>
   <trkpt lon="-1.703401" lat="43.217414"><ele>120.0</ele></trkpt>
   <trkpt lon="-1.703332" lat="43.217470"><ele>119.75</ele></trkpt>
   <trkpt lon="-1.703271" lat="43.217497"><ele>120.25</ele></trkpt>
   <trkpt lon="-1.703184" lat="43.217492"><ele>121.0</ele></trkpt>
   <trkpt lon="-1.703108" lat="43.217458"><ele>121.25</ele></trkpt>
   <trkpt lon="-1.703029" lat="43.217395"><ele>122.5</ele></trkpt>
   <trkpt lon="-1.703004" lat="43.217293"><ele>123.0</ele></trkpt>
   <trkpt lon="-1.703001" lat="43.217174"><ele>122.25</ele></trkpt>
   <trkpt lon="-1.703012" lat="43.217071"><ele>121.75</ele></trkpt>
   <trkpt lon="-1.702957" lat="43.216972"><ele>123.25</ele></trkpt>
   <trkpt lon="-1.702865" lat="43.216913"><ele>122.5</ele></trkpt>
   <trkpt lon="-1.702742" lat="43.216864"><ele>121.0</ele></trkpt>
   <trkpt lon="-1.702587" lat="43.216838"><ele>122.5</ele></trkpt>
   <trkpt lon="-1.702447" lat="43.216831"><ele>123.75</ele></trkpt>
   <trkpt lon="-1.702306" lat="43.216848"><ele>124.5</ele></trkpt>
   <trkpt lon="-1.702188" lat="43.216898"><ele>127.0</ele></trkpt>
   <trkpt lon="-1.702087" lat="43.216978"><ele>127.75</ele></trkpt>
   <trkpt lon="-1.702016" lat="43.217062"><ele>128.5</ele></trkpt>
   <trkpt lon="-1.701789" lat="43.217424"><ele>129.5</ele></trkpt>
   <trkpt lon="-1.701756" lat="43.217657"><ele>133.75</ele></trkpt>
   <trkpt lon="-1.701696" lat="43.217737"><ele>134.25</ele></trkpt>
   <trkpt lon="-1.701575" lat="43.217772"><ele>134.75</ele></trkpt>
   <trkpt lon="-1.701368" lat="43.217785"><ele>135.5</ele></trkpt>
   <trkpt lon="-1.701088" lat="43.217771"><ele>136.75</ele></trkpt>
   <trkpt lon="-1.700906" lat="43.217746"><ele>138.75</ele></trkpt>
   <trkpt lon="-1.700714" lat="43.217626"><ele>139.25</ele></trkpt>
   <trkpt lon="-1.700561" lat="43.217507"><ele>139.0</ele></trkpt>
   <trkpt lon="-1.700449" lat="43.217332"><ele>140.0</ele></trkpt>
   <trkpt lon="-1.700382" lat="43.217150"><ele>138.75</ele></trkpt>
   <trkpt lon="-1.700228" lat="43.217029"><ele>142.0</ele></trkpt>
   <trkpt lon="-1.700163" lat="43.217031"><ele>141.75</ele></trkpt>
   <trkpt lon="-1.700137" lat="43.217032"><ele>141.5</ele></trkpt>
   <trkpt lon="-1.700026" lat="43.217094"><ele>142.75</ele></trkpt>
   <trkpt lon="-1.699954" lat="43.217172"><ele>142.5</ele></trkpt>
   <trkpt lon="-1.699789" lat="43.217405"><ele>144.5</ele></trkpt>
   <trkpt lon="-1.699509" lat="43.217691"><ele>145.25</ele></trkpt>
   <trkpt lon="-1.699437" lat="43.217811"><ele>147.0</ele></trkpt>
   <trkpt lon="-1.699365" lat="43.217977"><ele>145.5</ele></trkpt>
   <trkpt lon="-1.699251" lat="43.218583"><ele>151.75</ele></trkpt>
   <trkpt lon="-1.699160" lat="43.218803"><ele>152.5</ele></trkpt>
   <trkpt lon="-1.699105" lat="43.218890"><ele>153.5</ele></trkpt>
   <trkpt lon="-1.699028" lat="43.218946"><ele>154.75</ele></trkpt>
   <trkpt lon="-1.698913" lat="43.219002"><ele>155.75</ele></trkpt>
   <trkpt lon="-1.698217" lat="43.219189"><ele>157.5</ele></trkpt>
   <trkpt lon="-1.698068" lat="43.219210"><ele>158.0</ele></trkpt>
   <trkpt lon="-1.697885" lat="43.219211"><ele>158.75</ele></trkpt>
   <trkpt lon="-1.697558" lat="43.219175"><ele>157.75</ele></trkpt>
   <trkpt lon="-1.697417" lat="43.219189"><ele>157.75</ele></trkpt>
   <trkpt lon="-1.697324" lat="43.219237"><ele>158.0</ele></trkpt>
   <trkpt lon="-1.697050" lat="43.219614"><ele>162.25</ele></trkpt>
   <trkpt lon="-1.696943" lat="43.219754"><ele>163.25</ele></trkpt>
   <trkpt lon="-1.696903" lat="43.219860"><ele>162.0</ele></trkpt>
   <trkpt lon="-1.696897" lat="43.219936"><ele>162.0</ele></trkpt>
   <trkpt lon="-1.696931" lat="43.220030"><ele>164.0</ele></trkpt>
   <trkpt lon="-1.696991" lat="43.220106"><ele>164.25</ele></trkpt>
   <trkpt lon="-1.697113" lat="43.220171"><ele>165.5</ele></trkpt>
   <trkpt lon="-1.697317" lat="43.220214"><ele>167.5</ele></trkpt>
   <trkpt lon="-1.697558" lat="43.220237"><ele>169.0</ele></trkpt>
   <trkpt lon="-1.697625" lat="43.220271"><ele>168.0</ele></trkpt>
   <trkpt lon="-1.697654" lat="43.220322"><ele>168.75</ele></trkpt>
   <trkpt lon="-1.697665" lat="43.220388"><ele>170.0</ele></trkpt>
   <trkpt lon="-1.697620" lat="43.220454"><ele>171.0</ele></trkpt>
   <trkpt lon="-1.697491" lat="43.220514"><ele>171.75</ele></trkpt>
   <trkpt lon="-1.697226" lat="43.220585"><ele>171.5</ele></trkpt>
   <trkpt lon="-1.697024" lat="43.220632"><ele>172.75</ele></trkpt>
   <trkpt lon="-1.696878" lat="43.220635"><ele>173.5</ele></trkpt>
   <trkpt lon="-1.696420" lat="43.220581"><ele>175.75</ele></trkpt>
   <trkpt lon="-1.696291" lat="43.220599"><ele>176.0</ele></trkpt>
   <trkpt lon="-1.696188" lat="43.220638"><ele>176.25</ele></trkpt>
   <trkpt lon="-1.696122" lat="43.220703"><ele>176.75</ele></trkpt>
   <trkpt lon="-1.696102" lat="43.220746"><ele>176.75</ele></trkpt>
   <trkpt lon="-1.696073" lat="43.220856"><ele>177.0</ele></trkpt>
   <trkpt lon="-1.696094" lat="43.221510"><ele>179.5</ele></trkpt>
   <trkpt lon="-1.696134" lat="43.221686"><ele>180.75</ele></trkpt>
   <trkpt lon="-1.696402" lat="43.222236"><ele>182.5</ele></trkpt>
   <trkpt lon="-1.696398" lat="43.222371"><ele>182.75</ele></trkpt>
   <trkpt lon="-1.696258" lat="43.222530"><ele>181.25</ele></trkpt>
   <trkpt lon="-1.695967" lat="43.222776"><ele>182.75</ele></trkpt>
   <trkpt lon="-1.695743" lat="43.223063"><ele>184.5</ele></trkpt>
   <trkpt lon="-1.695479" lat="43.223360"><ele>185.75</ele></trkpt>
   <trkpt lon="-1.695278" lat="43.223465"><ele>184.25</ele></trkpt>
   <trkpt lon="-1.695073" lat="43.223502"><ele>182.0</ele></trkpt>
   <trkpt lon="-1.694831" lat="43.223526"><ele>182.0</ele></trkpt>
   <trkpt lon="-1.694793" lat="43.223526"><ele>182.0</ele></trkpt>
   <trkpt lon="-1.694758" lat="43.223535"><ele>182.5</ele></trkpt>
   <trkpt lon="-1.694728" lat="43.223551"><ele>183.25</ele></trkpt>
   <trkpt lon="-1.694706" lat="43.223573"><ele>183.75</ele></trkpt>
   <trkpt lon="-1.694696" lat="43.223600"><ele>184.5</ele></trkpt>
   <trkpt lon="-1.694697" lat="43.223627"><ele>184.75</ele></trkpt>
   <trkpt lon="-1.694709" lat="43.223653"><ele>185.0</ele></trkpt>
   <trkpt lon="-1.694688" lat="43.223828"><ele>183.75</ele></trkpt>
   <trkpt lon="-1.694666" lat="43.224101"><ele>183.25</ele></trkpt>
   <trkpt lon="-1.694640" lat="43.224154"><ele>182.75</ele></trkpt>
   <trkpt lon="-1.694594" lat="43.224200"><ele>182.25</ele></trkpt>
   <trkpt lon="-1.694510" lat="43.224235"><ele>181.5</ele></trkpt>
   <trkpt lon="-1.694431" lat="43.224246"><ele>180.75</ele></trkpt>
   <trkpt lon="-1.694337" lat="43.224209"><ele>180.25</ele></trkpt>
   <trkpt lon="-1.694243" lat="43.224220"><ele>180.5</ele></trkpt>
   <trkpt lon="-1.694030" lat="43.223945"><ele>175.75</ele></trkpt>
   <trkpt lon="-1.693923" lat="43.223899"><ele>175.0</ele></trkpt>
   <trkpt lon="-1.693791" lat="43.223881"><ele>173.75</ele></trkpt>
   <trkpt lon="-1.693656" lat="43.223908"><ele>173.75</ele></trkpt>
   <trkpt lon="-1.693554" lat="43.223968"><ele>173.75</ele></trkpt>
   <trkpt lon="-1.693285" lat="43.224144"><ele>169.25</ele></trkpt>
   <trkpt lon="-1.693100" lat="43.224468"><ele>167.5</ele></trkpt>
   <trkpt lon="-1.693150" lat="43.224524"><ele>170.5</ele></trkpt>
   <trkpt lon="-1.693146" lat="43.224691"><ele>169.75</ele></trkpt>
   <trkpt lon="-1.693083" lat="43.224811"><ele>169.5</ele></trkpt>
   <trkpt lon="-1.693039" lat="43.224832"><ele>168.75</ele></trkpt>
   <trkpt lon="-1.692994" lat="43.224854"><ele>168.75</ele></trkpt>
   <trkpt lon="-1.692849" lat="43.224886"><ele>167.75</ele></trkpt>
   <trkpt lon="-1.692644" lat="43.224877"><ele>166.5</ele></trkpt>
   <trkpt lon="-1.692012" lat="43.224724"><ele>160.25</ele></trkpt>
   <trkpt lon="-1.691880" lat="43.224711"><ele>158.75</ele></trkpt>
   <trkpt lon="-1.690987" lat="43.224924"><ele>157.0</ele></trkpt>
   <trkpt lon="-1.690804" lat="43.224957"><ele>155.25</ele></trkpt>
   <trkpt lon="-1.690568" lat="43.224972"><ele>152.75</ele></trkpt>
   <trkpt lon="-1.690500" lat="43.225007"><ele>152.25</ele></trkpt>
   <trkpt lon="-1.690456" lat="43.225078"><ele>152.75</ele></trkpt>
   <trkpt lon="-1.690396" lat="43.225153"><ele>152.25</ele></trkpt>
   <trkpt lon="-1.690373" lat="43.225283"><ele>154.0</ele></trkpt>
   <trkpt lon="-1.690391" lat="43.225479"><ele>155.25</ele></trkpt>
   <trkpt lon="-1.690382" lat="43.225571"><ele>155.75</ele></trkpt>
   <trkpt lon="-1.690327" lat="43.225660"><ele>158.5</ele></trkpt>
   <trkpt lon="-1.690218" lat="43.225718"><ele>156.5</ele></trkpt>
   <trkpt lon="-1.690030" lat="43.225756"><ele>147.25</ele></trkpt>
   <trkpt lon="-1.689923" lat="43.225829"><ele>146.75</ele></trkpt>
   <trkpt lon="-1.689872" lat="43.225914"><ele>148.25</ele></trkpt>
   <trkpt lon="-1.689780" lat="43.226004"><ele>148.0</ele></trkpt>
   <trkpt lon="-1.689632" lat="43.226065"><ele>146.75</ele></trkpt>
   <trkpt lon="-1.689524" lat="43.226089"><ele>146.5</ele></trkpt>
   <trkpt lon="-1.689391" lat="43.226090"><ele>144.25</ele></trkpt>
   <trkpt lon="-1.689109" lat="43.226171"><ele>142.5</ele></trkpt>
   <trkpt lon="-1.688963" lat="43.226252"><ele>141.25</ele></trkpt>
   <trkpt lon="-1.688862" lat="43.226319"><ele>139.75</ele></trkpt>
   <trkpt lon="-1.688771" lat="43.226419"><ele>140.5</ele></trkpt>
   <trkpt lon="-1.688634" lat="43.226632"><ele>138.75</ele></trkpt>
   <trkpt lon="-1.688581" lat="43.226688"><ele>138.75</ele></trkpt>
   <trkpt lon="-1.688496" lat="43.226732"><ele>141.0</ele></trkpt>
   <trkpt lon="-1.688387" lat="43.226735"><ele>140.75</ele></trkpt>
   <trkpt lon="-1.688277" lat="43.226699"><ele>139.5</ele></trkpt>
   <trkpt lon="-1.688011" lat="43.226492"><ele>136.0</ele></trkpt>
   <trkpt lon="-1.687727" lat="43.226172"><ele>133.25</ele></trkpt>
   <trkpt lon="-1.687382" lat="43.225979"><ele>129.25</ele></trkpt>
   <trkpt lon="-1.687288" lat="43.225997"><ele>132.25</ele></trkpt>
   <trkpt lon="-1.687208" lat="43.226003"><ele>134.0</ele></trkpt>
   <trkpt lon="-1.687041" lat="43.225999"><ele>133.75</ele></trkpt>
   <trkpt lon="-1.686965" lat="43.226011"><ele>134.25</ele></trkpt>
   <trkpt lon="-1.686899" lat="43.226037"><ele>134.25</ele></trkpt>
   <trkpt lon="-1.686679" lat="43.226160"><ele>133.75</ele></trkpt>
   <trkpt lon="-1.686483" lat="43.226230"><ele>134.75</ele></trkpt>
   <trkpt lon="-1.686232" lat="43.226297"><ele>135.5</ele></trkpt>
   <trkpt lon="-1.686189" lat="43.226319"><ele>136.0</ele></trkpt>
   <trkpt lon="-1.686158" lat="43.226356"><ele>137.25</ele></trkpt>
   <trkpt lon="-1.686142" lat="43.226407"><ele>138.25</ele></trkpt>
   <trkpt lon="-1.686151" lat="43.226457"><ele>138.0</ele></trkpt>
   <trkpt lon="-1.686178" lat="43.226528"><ele>138.25</ele></trkpt>
   <trkpt lon="-1.686291" lat="43.226627"><ele>142.25</ele></trkpt>
   <trkpt lon="-1.686570" lat="43.226921"><ele>152.0</ele></trkpt>
   <trkpt lon="-1.686593" lat="43.226970"><ele>153.5</ele></trkpt>
   <trkpt lon="-1.686599" lat="43.227041"><ele>154.75</ele></trkpt>
   <trkpt lon="-1.686567" lat="43.227135"><ele>155.75</ele></trkpt>
   <trkpt lon="-1.686528" lat="43.227196"><ele>156.25</ele></trkpt>
   <trkpt lon="-1.686496" lat="43.227220"><ele>156.25</ele></trkpt>
   <trkpt lon="-1.686395" lat="43.227258"><ele>156.25</ele></trkpt>
   <trkpt lon="-1.686369" lat="43.227275"><ele>156.5</ele></trkpt>
   <trkpt lon="-1.686354" lat="43.227308"><ele>157.5</ele></trkpt>
   <trkpt lon="-1.686369" lat="43.227337"><ele>158.75</ele></trkpt>
   <trkpt lon="-1.686218" lat="43.227328"><ele>156.25</ele></trkpt>
   <trkpt lon="-1.686084" lat="43.227374"><ele>155.75</ele></trkpt>
   <trkpt lon="-1.685752" lat="43.227456"><ele>154.0</ele></trkpt>
   <trkpt lon="-1.685569" lat="43.227459"><ele>152.75</ele></trkpt>
   <trkpt lon="-1.685248" lat="43.227372"><ele>149.5</ele></trkpt>
   <trkpt lon="-1.685040" lat="43.227346"><ele>147.5</ele></trkpt>
   <trkpt lon="-1.684786" lat="43.227328"><ele>144.0</ele></trkpt>
   <trkpt lon="-1.684450" lat="43.227318"><ele>137.5</ele></trkpt>
   <trkpt lon="-1.684302" lat="43.227279"><ele>132.25</ele></trkpt>
   <trkpt lon="-1.684143" lat="43.227292"><ele>129.75</ele></trkpt>
   <trkpt lon="-1.683960" lat="43.227328"><ele>125.75</ele></trkpt>
   <trkpt lon="-1.683833" lat="43.227377"><ele>123.25</ele></trkpt>
   <trkpt lon="-1.683769" lat="43.227438"><ele>122.25</ele></trkpt>
   <trkpt lon="-1.683692" lat="43.227577"><ele>121.25</ele></trkpt>
   <trkpt lon="-1.683589" lat="43.227739"><ele>117.75</ele></trkpt>
   <trkpt lon="-1.683508" lat="43.227917"><ele>115.25</ele></trkpt>
   <trkpt lon="-1.683378" lat="43.228274"><ele>112.0</ele></trkpt>
   <trkpt lon="-1.683261" lat="43.228395"><ele>109.25</ele></trkpt>
   <trkpt lon="-1.683117" lat="43.228487"><ele>107.75</ele></trkpt>
   <trkpt lon="-1.682954" lat="43.228606"><ele>107.0</ele></trkpt>
   <trkpt lon="-1.682764" lat="43.228716"><ele>103.75</ele></trkpt>
   <trkpt lon="-1.682594" lat="43.228791"><ele>101.75</ele></trkpt>
   <trkpt lon="-1.682418" lat="43.228827"><ele>97.75</ele></trkpt>
   <trkpt lon="-1.682245" lat="43.228891"><ele>95.75</ele></trkpt>
   <trkpt lon="-1.682121" lat="43.228984"><ele>94.25</ele></trkpt>
   <trkpt lon="-1.681991" lat="43.229107"><ele>91.25</ele></trkpt>
   <trkpt lon="-1.681927" lat="43.229218"><ele>89.75</ele></trkpt>
   <trkpt lon="-1.681811" lat="43.229385"><ele>87.5</ele></trkpt>
   <trkpt lon="-1.681691" lat="43.229369"><ele>84.5</ele></trkpt>
   <trkpt lon="-1.681526" lat="43.229269"><ele>80.75</ele></trkpt>
   <trkpt lon="-1.681483" lat="43.229314"><ele>80.25</ele></trkpt>
   <trkpt lon="-1.681338" lat="43.229381"><ele>79.25</ele></trkpt>
   <trkpt lon="-1.681144" lat="43.229441"><ele>78.25</ele></trkpt>
   <trkpt lon="-1.681101" lat="43.229454"><ele>78.0</ele></trkpt>
   <trkpt lon="-1.680949" lat="43.229478"><ele>77.25</ele></trkpt>
   <trkpt lon="-1.680840" lat="43.229494"><ele>76.75</ele></trkpt>
   <trkpt lon="-1.680811" lat="43.229499"><ele>76.75</ele></trkpt>
   <trkpt lon="-1.680751" lat="43.229508"><ele>76.75</ele></trkpt>
   <trkpt lon="-1.680642" lat="43.229512"><ele>76.5</ele></trkpt>
   <trkpt lon="-1.680577" lat="43.229494"><ele>76.0</ele></trkpt>
   <trkpt lon="-1.680516" lat="43.229458"><ele>75.25</ele></trkpt>
   <trkpt lon="-1.680473" lat="43.229401"><ele>74.75</ele></trkpt>
   <trkpt lon="-1.680458" lat="43.229340"><ele>74.25</ele></trkpt>
   <trkpt lon="-1.680461" lat="43.229095"><ele>71.25</ele></trkpt>
   <trkpt lon="-1.680437" lat="43.229031"><ele>70.5</ele></trkpt>
   <trkpt lon="-1.680379" lat="43.228950"><ele>70.25</ele></trkpt>
   <trkpt lon="-1.680169" lat="43.228745"><ele>67.5</ele></trkpt>
   <trkpt lon="-1.680045" lat="43.228622"><ele>66.25</ele></trkpt>
   <trkpt lon="-1.679956" lat="43.228546"><ele>65.25</ele></trkpt>
   <trkpt lon="-1.679830" lat="43.228465"><ele>63.5</ele></trkpt>
   <trkpt lon="-1.679682" lat="43.228396"><ele>63.0</ele></trkpt>
   <trkpt lon="-1.679623" lat="43.228377"><ele>63.25</ele></trkpt>
   <trkpt lon="-1.679281" lat="43.228273"><ele>62.0</ele></trkpt>
   <trkpt lon="-1.679220" lat="43.228259"><ele>61.75</ele></trkpt>
   <trkpt lon="-1.679235" lat="43.228173"><ele>61.0</ele></trkpt>
   <trkpt lon="-1.679237" lat="43.227961"><ele>61.75</ele></trkpt>
   <trkpt lon="-1.679234" lat="43.227879"><ele>63.0</ele></trkpt>
   <trkpt lon="-1.679224" lat="43.227815"><ele>63.75</ele></trkpt>
   <trkpt lon="-1.679190" lat="43.227821"><ele>63.0</ele></trkpt>
   <trkpt lon="-1.678987" lat="43.227470"><ele>64.5</ele></trkpt>
   <trkpt lon="-1.678867" lat="43.227303"><ele>63.0</ele></trkpt>
   <trkpt lon="-1.678778" lat="43.227214"><ele>62.75</ele></trkpt>
   <trkpt lon="-1.678618" lat="43.227088"><ele>62.0</ele></trkpt>
   <trkpt lon="-1.678330" lat="43.226886"><ele>62.25</ele></trkpt>
   <trkpt lon="-1.677187" lat="43.226034"><ele>61.0</ele></trkpt>
   <trkpt lon="-1.677019" lat="43.225948"><ele>60.75</ele></trkpt>
   <trkpt lon="-1.676973" lat="43.225917"><ele>61.25</ele></trkpt>
   <trkpt lon="-1.676705" lat="43.225659"><ele>61.5</ele></trkpt>
   <trkpt lon="-1.676603" lat="43.225551"><ele>62.25</ele></trkpt>
   <trkpt lon="-1.676467" lat="43.225433"><ele>60.5</ele></trkpt>
   <trkpt lon="-1.676383" lat="43.225322"><ele>61.75</ele></trkpt>
   <trkpt lon="-1.676302" lat="43.225176"><ele>61.25</ele></trkpt>
   <trkpt lon="-1.676190" lat="43.224846"><ele>61.0</ele></trkpt>
   <trkpt lon="-1.676108" lat="43.224589"><ele>61.75</ele></trkpt>
   <trkpt lon="-1.676073" lat="43.224357"><ele>62.5</ele></trkpt>
   <trkpt lon="-1.676024" lat="43.224136"><ele>62.0</ele></trkpt>
   <trkpt lon="-1.676010" lat="43.223819"><ele>62.5</ele></trkpt>
   <trkpt lon="-1.676043" lat="43.223543"><ele>64.25</ele></trkpt>
   <trkpt lon="-1.676144" lat="43.223099"><ele>65.0</ele></trkpt>
   <trkpt lon="-1.676188" lat="43.222753"><ele>65.25</ele></trkpt>
   <trkpt lon="-1.676366" lat="43.222327"><ele>64.75</ele></trkpt>
   <trkpt lon="-1.676438" lat="43.222209"><ele>64.25</ele></trkpt>
   <trkpt lon="-1.676576" lat="43.222053"><ele>63.75</ele></trkpt>
   <trkpt lon="-1.676849" lat="43.221832"><ele>63.0</ele></trkpt>
   <trkpt lon="-1.677169" lat="43.221669"><ele>63.5</ele></trkpt>
   <trkpt lon="-1.677407" lat="43.221584"><ele>64.25</ele></trkpt>
   <trkpt lon="-1.679225" lat="43.221123"><ele>65.25</ele></trkpt>
   <trkpt lon="-1.679396" lat="43.221072"><ele>64.5</ele></trkpt>
   <trkpt lon="-1.679594" lat="43.220999"><ele>65.75</ele></trkpt>
   <trkpt lon="-1.679937" lat="43.220804"><ele>66.75</ele></trkpt>
   <trkpt lon="-1.680155" lat="43.220577"><ele>68.75</ele></trkpt>
   <trkpt lon="-1.680289" lat="43.220339"><ele>68.0</ele></trkpt>
   <trkpt lon="-1.680381" lat="43.220075"><ele>69.75</ele></trkpt>
   <trkpt lon="-1.680393" lat="43.219805"><ele>70.25</ele></trkpt>
   <trkpt lon="-1.680380" lat="43.219686"><ele>70.25</ele></trkpt>
   <trkpt lon="-1.679950" lat="43.218298"><ele>68.0</ele></trkpt>
   <trkpt lon="-1.679841" lat="43.218093"><ele>68.25</ele></trkpt>
   <trkpt lon="-1.679689" lat="43.217905"><ele>70.25</ele></trkpt>
   <trkpt lon="-1.679609" lat="43.217833"><ele>70.75</ele></trkpt>
   <trkpt lon="-1.679448" lat="43.217727"><ele>69.5</ele></trkpt>
   <trkpt lon="-1.679169" lat="43.217577"><ele>69.75</ele></trkpt>
   <trkpt lon="-1.678942" lat="43.217494"><ele>68.75</ele></trkpt>
   <trkpt lon="-1.677673" lat="43.217254"><ele>69.5</ele></trkpt>
   <trkpt lon="-1.676725" lat="43.217200"><ele>68.5</ele></trkpt>
   <trkpt lon="-1.676146" lat="43.217200"><ele>68.0</ele></trkpt>
   <trkpt lon="-1.675821" lat="43.217219"><ele>69.25</ele></trkpt>
   <trkpt lon="-1.675491" lat="43.217276"><ele>69.25</ele></trkpt>
   <trkpt lon="-1.674829" lat="43.217401"><ele>69.0</ele></trkpt>
   <trkpt lon="-1.673599" lat="43.217661"><ele>68.75</ele></trkpt>
   <trkpt lon="-1.672598" lat="43.217841"><ele>68.0</ele></trkpt>
   <trkpt lon="-1.672408" lat="43.217847"><ele>67.5</ele></trkpt>
   <trkpt lon="-1.672100" lat="43.217716"><ele>68.5</ele></trkpt>
   <trkpt lon="-1.671871" lat="43.217594"><ele>68.25</ele></trkpt>
   <trkpt lon="-1.671691" lat="43.217490"><ele>68.25</ele></trkpt>
   <trkpt lon="-1.671524" lat="43.217347"><ele>67.75</ele></trkpt>
   <trkpt lon="-1.671366" lat="43.217147"><ele>67.75</ele></trkpt>
   <trkpt lon="-1.671248" lat="43.216910"><ele>66.5</ele></trkpt>
   <trkpt lon="-1.671232" lat="43.216519"><ele>69.5</ele></trkpt>
   <trkpt lon="-1.671163" lat="43.216042"><ele>70.5</ele></trkpt>
   <trkpt lon="-1.671120" lat="43.215551"><ele>71.25</ele></trkpt>
   <trkpt lon="-1.671161" lat="43.215332"><ele>72.0</ele></trkpt>
   <trkpt lon="-1.671217" lat="43.215153"><ele>73.0</ele></trkpt>
   <trkpt lon="-1.671318" lat="43.214931"><ele>73.75</ele></trkpt>
   <trkpt lon="-1.671490" lat="43.214634"><ele>74.0</ele></trkpt>
   <trkpt lon="-1.671800" lat="43.214135"><ele>74.25</ele></trkpt>
   <trkpt lon="-1.671858" lat="43.214077"><ele>74.75</ele></trkpt>
   <trkpt lon="-1.672111" lat="43.213858"><ele>77.0</ele></trkpt>
   <trkpt lon="-1.672126" lat="43.213764"><ele>75.0</ele></trkpt>
   <trkpt lon="-1.672705" lat="43.212798"><ele>77.0</ele></trkpt>
   <trkpt lon="-1.672743" lat="43.212618"><ele>76.25</ele></trkpt>
   <trkpt lon="-1.672753" lat="43.212369"><ele>76.5</ele></trkpt>
   <trkpt lon="-1.672674" lat="43.212053"><ele>78.0</ele></trkpt>
   <trkpt lon="-1.672502" lat="43.211791"><ele>73.25</ele></trkpt>
   <trkpt lon="-1.672379" lat="43.211630"><ele>75.0</ele></trkpt>
   <trkpt lon="-1.672175" lat="43.211492"><ele>76.75</ele></trkpt>
   <trkpt lon="-1.672080" lat="43.211446"><ele>76.0</ele></trkpt>
   <trkpt lon="-1.671371" lat="43.211154"><ele>73.75</ele></trkpt>
   <trkpt lon="-1.670692" lat="43.210854"><ele>75.0</ele></trkpt>
   <trkpt lon="-1.669988" lat="43.210531"><ele>73.25</ele></trkpt>
   <trkpt lon="-1.669201" lat="43.210145"><ele>75.75</ele></trkpt>
   <trkpt lon="-1.668704" lat="43.209913"><ele>73.75</ele></trkpt>
   <trkpt lon="-1.668409" lat="43.209816"><ele>75.0</ele></trkpt>
   <trkpt lon="-1.667787" lat="43.209700"><ele>73.5</ele></trkpt>
   <trkpt lon="-1.666967" lat="43.209567"><ele>76.0</ele></trkpt>
   <trkpt lon="-1.666265" lat="43.209441"><ele>76.0</ele></trkpt>
   <trkpt lon="-1.665870" lat="43.209355"><ele>76.5</ele></trkpt>
   <trkpt lon="-1.665638" lat="43.209288"><ele>77.0</ele></trkpt>
   <trkpt lon="-1.664993" lat="43.209017"><ele>75.75</ele></trkpt>
   <trkpt lon="-1.664387" lat="43.208667"><ele>75.75</ele></trkpt>
   <trkpt lon="-1.664093" lat="43.208487"><ele>75.0</ele></trkpt>
   <trkpt lon="-1.663807" lat="43.208277"><ele>75.5</ele></trkpt>
   <trkpt lon="-1.663415" lat="43.207937"><ele>78.25</ele></trkpt>
   <trkpt lon="-1.663064" lat="43.207609"><ele>77.0</ele></trkpt>
   <trkpt lon="-1.662846" lat="43.207361"><ele>76.0</ele></trkpt>
   <trkpt lon="-1.662542" lat="43.206687"><ele>77.25</ele></trkpt>
   <trkpt lon="-1.662367" lat="43.206232"><ele>77.0</ele></trkpt>
   <trkpt lon="-1.662213" lat="43.205755"><ele>75.0</ele></trkpt>
   <trkpt lon="-1.662203" lat="43.205648"><ele>75.25</ele></trkpt>
   <trkpt lon="-1.662166" lat="43.205305"><ele>75.0</ele></trkpt>
   <trkpt lon="-1.662283" lat="43.205003"><ele>75.5</ele></trkpt>
   <trkpt lon="-1.662521" lat="43.204713"><ele>75.0</ele></trkpt>
   <trkpt lon="-1.662941" lat="43.204437"><ele>75.5</ele></trkpt>
   <trkpt lon="-1.663142" lat="43.204349"><ele>75.5</ele></trkpt>
   <trkpt lon="-1.663555" lat="43.204190"><ele>76.0</ele></trkpt>
   <trkpt lon="-1.664847" lat="43.203773"><ele>77.0</ele></trkpt>
   <trkpt lon="-1.665836" lat="43.203557"><ele>76.25</ele></trkpt>
   <trkpt lon="-1.666929" lat="43.203357"><ele>79.25</ele></trkpt>
   <trkpt lon="-1.667428" lat="43.203260"><ele>79.75</ele></trkpt>
   <trkpt lon="-1.667851" lat="43.203195"><ele>79.0</ele></trkpt>
   <trkpt lon="-1.668705" lat="43.203120"><ele>78.0</ele></trkpt>
   <trkpt lon="-1.669305" lat="43.203058"><ele>78.5</ele></trkpt>
   <trkpt lon="-1.670335" lat="43.202964"><ele>80.25</ele></trkpt>
   <trkpt lon="-1.670885" lat="43.202926"><ele>82.25</ele></trkpt>
   <trkpt lon="-1.671371" lat="43.202837"><ele>84.25</ele></trkpt>
   <trkpt lon="-1.671720" lat="43.202714"><ele>79.25</ele></trkpt>
   <trkpt lon="-1.672141" lat="43.202469"><ele>77.5</ele></trkpt>
   <trkpt lon="-1.672374" lat="43.202350"><ele>79.5</ele></trkpt>
   <trkpt lon="-1.672817" lat="43.202103"><ele>81.0</ele></trkpt>
   <trkpt lon="-1.673062" lat="43.201927"><ele>80.75</ele></trkpt>
   <trkpt lon="-1.673282" lat="43.201692"><ele>80.0</ele></trkpt>
   <trkpt lon="-1.673465" lat="43.201435"><ele>79.5</ele></trkpt>
   <trkpt lon="-1.673627" lat="43.201141"><ele>81.0</ele></trkpt>
   <trkpt lon="-1.673787" lat="43.200771"><ele>82.25</ele></trkpt>
   <trkpt lon="-1.673836" lat="43.200458"><ele>81.75</ele></trkpt>
   <trkpt lon="-1.673698" lat="43.200120"><ele>81.75</ele></trkpt>
   <trkpt lon="-1.673533" lat="43.199876"><ele>83.5</ele></trkpt>
   <trkpt lon="-1.673323" lat="43.199706"><ele>82.75</ele></trkpt>
   <trkpt lon="-1.673001" lat="43.199525"><ele>85.25</ele></trkpt>
   <trkpt lon="-1.672907" lat="43.199464"><ele>85.25</ele></trkpt>
   <trkpt lon="-1.672807" lat="43.199394"><ele>85.25</ele></trkpt>
   <trkpt lon="-1.672231" lat="43.198183"><ele>86.75</ele></trkpt>
   <trkpt lon="-1.672010" lat="43.197598"><ele>87.5</ele></trkpt>
   <trkpt lon="-1.672239" lat="43.196989"><ele>87.5</ele></trkpt>
   <trkpt lon="-1.672244" lat="43.196492"><ele>86.0</ele></trkpt>
   <trkpt lon="-1.672029" lat="43.196128"><ele>88.0</ele></trkpt>
   <trkpt lon="-1.671721" lat="43.195791"><ele>86.25</ele></trkpt>
   <trkpt lon="-1.671436" lat="43.195525"><ele>87.75</ele></trkpt>
   <trkpt lon="-1.671189" lat="43.195370"><ele>87.25</ele></trkpt>
   <trkpt lon="-1.670782" lat="43.195135"><ele>87.5</ele></trkpt>
   <trkpt lon="-1.670394" lat="43.194936"><ele>85.25</ele></trkpt>
   <trkpt lon="-1.669965" lat="43.194759"><ele>87.5</ele></trkpt>
   <trkpt lon="-1.669737" lat="43.194711"><ele>87.75</ele></trkpt>
   <trkpt lon="-1.669302" lat="43.194703"><ele>87.75</ele></trkpt>
   <trkpt lon="-1.668698" lat="43.194702"><ele>88.75</ele></trkpt>
   <trkpt lon="-1.668350" lat="43.194716"><ele>88.25</ele></trkpt>
   <trkpt lon="-1.667991" lat="43.194718"><ele>88.0</ele></trkpt>
   <trkpt lon="-1.667033" lat="43.194756"><ele>88.25</ele></trkpt>
   <trkpt lon="-1.666749" lat="43.194719"><ele>89.0</ele></trkpt>
   <trkpt lon="-1.666599" lat="43.194686"><ele>89.75</ele></trkpt>
   <trkpt lon="-1.666364" lat="43.194591"><ele>91.5</ele></trkpt>
   <trkpt lon="-1.666196" lat="43.194555"><ele>92.25</ele></trkpt>
   <trkpt lon="-1.665860" lat="43.194508"><ele>91.25</ele></trkpt>
   <trkpt lon="-1.665582" lat="43.194430"><ele>89.5</ele></trkpt>
   <trkpt lon="-1.665496" lat="43.194369"><ele>88.5</ele></trkpt>
   <trkpt lon="-1.665511" lat="43.194200"><ele>90.75</ele></trkpt>
   <trkpt lon="-1.665690" lat="43.193323"><ele>90.5</ele></trkpt>
   <trkpt lon="-1.666206" lat="43.192468"><ele>93.0</ele></trkpt>
   <trkpt lon="-1.666349" lat="43.192159"><ele>92.0</ele></trkpt>
   <trkpt lon="-1.666483" lat="43.191813"><ele>93.75</ele></trkpt>
   <trkpt lon="-1.666582" lat="43.191621"><ele>93.5</ele></trkpt>
   <trkpt lon="-1.666687" lat="43.191378"><ele>93.25</ele></trkpt>
   <trkpt lon="-1.666798" lat="43.190952"><ele>93.75</ele></trkpt>
   <trkpt lon="-1.666837" lat="43.190851"><ele>93.5</ele></trkpt>
   <trkpt lon="-1.666900" lat="43.190765"><ele>94.0</ele></trkpt>
   <trkpt lon="-1.667042" lat="43.190631"><ele>95.25</ele></trkpt>
   <trkpt lon="-1.667265" lat="43.190496"><ele>96.25</ele></trkpt>
   <trkpt lon="-1.667437" lat="43.190380"><ele>95.75</ele></trkpt>
   <trkpt lon="-1.667670" lat="43.190288"><ele>93.75</ele></trkpt>
   <trkpt lon="-1.667738" lat="43.190266"><ele>93.25</ele></trkpt>
   <trkpt lon="-1.667947" lat="43.190240"><ele>93.5</ele></trkpt>
   <trkpt lon="-1.668068" lat="43.190239"><ele>94.25</ele></trkpt>
   <trkpt lon="-1.668390" lat="43.190238"><ele>93.75</ele></trkpt>
   <trkpt lon="-1.670673" lat="43.190371"><ele>93.25</ele></trkpt>
   <trkpt lon="-1.671146" lat="43.190394"><ele>95.5</ele></trkpt>
   <trkpt lon="-1.671830" lat="43.190439"><ele>103.5</ele></trkpt>
   <trkpt lon="-1.672324" lat="43.190431"><ele>101.75</ele></trkpt>
   <trkpt lon="-1.672513" lat="43.190404"><ele>101.0</ele></trkpt>
   <trkpt lon="-1.672793" lat="43.190345"><ele>98.0</ele></trkpt>
   <trkpt lon="-1.673616" lat="43.190131"><ele>98.25</ele></trkpt>
   <trkpt lon="-1.674619" lat="43.189857"><ele>92.5</ele></trkpt>
   <trkpt lon="-1.674910" lat="43.189762"><ele>93.0</ele></trkpt>
   <trkpt lon="-1.675162" lat="43.189654"><ele>93.0</ele></trkpt>
   <trkpt lon="-1.675334" lat="43.189526"><ele>92.5</ele></trkpt>
   <trkpt lon="-1.675521" lat="43.189370"><ele>92.25</ele></trkpt>
   <trkpt lon="-1.675693" lat="43.189145"><ele>93.0</ele></trkpt>
   <trkpt lon="-1.675800" lat="43.188895"><ele>92.0</ele></trkpt>
   <trkpt lon="-1.675841" lat="43.188741"><ele>93.0</ele></trkpt>
   <trkpt lon="-1.675852" lat="43.188604"><ele>93.0</ele></trkpt>
   <trkpt lon="-1.675815" lat="43.188434"><ele>93.0</ele></trkpt>
   <trkpt lon="-1.675781" lat="43.188339"><ele>92.5</ele></trkpt>
   <trkpt lon="-1.675722" lat="43.188212"><ele>95.75</ele></trkpt>
   <trkpt lon="-1.675603" lat="43.187998"><ele>97.75</ele></trkpt>
   <trkpt lon="-1.675361" lat="43.187756"><ele>98.75</ele></trkpt>
   <trkpt lon="-1.675175" lat="43.187628"><ele>101.5</ele></trkpt>
   <trkpt lon="-1.674864" lat="43.187518"><ele>97.0</ele></trkpt>
   <trkpt lon="-1.674434" lat="43.187365"><ele>97.25</ele></trkpt>
   <trkpt lon="-1.672460" lat="43.186683"><ele>95.5</ele></trkpt>
   <trkpt lon="-1.671659" lat="43.186410"><ele>94.75</ele></trkpt>
   <trkpt lon="-1.670776" lat="43.186099"><ele>95.0</ele></trkpt>
   <trkpt lon="-1.670543" lat="43.185984"><ele>95.25</ele></trkpt>
   <trkpt lon="-1.670412" lat="43.185897"><ele>96.0</ele></trkpt>
   <trkpt lon="-1.670342" lat="43.185852"><ele>96.5</ele></trkpt>
   <trkpt lon="-1.670242" lat="43.185768"><ele>97.25</ele></trkpt>
   <trkpt lon="-1.670046" lat="43.185577"><ele>97.25</ele></trkpt>
   <trkpt lon="-1.669934" lat="43.185408"><ele>95.5</ele></trkpt>
   <trkpt lon="-1.669851" lat="43.185190"><ele>94.75</ele></trkpt>
   <trkpt lon="-1.669822" lat="43.184938"><ele>94.5</ele></trkpt>
   <trkpt lon="-1.669852" lat="43.184669"><ele>94.5</ele></trkpt>
   <trkpt lon="-1.670154" lat="43.183617"><ele>96.25</ele></trkpt>
   <trkpt lon="-1.670218" lat="43.183350"><ele>95.75</ele></trkpt>
   <trkpt lon="-1.670676" lat="43.181715"><ele>99.0</ele></trkpt>
   <trkpt lon="-1.670848" lat="43.180964"><ele>98.25</ele></trkpt>
   <trkpt lon="-1.670848" lat="43.180815"><ele>97.25</ele></trkpt>
   <trkpt lon="-1.670801" lat="43.180551"><ele>95.0</ele></trkpt>
   <trkpt lon="-1.670769" lat="43.180279"><ele>96.5</ele></trkpt>
   <trkpt lon="-1.670715" lat="43.180034"><ele>99.75</ele></trkpt>
   <trkpt lon="-1.670691" lat="43.179977"><ele>99.75</ele></trkpt>
   <trkpt lon="-1.670659" lat="43.179935"><ele>99.0</ele></trkpt>
   <trkpt lon="-1.670533" lat="43.179816"><ele>96.75</ele></trkpt>
   <trkpt lon="-1.670112" lat="43.179545"><ele>97.25</ele></trkpt>
   <trkpt lon="-1.669792" lat="43.179325"><ele>94.25</ele></trkpt>
   <trkpt lon="-1.668808" lat="43.178626"><ele>95.5</ele></trkpt>
   <trkpt lon="-1.667618" lat="43.177755"><ele>96.75</ele></trkpt>
   <trkpt lon="-1.667474" lat="43.177624"><ele>96.75</ele></trkpt>
   <trkpt lon="-1.667421" lat="43.177560"><ele>97.0</ele></trkpt>
   <trkpt lon="-1.667357" lat="43.177464"><ele>97.0</ele></trkpt>
   <trkpt lon="-1.667282" lat="43.177323"><ele>97.5</ele></trkpt>
   <trkpt lon="-1.667239" lat="43.177148"><ele>98.25</ele></trkpt>
   <trkpt lon="-1.667226" lat="43.177041"><ele>98.5</ele></trkpt>
   <trkpt lon="-1.667240" lat="43.176866"><ele>99.0</ele></trkpt>
   <trkpt lon="-1.667280" lat="43.176733"><ele>100.0</ele></trkpt>
   <trkpt lon="-1.667377" lat="43.176540"><ele>101.0</ele></trkpt>
   <trkpt lon="-1.667507" lat="43.176389"><ele>100.0</ele></trkpt>
   <trkpt lon="-1.667665" lat="43.176251"><ele>100.5</ele></trkpt>
   <trkpt lon="-1.667815" lat="43.176168"><ele>100.5</ele></trkpt>
   <trkpt lon="-1.667981" lat="43.176086"><ele>100.0</ele></trkpt>
   <trkpt lon="-1.668197" lat="43.176015"><ele>101.75</ele></trkpt>
   <trkpt lon="-1.668315" lat="43.175978"><ele>102.25</ele></trkpt>
   <trkpt lon="-1.668517" lat="43.175944"><ele>103.5</ele></trkpt>
   <trkpt lon="-1.668795" lat="43.175942"><ele>104.5</ele></trkpt>
   <trkpt lon="-1.669123" lat="43.175989"><ele>102.75</ele></trkpt>
   <trkpt lon="-1.670713" lat="43.176244"><ele>99.75</ele></trkpt>
   <trkpt lon="-1.671428" lat="43.176320"><ele>102.5</ele></trkpt>
   <trkpt lon="-1.672193" lat="43.176380"><ele>99.75</ele></trkpt>
   <trkpt lon="-1.672892" lat="43.176403"><ele>99.75</ele></trkpt>
   <trkpt lon="-1.673498" lat="43.176350"><ele>100.75</ele></trkpt>
   <trkpt lon="-1.674600" lat="43.176237"><ele>105.0</ele></trkpt>
   <trkpt lon="-1.675160" lat="43.176187"><ele>101.75</ele></trkpt>
   <trkpt lon="-1.675396" lat="43.176117"><ele>99.5</ele></trkpt>
   <trkpt lon="-1.675542" lat="43.176058"><ele>99.0</ele></trkpt>
   <trkpt lon="-1.675677" lat="43.176014"><ele>100.25</ele></trkpt>
   <trkpt lon="-1.675747" lat="43.175977"><ele>100.75</ele></trkpt>
   <trkpt lon="-1.675960" lat="43.175848"><ele>104.5</ele></trkpt>
   <trkpt lon="-1.676168" lat="43.175699"><ele>104.75</ele></trkpt>
   <trkpt lon="-1.676697" lat="43.175294"><ele>104.25</ele></trkpt>
   <trkpt lon="-1.677134" lat="43.174922"><ele>107.75</ele></trkpt>
   <trkpt lon="-1.677307" lat="43.174729"><ele>107.25</ele></trkpt>
   <trkpt lon="-1.677378" lat="43.174526"><ele>107.5</ele></trkpt>
   <trkpt lon="-1.677443" lat="43.173807"><ele>106.75</ele></trkpt>
   <trkpt lon="-1.677437" lat="43.173509"><ele>107.75</ele></trkpt>
   <trkpt lon="-1.677414" lat="43.173404"><ele>107.75</ele></trkpt>
   <trkpt lon="-1.677371" lat="43.173294"><ele>108.0</ele></trkpt>
   <trkpt lon="-1.677313" lat="43.173142"><ele>107.5</ele></trkpt>
   <trkpt lon="-1.677187" lat="43.172773"><ele>106.25</ele></trkpt>
   <trkpt lon="-1.676846" lat="43.171848"><ele>104.75</ele></trkpt>
   <trkpt lon="-1.676495" lat="43.170908"><ele>104.75</ele></trkpt>
   <trkpt lon="-1.676340" lat="43.170493"><ele>105.0</ele></trkpt>
   <trkpt lon="-1.676280" lat="43.170288"><ele>105.75</ele></trkpt>
   <trkpt lon="-1.676266" lat="43.170094"><ele>105.5</ele></trkpt>
   <trkpt lon="-1.676351" lat="43.169694"><ele>107.0</ele></trkpt>
   <trkpt lon="-1.676657" lat="43.168890"><ele>106.5</ele></trkpt>
   <trkpt lon="-1.676696" lat="43.168730"><ele>106.5</ele></trkpt>
   <trkpt lon="-1.676676" lat="43.168552"><ele>105.25</ele></trkpt>
   <trkpt lon="-1.676640" lat="43.168426"><ele>104.75</ele></trkpt>
   <trkpt lon="-1.676509" lat="43.168147"><ele>104.75</ele></trkpt>
   <trkpt lon="-1.676350" lat="43.167928"><ele>104.25</ele></trkpt>
   <trkpt lon="-1.676151" lat="43.167778"><ele>105.5</ele></trkpt>
   <trkpt lon="-1.675806" lat="43.167597"><ele>103.75</ele></trkpt>
   <trkpt lon="-1.675153" lat="43.167301"><ele>105.25</ele></trkpt>
   <trkpt lon="-1.675021" lat="43.167242"><ele>106.5</ele></trkpt>
   <trkpt lon="-1.674656" lat="43.167099"><ele>105.75</ele></trkpt>
   <trkpt lon="-1.674334" lat="43.166969"><ele>106.75</ele></trkpt>
   <trkpt lon="-1.674076" lat="43.166868"><ele>107.25</ele></trkpt>
   <trkpt lon="-1.673725" lat="43.166696"><ele>107.25</ele></trkpt>
   <trkpt lon="-1.673339" lat="43.166502"><ele>106.75</ele></trkpt>
   <trkpt lon="-1.673174" lat="43.166415"><ele>106.75</ele></trkpt>
   <trkpt lon="-1.672885" lat="43.166249"><ele>107.0</ele></trkpt>
   <trkpt lon="-1.672536" lat="43.165986"><ele>108.0</ele></trkpt>
   <trkpt lon="-1.672447" lat="43.165910"><ele>107.75</ele></trkpt>
   <trkpt lon="-1.672272" lat="43.165761"><ele>108.75</ele></trkpt>
   <trkpt lon="-1.672245" lat="43.165739"><ele>109.0</ele></trkpt>
   <trkpt lon="-1.672187" lat="43.165649"><ele>109.75</ele></trkpt>
   <trkpt lon="-1.672145" lat="43.165586"><ele>110.0</ele></trkpt>
   <trkpt lon="-1.671826" lat="43.164967"><ele>114.25</ele></trkpt>
   <trkpt lon="-1.671711" lat="43.164771"><ele>114.0</ele></trkpt>
   <trkpt lon="-1.671604" lat="43.164542"><ele>113.75</ele></trkpt>
   <trkpt lon="-1.671312" lat="43.163988"><ele>113.5</ele></trkpt>
   <trkpt lon="-1.671074" lat="43.163541"><ele>113.5</ele></trkpt>
   <trkpt lon="-1.670977" lat="43.163342"><ele>114.75</ele></trkpt>
   <trkpt lon="-1.670924" lat="43.163191"><ele>113.25</ele></trkpt>
   <trkpt lon="-1.670884" lat="43.163026"><ele>110.75</ele></trkpt>
   <trkpt lon="-1.670879" lat="43.162799"><ele>109.75</ele></trkpt>
   <trkpt lon="-1.670967" lat="43.162471"><ele>106.75</ele></trkpt>
   <trkpt lon="-1.671663" lat="43.160520"><ele>109.5</ele></trkpt>
   <trkpt lon="-1.671897" lat="43.159822"><ele>108.75</ele></trkpt>
   <trkpt lon="-1.671905" lat="43.159391"><ele>108.0</ele></trkpt>
   <trkpt lon="-1.671849" lat="43.158548"><ele>107.25</ele></trkpt>
   <trkpt lon="-1.671800" lat="43.157845"><ele>108.5</ele></trkpt>
   <trkpt lon="-1.671711" lat="43.157391"><ele>109.0</ele></trkpt>
   <trkpt lon="-1.671477" lat="43.156382"><ele>110.0</ele></trkpt>
   <trkpt lon="-1.671307" lat="43.155792"><ele>107.5</ele></trkpt>
   <trkpt lon="-1.670866" lat="43.154970"><ele>108.0</ele></trkpt>
   <trkpt lon="-1.670577" lat="43.154446"><ele>109.0</ele></trkpt>
   <trkpt lon="-1.670350" lat="43.154080"><ele>107.5</ele></trkpt>
   <trkpt lon="-1.670089" lat="43.153614"><ele>107.75</ele></trkpt>
   <trkpt lon="-1.669863" lat="43.153208"><ele>107.75</ele></trkpt>
   <trkpt lon="-1.669353" lat="43.152331"><ele>108.25</ele></trkpt>
   <trkpt lon="-1.668922" lat="43.151058"><ele>111.25</ele></trkpt>
   <trkpt lon="-1.668872" lat="43.150765"><ele>111.25</ele></trkpt>
   <trkpt lon="-1.668872" lat="43.150639"><ele>111.5</ele></trkpt>
   <trkpt lon="-1.668938" lat="43.150352"><ele>113.25</ele></trkpt>
   <trkpt lon="-1.669243" lat="43.149469"><ele>112.75</ele></trkpt>
   <trkpt lon="-1.669270" lat="43.149256"><ele>111.25</ele></trkpt>
   <trkpt lon="-1.669269" lat="43.149074"><ele>110.75</ele></trkpt>
   <trkpt lon="-1.669155" lat="43.148742"><ele>112.25</ele></trkpt>
   <trkpt lon="-1.668942" lat="43.148211"><ele>113.75</ele></trkpt>
   <trkpt lon="-1.668781" lat="43.147749"><ele>113.75</ele></trkpt>
   <trkpt lon="-1.668770" lat="43.147418"><ele>113.5</ele></trkpt>
   <trkpt lon="-1.668848" lat="43.147039"><ele>115.25</ele></trkpt>
   <trkpt lon="-1.668872" lat="43.146753"><ele>114.75</ele></trkpt>
   <trkpt lon="-1.668945" lat="43.146477"><ele>116.0</ele></trkpt>
   <trkpt lon="-1.668957" lat="43.146166"><ele>117.25</ele></trkpt>
   <trkpt lon="-1.668913" lat="43.145854"><ele>116.5</ele></trkpt>
   <trkpt lon="-1.668872" lat="43.145449"><ele>115.5</ele></trkpt>
   <trkpt lon="-1.668848" lat="43.145066"><ele>114.75</ele></trkpt>
   <trkpt lon="-1.668867" lat="43.144214"><ele>115.25</ele></trkpt>
   <trkpt lon="-1.668834" lat="43.144044"><ele>116.5</ele></trkpt>
   <trkpt lon="-1.668775" lat="43.143905"><ele>116.25</ele></trkpt>
   <trkpt lon="-1.668661" lat="43.143722"><ele>117.0</ele></trkpt>
   <trkpt lon="-1.668514" lat="43.143538"><ele>120.25</ele></trkpt>
   <trkpt lon="-1.667978" lat="43.143073"><ele>125.5</ele></trkpt>
   <trkpt lon="-1.667482" lat="43.142620"><ele>128.25</ele></trkpt>
   <trkpt lon="-1.667412" lat="43.142559"><ele>124.25</ele></trkpt>
   <trkpt lon="-1.667249" lat="43.142299"><ele>118.5</ele></trkpt>
   <trkpt lon="-1.666878" lat="43.141531"><ele>120.25</ele></trkpt>
   <trkpt lon="-1.666796" lat="43.141386"><ele>121.0</ele></trkpt>
   <trkpt lon="-1.666743" lat="43.140502"><ele>120.25</ele></trkpt>
   <trkpt lon="-1.666724" lat="43.140313"><ele>121.25</ele></trkpt>
   <trkpt lon="-1.666685" lat="43.140148"><ele>120.25</ele></trkpt>
   <trkpt lon="-1.666597" lat="43.139929"><ele>120.25</ele></trkpt>
   <trkpt lon="-1.666334" lat="43.139527"><ele>119.75</ele></trkpt>
   <trkpt lon="-1.665926" lat="43.138926"><ele>120.5</ele></trkpt>
   <trkpt lon="-1.665836" lat="43.138742"><ele>118.0</ele></trkpt>
   <trkpt lon="-1.665786" lat="43.138458"><ele>119.0</ele></trkpt>
   <trkpt lon="-1.665741" lat="43.138128"><ele>119.75</ele></trkpt>
   <trkpt lon="-1.665710" lat="43.137578"><ele>122.0</ele></trkpt>
   <trkpt lon="-1.665700" lat="43.137227"><ele>123.25</ele></trkpt>
   <trkpt lon="-1.665647" lat="43.136618"><ele>122.0</ele></trkpt>
   <trkpt lon="-1.665636" lat="43.136308"><ele>122.5</ele></trkpt>
   <trkpt lon="-1.665638" lat="43.136119"><ele>122.0</ele></trkpt>
   <trkpt lon="-1.665727" lat="43.135693"><ele>120.75</ele></trkpt>
   <trkpt lon="-1.665785" lat="43.135596"><ele>120.0</ele></trkpt>
   <trkpt lon="-1.665914" lat="43.135447"><ele>121.5</ele></trkpt>
   <trkpt lon="-1.665926" lat="43.135390"><ele>120.25</ele></trkpt>
   <trkpt lon="-1.665788" lat="43.135081"><ele>116.75</ele></trkpt>
   <trkpt lon="-1.665819" lat="43.134851"><ele>118.75</ele></trkpt>
   <trkpt lon="-1.665945" lat="43.134295"><ele>119.75</ele></trkpt>
   <trkpt lon="-1.665954" lat="43.134159"><ele>119.75</ele></trkpt>
   <trkpt lon="-1.665956" lat="43.133893"><ele>119.5</ele></trkpt>
   <trkpt lon="-1.665945" lat="43.133688"><ele>119.75</ele></trkpt>
   <trkpt lon="-1.665917" lat="43.133455"><ele>120.0</ele></trkpt>
   <trkpt lon="-1.665947" lat="43.133423"><ele>120.0</ele></trkpt>
   <trkpt lon="-1.665893" lat="43.133348"><ele>120.0</ele></trkpt>
   <trkpt lon="-1.665243" lat="43.132451"><ele>120.0</ele></trkpt>
   <trkpt lon="-1.665115" lat="43.132274"><ele>120.0</ele></trkpt>
   <trkpt lon="-1.664831" lat="43.131878"><ele>120.25</ele></trkpt>
   <trkpt lon="-1.664663" lat="43.131642"><ele>120.25</ele></trkpt>
   <trkpt lon="-1.664574" lat="43.131501"><ele>121.0</ele></trkpt>
   <trkpt lon="-1.664391" lat="43.131149"><ele>121.0</ele></trkpt>
   <trkpt lon="-1.664387" lat="43.131129"><ele>121.0</ele></trkpt>
   <trkpt lon="-1.664290" lat="43.130633"><ele>121.0</ele></trkpt>
   <trkpt lon="-1.664212" lat="43.130232"><ele>121.0</ele></trkpt>
   <trkpt lon="-1.663037" lat="43.130215"><ele>121.0</ele></trkpt>
   <trkpt lon="-1.662868" lat="43.130039"><ele>120.75</ele></trkpt>
   <trkpt lon="-1.662660" lat="43.129840"><ele>121.5</ele></trkpt>
   <trkpt lon="-1.662570" lat="43.129804"><ele>121.75</ele></trkpt>
   <trkpt lon="-1.662438" lat="43.129724"><ele>121.75</ele></trkpt>
   <trkpt lon="-1.662306" lat="43.129612"><ele>121.75</ele></trkpt>
   <trkpt lon="-1.661978" lat="43.129432"><ele>120.5</ele></trkpt>
   <trkpt lon="-1.661677" lat="43.129210"><ele>125.75</ele></trkpt>
   <trkpt lon="-1.661359" lat="43.128992"><ele>123.5</ele></trkpt>
   <trkpt lon="-1.661237" lat="43.128912"><ele>122.5</ele></trkpt>
   <trkpt lon="-1.661123" lat="43.128848"><ele>121.25</ele></trkpt>
   <trkpt lon="-1.661050" lat="43.128790"><ele>123.25</ele></trkpt>
   <trkpt lon="-1.660910" lat="43.128711"><ele>124.25</ele></trkpt>
   <trkpt lon="-1.660704" lat="43.128624"><ele>123.0</ele></trkpt>
   <trkpt lon="-1.660509" lat="43.128560"><ele>123.75</ele></trkpt>
   <trkpt lon="-1.660259" lat="43.128500"><ele>123.75</ele></trkpt>
   <trkpt lon="-1.660057" lat="43.128472"><ele>124.25</ele></trkpt>
   <trkpt lon="-1.659916" lat="43.128462"><ele>124.5</ele></trkpt>
   <trkpt lon="-1.659792" lat="43.128437"><ele>125.75</ele></trkpt>
   <trkpt lon="-1.659676" lat="43.128426"><ele>126.25</ele></trkpt>
   <trkpt lon="-1.659353" lat="43.128428"><ele>127.0</ele></trkpt>
   <trkpt lon="-1.658957" lat="43.128455"><ele>127.25</ele></trkpt>
   <trkpt lon="-1.658534" lat="43.128544"><ele>122.75</ele></trkpt>
   <trkpt lon="-1.658074" lat="43.128625"><ele>123.5</ele></trkpt>
   <trkpt lon="-1.657808" lat="43.128668"><ele>124.25</ele></trkpt>
   <trkpt lon="-1.656910" lat="43.128794"><ele>127.5</ele></trkpt>
   <trkpt lon="-1.656763" lat="43.128810"><ele>126.75</ele></trkpt>
   <trkpt lon="-1.656506" lat="43.128810"><ele>126.0</ele></trkpt>
   <trkpt lon="-1.656303" lat="43.128803"><ele>126.0</ele></trkpt>
   <trkpt lon="-1.656091" lat="43.128792"><ele>126.25</ele></trkpt>
   <trkpt lon="-1.655714" lat="43.128741"><ele>127.0</ele></trkpt>
   <trkpt lon="-1.655618" lat="43.128720"><ele>126.75</ele></trkpt>
   <trkpt lon="-1.655134" lat="43.128580"><ele>126.0</ele></trkpt>
   <trkpt lon="-1.654658" lat="43.128490"><ele>126.0</ele></trkpt>
   <trkpt lon="-1.654387" lat="43.128429"><ele>126.5</ele></trkpt>
   <trkpt lon="-1.654096" lat="43.128354"><ele>125.5</ele></trkpt>
   <trkpt lon="-1.653684" lat="43.128257"><ele>129.0</ele></trkpt>
   <trkpt lon="-1.653370" lat="43.128226"><ele>129.25</ele></trkpt>
   <trkpt lon="-1.652295" lat="43.128232"><ele>129.5</ele></trkpt>
   <trkpt lon="-1.651941" lat="43.128226"><ele>129.75</ele></trkpt>
   <trkpt lon="-1.651767" lat="43.128217"><ele>130.0</ele></trkpt>
   <trkpt lon="-1.651492" lat="43.128199"><ele>129.75</ele></trkpt>
   <trkpt lon="-1.651033" lat="43.128152"><ele>128.25</ele></trkpt>
   <trkpt lon="-1.650675" lat="43.128102"><ele>128.0</ele></trkpt>
   <trkpt lon="-1.650380" lat="43.128050"><ele>127.0</ele></trkpt>
   <trkpt lon="-1.650186" lat="43.128027"><ele>127.25</ele></trkpt>
   <trkpt lon="-1.649940" lat="43.128036"><ele>127.0</ele></trkpt>
   <trkpt lon="-1.649712" lat="43.128026"><ele>128.0</ele></trkpt>
   <trkpt lon="-1.649299" lat="43.127962"><ele>130.0</ele></trkpt>
   <trkpt lon="-1.648961" lat="43.127926"><ele>132.25</ele></trkpt>
   <trkpt lon="-1.648397" lat="43.127923"><ele>132.25</ele></trkpt>
   <trkpt lon="-1.648180" lat="43.127900"><ele>132.0</ele></trkpt>
   <trkpt lon="-1.648025" lat="43.127857"><ele>132.25</ele></trkpt>
   <trkpt lon="-1.647923" lat="43.127809"><ele>131.75</ele></trkpt>
   <trkpt lon="-1.647814" lat="43.127748"><ele>131.0</ele></trkpt>
   <trkpt lon="-1.647654" lat="43.127639"><ele>132.25</ele></trkpt>
   <trkpt lon="-1.647391" lat="43.127648"><ele>133.0</ele></trkpt>
   <trkpt lon="-1.646843" lat="43.127612"><ele>134.5</ele></trkpt>
   <trkpt lon="-1.646637" lat="43.127613"><ele>133.0</ele></trkpt>
   <trkpt lon="-1.646414" lat="43.127632"><ele>133.0</ele></trkpt>
   <trkpt lon="-1.646241" lat="43.127668"><ele>133.75</ele></trkpt>
   <trkpt lon="-1.646120" lat="43.127698"><ele>134.0</ele></trkpt>
   <trkpt lon="-1.645785" lat="43.127798"><ele>132.5</ele></trkpt>
   <trkpt lon="-1.645480" lat="43.127957"><ele>133.0</ele></trkpt>
   <trkpt lon="-1.645166" lat="43.128176"><ele>130.5</ele></trkpt>
   <trkpt lon="-1.645076" lat="43.128246"><ele>130.0</ele></trkpt>
   <trkpt lon="-1.644714" lat="43.128373"><ele>129.75</ele></trkpt>
   <trkpt lon="-1.644551" lat="43.128481"><ele>130.25</ele></trkpt>
   <trkpt lon="-1.644218" lat="43.128648"><ele>130.75</ele></trkpt>
   <trkpt lon="-1.644136" lat="43.128707"><ele>131.0</ele></trkpt>
   <trkpt lon="-1.643714" lat="43.129011"><ele>131.75</ele></trkpt>
   <trkpt lon="-1.643287" lat="43.129288"><ele>131.25</ele></trkpt>
   <trkpt lon="-1.643118" lat="43.129375"><ele>131.25</ele></trkpt>
   <trkpt lon="-1.642995" lat="43.129520"><ele>129.75</ele></trkpt>
   <trkpt lon="-1.642726" lat="43.129652"><ele>131.25</ele></trkpt>
   <trkpt lon="-1.642856" lat="43.129829"><ele>129.0</ele></trkpt>
   <trkpt lon="-1.643192" lat="43.130291"><ele>128.25</ele></trkpt>
   <trkpt lon="-1.642915" lat="43.130328"><ele>128.0</ele></trkpt>
   <trkpt lon="-1.642754" lat="43.130284"><ele>128.0</ele></trkpt>
   <trkpt lon="-1.641969" lat="43.130194"><ele>129.75</ele></trkpt>
   <trkpt lon="-1.641704" lat="43.130172"><ele>130.0</ele></trkpt>
   <trkpt lon="-1.641656" lat="43.130174"><ele>130.0</ele></trkpt>
   <trkpt lon="-1.641524" lat="43.130195"><ele>130.25</ele></trkpt>
   <trkpt lon="-1.641291" lat="43.130269"><ele>130.75</ele></trkpt>
   <trkpt lon="-1.640789" lat="43.130445"><ele>130.25</ele></trkpt>
   <trkpt lon="-1.640469" lat="43.130542"><ele>131.0</ele></trkpt>
   <trkpt lon="-1.640211" lat="43.130595"><ele>130.5</ele></trkpt>
   <trkpt lon="-1.640076" lat="43.130615"><ele>130.25</ele></trkpt>
   <trkpt lon="-1.639343" lat="43.130591"><ele>130.75</ele></trkpt>
   <trkpt lon="-1.638593" lat="43.130540"><ele>132.25</ele></trkpt>
   <trkpt lon="-1.638432" lat="43.130499"><ele>133.25</ele></trkpt>
   <trkpt lon="-1.637345" lat="43.130417"><ele>140.75</ele></trkpt>
   <trkpt lon="-1.636877" lat="43.130352"><ele>143.5</ele></trkpt>
   <trkpt lon="-1.636007" lat="43.130203"><ele>144.0</ele></trkpt>
   <trkpt lon="-1.635475" lat="43.130135"><ele>145.5</ele></trkpt>
   <trkpt lon="-1.634260" lat="43.130036"><ele>152.25</ele></trkpt>
   <trkpt lon="-1.632695" lat="43.130123"><ele>150.0</ele></trkpt>
   <trkpt lon="-1.632612" lat="43.130111"><ele>150.0</ele></trkpt>
   <trkpt lon="-1.632317" lat="43.129898"><ele>152.25</ele></trkpt>
   <trkpt lon="-1.632143" lat="43.129835"><ele>152.75</ele></trkpt>
   <trkpt lon="-1.631779" lat="43.129747"><ele>153.5</ele></trkpt>
   <trkpt lon="-1.631574" lat="43.129733"><ele>154.5</ele></trkpt>
   <trkpt lon="-1.631376" lat="43.129742"><ele>155.75</ele></trkpt>
   <trkpt lon="-1.631168" lat="43.129738"><ele>157.25</ele></trkpt>
   <trkpt lon="-1.631013" lat="43.129710"><ele>158.5</ele></trkpt>
   <trkpt lon="-1.630825" lat="43.129655"><ele>160.5</ele></trkpt>
   <trkpt lon="-1.630651" lat="43.129635"><ele>161.75</ele></trkpt>
   <trkpt lon="-1.630503" lat="43.129645"><ele>162.0</ele></trkpt>
   <trkpt lon="-1.630287" lat="43.129681"><ele>161.75</ele></trkpt>
   <trkpt lon="-1.629655" lat="43.129937"><ele>157.75</ele></trkpt>
   <trkpt lon="-1.629294" lat="43.130123"><ele>154.75</ele></trkpt>
   <trkpt lon="-1.629236" lat="43.130147"><ele>154.5</ele></trkpt>
   <trkpt lon="-1.629158" lat="43.130151"><ele>154.75</ele></trkpt>
   <trkpt lon="-1.628604" lat="43.130099"><ele>159.25</ele></trkpt>
   <trkpt lon="-1.628169" lat="43.130105"><ele>162.25</ele></trkpt>
   <trkpt lon="-1.627435" lat="43.130273"><ele>157.0</ele></trkpt>
   <trkpt lon="-1.626577" lat="43.130454"><ele>155.75</ele></trkpt>
   <trkpt lon="-1.626411" lat="43.130510"><ele>155.5</ele></trkpt>
   <trkpt lon="-1.626137" lat="43.130638"><ele>154.5</ele></trkpt>
   <trkpt lon="-1.625973" lat="43.130701"><ele>153.5</ele></trkpt>
   <trkpt lon="-1.625855" lat="43.130737"><ele>153.0</ele></trkpt>
   <trkpt lon="-1.625513" lat="43.130814"><ele>150.25</ele></trkpt>
   <trkpt lon="-1.625347" lat="43.130871"><ele>150.0</ele></trkpt>
   <trkpt lon="-1.625428" lat="43.130984"><ele>149.5</ele></trkpt>
   <trkpt lon="-1.625520" lat="43.131112"><ele>147.5</ele></trkpt>
   <trkpt lon="-1.625607" lat="43.131233"><ele>147.0</ele></trkpt>
   <trkpt lon="-1.625184" lat="43.131387"><ele>148.25</ele></trkpt>
   <trkpt lon="-1.624606" lat="43.131580"><ele>150.5</ele></trkpt>
   <trkpt lon="-1.624376" lat="43.131666"><ele>150.25</ele></trkpt>
   <trkpt lon="-1.624208" lat="43.131780"><ele>150.5</ele></trkpt>
   <trkpt lon="-1.624036" lat="43.131921"><ele>150.0</ele></trkpt>
   <trkpt lon="-1.623905" lat="43.132061"><ele>148.75</ele></trkpt>
   <trkpt lon="-1.623823" lat="43.132207"><ele>146.5</ele></trkpt>
   <trkpt lon="-1.623813" lat="43.132275"><ele>146.0</ele></trkpt>
   <trkpt lon="-1.623852" lat="43.132404"><ele>144.25</ele></trkpt>
   <trkpt lon="-1.623924" lat="43.132585"><ele>142.25</ele></trkpt>
   <trkpt lon="-1.623905" lat="43.132709"><ele>142.0</ele></trkpt>
   <trkpt lon="-1.623815" lat="43.132902"><ele>141.75</ele></trkpt>
   <trkpt lon="-1.623680" lat="43.133140"><ele>141.75</ele></trkpt>
   <trkpt lon="-1.623597" lat="43.133604"><ele>139.0</ele></trkpt>
   <trkpt lon="-1.623079" lat="43.134087"><ele>139.5</ele></trkpt>
   <trkpt lon="-1.622460" lat="43.134225"><ele>141.25</ele></trkpt>
   <trkpt lon="-1.622241" lat="43.134280"><ele>141.5</ele></trkpt>
   <trkpt lon="-1.621683" lat="43.134468"><ele>142.75</ele></trkpt>
   <trkpt lon="-1.621341" lat="43.134627"><ele>142.75</ele></trkpt>
   <trkpt lon="-1.621084" lat="43.134839"><ele>142.5</ele></trkpt>
   <trkpt lon="-1.620844" lat="43.135097"><ele>143.5</ele></trkpt>
   <trkpt lon="-1.620749" lat="43.135298"><ele>143.5</ele></trkpt>
   <trkpt lon="-1.620597" lat="43.135460"><ele>144.5</ele></trkpt>
   <trkpt lon="-1.620397" lat="43.135674"><ele>144.25</ele></trkpt>
   <trkpt lon="-1.620123" lat="43.135841"><ele>144.25</ele></trkpt>
   <trkpt lon="-1.620067" lat="43.135888"><ele>144.25</ele></trkpt>
   <trkpt lon="-1.620098" lat="43.135951"><ele>143.5</ele></trkpt>
   <trkpt lon="-1.619294" lat="43.136538"><ele>144.25</ele></trkpt>
   <trkpt lon="-1.619248" lat="43.136589"><ele>144.0</ele></trkpt>
   <trkpt lon="-1.619297" lat="43.136674"><ele>143.25</ele></trkpt>
   <trkpt lon="-1.619067" lat="43.136718"><ele>143.5</ele></trkpt>
   <trkpt lon="-1.617021" lat="43.136956"><ele>143.75</ele></trkpt>
   <trkpt lon="-1.615426" lat="43.137138"><ele>145.0</ele></trkpt>
   <trkpt lon="-1.615013" lat="43.137185"><ele>145.5</ele></trkpt>
   <trkpt lon="-1.614608" lat="43.137198"><ele>145.5</ele></trkpt>
   <trkpt lon="-1.613117" lat="43.137208"><ele>145.5</ele></trkpt>
   <trkpt lon="-1.612254" lat="43.137240"><ele>143.75</ele></trkpt>
   <trkpt lon="-1.611757" lat="43.137259"><ele>143.5</ele></trkpt>
   <trkpt lon="-1.611620" lat="43.137276"><ele>143.0</ele></trkpt>
   <trkpt lon="-1.611468" lat="43.137315"><ele>143.0</ele></trkpt>
   <trkpt lon="-1.611322" lat="43.137362"><ele>143.5</ele></trkpt>
   <trkpt lon="-1.611266" lat="43.137380"><ele>143.5</ele></trkpt>
   <trkpt lon="-1.611096" lat="43.137433"><ele>143.75</ele></trkpt>
   <trkpt lon="-1.611017" lat="43.137443"><ele>143.75</ele></trkpt>
   <trkpt lon="-1.610954" lat="43.137438"><ele>143.75</ele></trkpt>
   <trkpt lon="-1.610899" lat="43.137498"><ele>143.75</ele></trkpt>
   <trkpt lon="-1.610704" lat="43.137604"><ele>144.0</ele></trkpt>
   <trkpt lon="-1.610576" lat="43.137674"><ele>144.0</ele></trkpt>
   <trkpt lon="-1.610504" lat="43.137712"><ele>144.0</ele></trkpt>
   <trkpt lon="-1.610285" lat="43.137830"><ele>144.75</ele></trkpt>
   <trkpt lon="-1.609937" lat="43.138017"><ele>145.0</ele></trkpt>
   <trkpt lon="-1.609181" lat="43.138434"><ele>146.0</ele></trkpt>
   <trkpt lon="-1.608872" lat="43.138601"><ele>146.0</ele></trkpt>
   <trkpt lon="-1.608740" lat="43.138671"><ele>146.5</ele></trkpt>
   <trkpt lon="-1.607789" lat="43.139180"><ele>147.0</ele></trkpt>
   <trkpt lon="-1.607759" lat="43.139196"><ele>147.0</ele></trkpt>
   <trkpt lon="-1.607515" lat="43.139322"><ele>147.25</ele></trkpt>
   <trkpt lon="-1.606954" lat="43.139609"><ele>148.0</ele></trkpt>
   <trkpt lon="-1.606677" lat="43.139737"><ele>148.0</ele></trkpt>
   <trkpt lon="-1.606223" lat="43.140071"><ele>149.0</ele></trkpt>
   <trkpt lon="-1.606099" lat="43.140139"><ele>149.0</ele></trkpt>
   <trkpt lon="-1.605938" lat="43.140227"><ele>149.5</ele></trkpt>
   <trkpt lon="-1.605648" lat="43.140363"><ele>150.0</ele></trkpt>
   <trkpt lon="-1.605490" lat="43.140275"><ele>150.0</ele></trkpt>
   <trkpt lon="-1.605392" lat="43.140133"><ele>150.75</ele></trkpt>
   <trkpt lon="-1.605229" lat="43.140036"><ele>151.0</ele></trkpt>
   <trkpt lon="-1.605038" lat="43.140011"><ele>151.75</ele></trkpt>
   <trkpt lon="-1.604925" lat="43.139948"><ele>152.25</ele></trkpt>
   <trkpt lon="-1.604709" lat="43.139734"><ele>153.0</ele></trkpt>
   <trkpt lon="-1.604572" lat="43.139668"><ele>153.5</ele></trkpt>
   <trkpt lon="-1.604330" lat="43.139570"><ele>154.25</ele></trkpt>
   <trkpt lon="-1.603972" lat="43.139452"><ele>155.5</ele></trkpt>
   <trkpt lon="-1.603706" lat="43.139345"><ele>156.75</ele></trkpt>
   <trkpt lon="-1.603400" lat="43.139316"><ele>157.75</ele></trkpt>
   <trkpt lon="-1.603186" lat="43.139313"><ele>159.0</ele></trkpt>
   <trkpt lon="-1.603052" lat="43.139329"><ele>160.0</ele></trkpt>
   <trkpt lon="-1.602856" lat="43.139311"><ele>162.25</ele></trkpt>
   <trkpt lon="-1.602726" lat="43.139321"><ele>163.75</ele></trkpt>
   <trkpt lon="-1.602413" lat="43.139380"><ele>164.75</ele></trkpt>
   <trkpt lon="-1.602152" lat="43.139481"><ele>165.75</ele></trkpt>
   <trkpt lon="-1.601634" lat="43.139717"><ele>168.5</ele></trkpt>
   <trkpt lon="-1.601051" lat="43.140009"><ele>176.75</ele></trkpt>
   <trkpt lon="-1.600969" lat="43.140068"><ele>178.5</ele></trkpt>
   <trkpt lon="-1.600973" lat="43.140139"><ele>179.25</ele></trkpt>
   <trkpt lon="-1.601022" lat="43.140225"><ele>179.75</ele></trkpt>
   <trkpt lon="-1.601189" lat="43.140466"><ele>179.0</ele></trkpt>
   <trkpt lon="-1.601225" lat="43.140560"><ele>178.75</ele></trkpt>
   <trkpt lon="-1.601250" lat="43.140694"><ele>177.0</ele></trkpt>
   <trkpt lon="-1.601209" lat="43.140777"><ele>176.75</ele></trkpt>
   <trkpt lon="-1.601132" lat="43.140804"><ele>177.75</ele></trkpt>
   <trkpt lon="-1.601002" lat="43.140798"><ele>179.25</ele></trkpt>
   <trkpt lon="-1.600815" lat="43.140756"><ele>181.5</ele></trkpt>
   <trkpt lon="-1.600510" lat="43.140709"><ele>185.75</ele></trkpt>
   <trkpt lon="-1.600168" lat="43.140673"><ele>191.75</ele></trkpt>
   <trkpt lon="-1.599965" lat="43.140679"><ele>196.0</ele></trkpt>
   <trkpt lon="-1.599891" lat="43.140704"><ele>197.5</ele></trkpt>
   <trkpt lon="-1.599685" lat="43.140780"><ele>203.0</ele></trkpt>
   <trkpt lon="-1.599616" lat="43.140831"><ele>204.0</ele></trkpt>
   <trkpt lon="-1.599294" lat="43.141115"><ele>212.25</ele></trkpt>
   <trkpt lon="-1.599258" lat="43.141204"><ele>213.5</ele></trkpt>
   <trkpt lon="-1.599254" lat="43.141275"><ele>214.0</ele></trkpt>
   <trkpt lon="-1.599189" lat="43.141311"><ele>216.0</ele></trkpt>
   <trkpt lon="-1.599107" lat="43.141311"><ele>217.75</ele></trkpt>
   <trkpt lon="-1.599018" lat="43.141293"><ele>219.5</ele></trkpt>
   <trkpt lon="-1.598900" lat="43.141237"><ele>222.25</ele></trkpt>
   <trkpt lon="-1.598807" lat="43.141109"><ele>224.25</ele></trkpt>
   <trkpt lon="-1.598721" lat="43.140955"><ele>227.0</ele></trkpt>
   <trkpt lon="-1.598591" lat="43.140807"><ele>230.5</ele></trkpt>
   <trkpt lon="-1.598241" lat="43.140593"><ele>236.75</ele></trkpt>
   <trkpt lon="-1.598063" lat="43.140471"><ele>238.5</ele></trkpt>
   <trkpt lon="-1.597993" lat="43.140430"><ele>238.25</ele></trkpt>
   <trkpt lon="-1.597896" lat="43.140347"><ele>237.75</ele></trkpt>
   <trkpt lon="-1.597880" lat="43.140234"><ele>238.25</ele></trkpt>
   <trkpt lon="-1.597867" lat="43.140021"><ele>239.75</ele></trkpt>
   <trkpt lon="-1.597867" lat="43.139834"><ele>241.5</ele></trkpt>
   <trkpt lon="-1.597912" lat="43.139647"><ele>243.25</ele></trkpt>
   <trkpt lon="-1.597936" lat="43.139486"><ele>244.25</ele></trkpt>
   <trkpt lon="-1.598137" lat="43.139301"><ele>247.5</ele></trkpt>
   <trkpt lon="-1.598314" lat="43.139074"><ele>251.0</ele></trkpt>
   <trkpt lon="-1.598497" lat="43.138873"><ele>254.75</ele></trkpt>
   <trkpt lon="-1.598616" lat="43.138692"><ele>258.0</ele></trkpt>
   <trkpt lon="-1.598643" lat="43.138488"><ele>260.5</ele></trkpt>
   <trkpt lon="-1.598573" lat="43.138272"><ele>262.25</ele></trkpt>
   <trkpt lon="-1.598434" lat="43.138117"><ele>265.0</ele></trkpt>
   <trkpt lon="-1.598401" lat="43.138079"><ele>266.0</ele></trkpt>
   <trkpt lon="-1.598298" lat="43.138012"><ele>268.5</ele></trkpt>
   <trkpt lon="-1.598205" lat="43.137772"><ele>271.75</ele></trkpt>
   <trkpt lon="-1.598177" lat="43.137675"><ele>274.5</ele></trkpt>
   <trkpt lon="-1.598188" lat="43.137587"><ele>276.5</ele></trkpt>
   <trkpt lon="-1.598202" lat="43.137541"><ele>277.25</ele></trkpt>
   <trkpt lon="-1.598222" lat="43.137451"><ele>279.25</ele></trkpt>
   <trkpt lon="-1.598387" lat="43.137064"><ele>288.25</ele></trkpt>
   <trkpt lon="-1.598583" lat="43.136828"><ele>293.0</ele></trkpt>
   <trkpt lon="-1.598576" lat="43.136710"><ele>295.25</ele></trkpt>
   <trkpt lon="-1.598537" lat="43.136536"><ele>299.25</ele></trkpt>
   <trkpt lon="-1.598426" lat="43.136177"><ele>307.75</ele></trkpt>
   <trkpt lon="-1.598329" lat="43.135950"><ele>312.0</ele></trkpt>
   <trkpt lon="-1.598149" lat="43.135593"><ele>318.75</ele></trkpt>
   <trkpt lon="-1.598118" lat="43.135388"><ele>321.5</ele></trkpt>
   <trkpt lon="-1.598040" lat="43.135118"><ele>327.75</ele></trkpt>
   <trkpt lon="-1.598028" lat="43.134996"><ele>330.25</ele></trkpt>
   <trkpt lon="-1.598083" lat="43.134811"><ele>333.75</ele></trkpt>
   <trkpt lon="-1.598133" lat="43.134726"><ele>335.0</ele></trkpt>
   <trkpt lon="-1.598176" lat="43.134580"><ele>338.5</ele></trkpt>
   <trkpt lon="-1.598179" lat="43.134425"><ele>343.0</ele></trkpt>
   <trkpt lon="-1.598145" lat="43.134271"><ele>345.75</ele></trkpt>
   <trkpt lon="-1.598022" lat="43.134080"><ele>349.25</ele></trkpt>
   <trkpt lon="-1.597710" lat="43.133710"><ele>354.5</ele></trkpt>
   <trkpt lon="-1.597689" lat="43.133638"><ele>354.25</ele></trkpt>
   <trkpt lon="-1.597652" lat="43.133589"><ele>354.0</ele></trkpt>
   <trkpt lon="-1.597576" lat="43.133533"><ele>353.5</ele></trkpt>
   <trkpt lon="-1.597402" lat="43.133426"><ele>353.75</ele></trkpt>
   <trkpt lon="-1.597288" lat="43.133273"><ele>353.0</ele></trkpt>
   <trkpt lon="-1.596992" lat="43.132837"><ele>356.5</ele></trkpt>
   <trkpt lon="-1.596590" lat="43.132578"><ele>354.25</ele></trkpt>
   <trkpt lon="-1.596284" lat="43.132410"><ele>351.5</ele></trkpt>
   <trkpt lon="-1.595957" lat="43.132273"><ele>350.0</ele></trkpt>
   <trkpt lon="-1.595619" lat="43.132042"><ele>348.25</ele></trkpt>
   <trkpt lon="-1.595222" lat="43.131858"><ele>348.5</ele></trkpt>
   <trkpt lon="-1.594876" lat="43.131749"><ele>348.75</ele></trkpt>
   <trkpt lon="-1.594637" lat="43.131674"><ele>347.75</ele></trkpt>
   <trkpt lon="-1.594474" lat="43.131674"><ele>347.0</ele></trkpt>
   <trkpt lon="-1.594231" lat="43.131594"><ele>345.0</ele></trkpt>
   <trkpt lon="-1.593998" lat="43.131541"><ele>344.0</ele></trkpt>
   <trkpt lon="-1.593221" lat="43.131517"><ele>343.0</ele></trkpt>
   <trkpt lon="-1.592459" lat="43.131435"><ele>340.75</ele></trkpt>
   <trkpt lon="-1.591901" lat="43.131351"><ele>340.25</ele></trkpt>
   <trkpt lon="-1.591788" lat="43.131319"><ele>339.5</ele></trkpt>
   <trkpt lon="-1.590758" lat="43.131036"><ele>337.0</ele></trkpt>
   <trkpt lon="-1.590466" lat="43.130947"><ele>335.25</ele></trkpt>
   <trkpt lon="-1.590274" lat="43.130920"><ele>333.5</ele></trkpt>
   <trkpt lon="-1.590094" lat="43.130940"><ele>331.0</ele></trkpt>
   <trkpt lon="-1.589873" lat="43.131027"><ele>328.75</ele></trkpt>
   <trkpt lon="-1.589283" lat="43.131416"><ele>324.0</ele></trkpt>
   <trkpt lon="-1.589218" lat="43.131440"><ele>323.75</ele></trkpt>
   <trkpt lon="-1.589152" lat="43.131424"><ele>323.5</ele></trkpt>
   <trkpt lon="-1.589118" lat="43.131377"><ele>324.5</ele></trkpt>
   <trkpt lon="-1.589092" lat="43.131200"><ele>324.5</ele></trkpt>
   <trkpt lon="-1.589073" lat="43.131130"><ele>325.0</ele></trkpt>
   <trkpt lon="-1.589041" lat="43.131008"><ele>325.25</ele></trkpt>
   <trkpt lon="-1.588748" lat="43.130345"><ele>329.25</ele></trkpt>
   <trkpt lon="-1.588663" lat="43.129973"><ele>330.0</ele></trkpt>
   <trkpt lon="-1.588580" lat="43.129180"><ele>326.5</ele></trkpt>
   <trkpt lon="-1.588529" lat="43.129081"><ele>325.75</ele></trkpt>
   <trkpt lon="-1.588457" lat="43.128984"><ele>325.0</ele></trkpt>
   <trkpt lon="-1.588226" lat="43.128793"><ele>324.25</ele></trkpt>
   <trkpt lon="-1.587888" lat="43.128624"><ele>324.0</ele></trkpt>
   <trkpt lon="-1.587577" lat="43.128495"><ele>323.25</ele></trkpt>
   <trkpt lon="-1.587202" lat="43.128413"><ele>322.0</ele></trkpt>
   <trkpt lon="-1.586913" lat="43.128375"><ele>320.0</ele></trkpt>
   <trkpt lon="-1.586682" lat="43.128376"><ele>319.25</ele></trkpt>
   <trkpt lon="-1.586520" lat="43.128393"><ele>318.5</ele></trkpt>
   <trkpt lon="-1.586368" lat="43.128435"><ele>318.0</ele></trkpt>
   <trkpt lon="-1.586188" lat="43.128510"><ele>316.5</ele></trkpt>
   <trkpt lon="-1.585807" lat="43.128636"><ele>314.5</ele></trkpt>
   <trkpt lon="-1.584998" lat="43.128801"><ele>310.0</ele></trkpt>
   <trkpt lon="-1.584747" lat="43.128894"><ele>309.25</ele></trkpt>
   <trkpt lon="-1.584524" lat="43.128988"><ele>308.75</ele></trkpt>
   <trkpt lon="-1.584341" lat="43.129012"><ele>308.5</ele></trkpt>
   <trkpt lon="-1.584210" lat="43.128996"><ele>308.25</ele></trkpt>
   <trkpt lon="-1.584123" lat="43.128969"><ele>307.75</ele></trkpt>
   <trkpt lon="-1.583870" lat="43.128840"><ele>306.25</ele></trkpt>
   <trkpt lon="-1.583607" lat="43.128590"><ele>306.75</ele></trkpt>
   <trkpt lon="-1.583388" lat="43.128319"><ele>306.75</ele></trkpt>
   <trkpt lon="-1.583173" lat="43.127739"><ele>309.75</ele></trkpt>
   <trkpt lon="-1.583156" lat="43.127677"><ele>309.75</ele></trkpt>
   <trkpt lon="-1.583103" lat="43.127485"><ele>310.0</ele></trkpt>
   <trkpt lon="-1.583008" lat="43.127298"><ele>309.75</ele></trkpt>
   <trkpt lon="-1.582851" lat="43.127090"><ele>308.5</ele></trkpt>
   <trkpt lon="-1.582567" lat="43.126851"><ele>307.25</ele></trkpt>
   <trkpt lon="-1.582390" lat="43.126759"><ele>306.0</ele></trkpt>
   <trkpt lon="-1.582182" lat="43.126655"><ele>304.0</ele></trkpt>
   <trkpt lon="-1.582084" lat="43.126549"><ele>302.5</ele></trkpt>
   <trkpt lon="-1.581998" lat="43.126364"><ele>299.0</ele></trkpt>
   <trkpt lon="-1.581929" lat="43.126173"><ele>295.75</ele></trkpt>
   <trkpt lon="-1.581861" lat="43.126068"><ele>294.0</ele></trkpt>
   <trkpt lon="-1.581716" lat="43.125916"><ele>291.25</ele></trkpt>
   <trkpt lon="-1.581659" lat="43.125846"><ele>290.0</ele></trkpt>
   <trkpt lon="-1.581616" lat="43.125738"><ele>288.75</ele></trkpt>
   <trkpt lon="-1.581613" lat="43.125596"><ele>287.0</ele></trkpt>
   <trkpt lon="-1.581582" lat="43.125468"><ele>285.75</ele></trkpt>
   <trkpt lon="-1.581419" lat="43.125206"><ele>284.25</ele></trkpt>
   <trkpt lon="-1.580716" lat="43.124482"><ele>287.5</ele></trkpt>
   <trkpt lon="-1.580662" lat="43.124409"><ele>288.25</ele></trkpt>
   <trkpt lon="-1.580541" lat="43.124123"><ele>290.5</ele></trkpt>
   <trkpt lon="-1.580509" lat="43.124072"><ele>290.5</ele></trkpt>
   <trkpt lon="-1.580478" lat="43.124024"><ele>290.5</ele></trkpt>
   <trkpt lon="-1.580380" lat="43.123944"><ele>291.75</ele></trkpt>
   <trkpt lon="-1.579951" lat="43.123636"><ele>297.25</ele></trkpt>
   <trkpt lon="-1.579474" lat="43.123311"><ele>301.5</ele></trkpt>
   <trkpt lon="-1.579314" lat="43.123229"><ele>302.0</ele></trkpt>
   <trkpt lon="-1.579153" lat="43.123206"><ele>302.5</ele></trkpt>
   <trkpt lon="-1.578636" lat="43.123191"><ele>301.5</ele></trkpt>
   <trkpt lon="-1.578184" lat="43.123112"><ele>300.75</ele></trkpt>
   <trkpt lon="-1.578113" lat="43.123087"><ele>300.5</ele></trkpt>
   <trkpt lon="-1.578042" lat="43.123042"><ele>300.75</ele></trkpt>
   <trkpt lon="-1.577957" lat="43.122939"><ele>300.25</ele></trkpt>
   <trkpt lon="-1.577642" lat="43.122493"><ele>302.0</ele></trkpt>
   <trkpt lon="-1.577406" lat="43.122144"><ele>305.25</ele></trkpt>
   <trkpt lon="-1.577372" lat="43.122059"><ele>306.75</ele></trkpt>
   <trkpt lon="-1.577339" lat="43.121893"><ele>309.25</ele></trkpt>
   <trkpt lon="-1.577284" lat="43.121734"><ele>310.5</ele></trkpt>
   <trkpt lon="-1.577229" lat="43.121605"><ele>310.75</ele></trkpt>
   <trkpt lon="-1.577181" lat="43.121553"><ele>311.25</ele></trkpt>
   <trkpt lon="-1.577069" lat="43.121424"><ele>313.0</ele></trkpt>
   <trkpt lon="-1.576990" lat="43.121313"><ele>313.5</ele></trkpt>
   <trkpt lon="-1.576799" lat="43.121070"><ele>317.0</ele></trkpt>
   <trkpt lon="-1.576752" lat="43.121008"><ele>317.75</ele></trkpt>
   <trkpt lon="-1.576702" lat="43.120979"><ele>318.75</ele></trkpt>
   <trkpt lon="-1.576602" lat="43.120904"><ele>320.25</ele></trkpt>
   <trkpt lon="-1.576510" lat="43.120857"><ele>322.0</ele></trkpt>
   <trkpt lon="-1.576348" lat="43.120807"><ele>324.75</ele></trkpt>
   <trkpt lon="-1.576172" lat="43.120763"><ele>327.0</ele></trkpt>
   <trkpt lon="-1.575984" lat="43.120738"><ele>330.75</ele></trkpt>
   <trkpt lon="-1.575738" lat="43.120715"><ele>335.5</ele></trkpt>
   <trkpt lon="-1.575577" lat="43.120661"><ele>336.75</ele></trkpt>
   <trkpt lon="-1.575397" lat="43.120579"><ele>337.75</ele></trkpt>
   <trkpt lon="-1.575035" lat="43.120433"><ele>338.75</ele></trkpt>
   <trkpt lon="-1.574837" lat="43.120317"><ele>338.25</ele></trkpt>
   <trkpt lon="-1.574664" lat="43.120191"><ele>340.5</ele></trkpt>
   <trkpt lon="-1.574582" lat="43.120101"><ele>342.25</ele></trkpt>
   <trkpt lon="-1.574496" lat="43.119966"><ele>343.75</ele></trkpt>
   <trkpt lon="-1.574435" lat="43.119807"><ele>344.0</ele></trkpt>
   <trkpt lon="-1.574354" lat="43.119693"><ele>343.75</ele></trkpt>
   <trkpt lon="-1.574315" lat="43.119664"><ele>343.5</ele></trkpt>
   <trkpt lon="-1.574229" lat="43.119618"><ele>343.25</ele></trkpt>
   <trkpt lon="-1.574027" lat="43.119534"><ele>343.0</ele></trkpt>
   <trkpt lon="-1.573848" lat="43.119427"><ele>341.0</ele></trkpt>
   <trkpt lon="-1.573738" lat="43.119372"><ele>341.0</ele></trkpt>
   <trkpt lon="-1.573683" lat="43.119345"><ele>341.0</ele></trkpt>
   <trkpt lon="-1.573529" lat="43.119286"><ele>341.25</ele></trkpt>
   <trkpt lon="-1.573377" lat="43.119246"><ele>341.75</ele></trkpt>
   <trkpt lon="-1.573078" lat="43.119185"><ele>341.25</ele></trkpt>
   <trkpt lon="-1.572865" lat="43.119118"><ele>343.75</ele></trkpt>
   <trkpt lon="-1.572775" lat="43.119096"><ele>345.25</ele></trkpt>
   <trkpt lon="-1.572609" lat="43.119056"><ele>346.75</ele></trkpt>
   <trkpt lon="-1.572459" lat="43.119028"><ele>348.0</ele></trkpt>
   <trkpt lon="-1.572159" lat="43.119001"><ele>350.25</ele></trkpt>
   <trkpt lon="-1.571957" lat="43.119018"><ele>352.75</ele></trkpt>
   <trkpt lon="-1.571832" lat="43.119043"><ele>353.75</ele></trkpt>
   <trkpt lon="-1.571686" lat="43.119109"><ele>355.25</ele></trkpt>
   <trkpt lon="-1.571525" lat="43.119248"><ele>357.25</ele></trkpt>
   <trkpt lon="-1.571445" lat="43.119297"><ele>357.0</ele></trkpt>
   <trkpt lon="-1.571249" lat="43.119298"><ele>356.5</ele></trkpt>
   <trkpt lon="-1.571161" lat="43.119285"><ele>356.5</ele></trkpt>
   <trkpt lon="-1.571134" lat="43.119209"><ele>356.0</ele></trkpt>
   <trkpt lon="-1.571097" lat="43.119141"><ele>355.75</ele></trkpt>
   <trkpt lon="-1.571045" lat="43.119061"><ele>355.25</ele></trkpt>
   <trkpt lon="-1.570947" lat="43.118955"><ele>354.5</ele></trkpt>
   <trkpt lon="-1.570773" lat="43.118832"><ele>352.25</ele></trkpt>
   <trkpt lon="-1.570499" lat="43.118698"><ele>349.5</ele></trkpt>
   <trkpt lon="-1.570287" lat="43.118550"><ele>347.75</ele></trkpt>
   <trkpt lon="-1.570172" lat="43.118435"><ele>346.75</ele></trkpt>
   <trkpt lon="-1.570102" lat="43.118366"><ele>346.25</ele></trkpt>
   <trkpt lon="-1.569881" lat="43.118230"><ele>345.75</ele></trkpt>
   <trkpt lon="-1.569637" lat="43.118093"><ele>346.0</ele></trkpt>
   <trkpt lon="-1.569558" lat="43.118081"><ele>346.0</ele></trkpt>
   <trkpt lon="-1.569525" lat="43.118034"><ele>346.5</ele></trkpt>
   <trkpt lon="-1.569353" lat="43.117975"><ele>347.5</ele></trkpt>
   <trkpt lon="-1.569225" lat="43.117946"><ele>348.75</ele></trkpt>
   <trkpt lon="-1.569128" lat="43.117923"><ele>349.75</ele></trkpt>
   <trkpt lon="-1.568908" lat="43.117876"><ele>352.0</ele></trkpt>
   <trkpt lon="-1.568570" lat="43.117801"><ele>356.0</ele></trkpt>
   <trkpt lon="-1.568473" lat="43.117789"><ele>357.5</ele></trkpt>
   <trkpt lon="-1.568241" lat="43.117759"><ele>361.25</ele></trkpt>
   <trkpt lon="-1.567979" lat="43.117783"><ele>365.25</ele></trkpt>
   <trkpt lon="-1.567776" lat="43.117844"><ele>369.75</ele></trkpt>
   <trkpt lon="-1.567483" lat="43.117952"><ele>375.75</ele></trkpt>
   <trkpt lon="-1.567273" lat="43.118022"><ele>378.25</ele></trkpt>
   <trkpt lon="-1.567206" lat="43.118044"><ele>379.0</ele></trkpt>
   <trkpt lon="-1.566891" lat="43.118097"><ele>383.0</ele></trkpt>
   <trkpt lon="-1.566670" lat="43.118091"><ele>386.0</ele></trkpt>
   <trkpt lon="-1.566506" lat="43.118073"><ele>387.5</ele></trkpt>
   <trkpt lon="-1.566336" lat="43.118386"><ele>389.75</ele></trkpt>
   <trkpt lon="-1.566256" lat="43.118503"><ele>389.75</ele></trkpt>
   <trkpt lon="-1.566071" lat="43.118682"><ele>386.0</ele></trkpt>
   <trkpt lon="-1.565979" lat="43.118751"><ele>385.75</ele></trkpt>
   <trkpt lon="-1.564917" lat="43.119530"><ele>377.75</ele></trkpt>
   <trkpt lon="-1.564582" lat="43.119804"><ele>375.75</ele></trkpt>
   <trkpt lon="-1.564452" lat="43.119942"><ele>375.5</ele></trkpt>
   <trkpt lon="-1.564286" lat="43.120171"><ele>373.5</ele></trkpt>
   <trkpt lon="-1.563967" lat="43.120651"><ele>370.5</ele></trkpt>
   <trkpt lon="-1.563874" lat="43.120828"><ele>369.25</ele></trkpt>
   <trkpt lon="-1.563764" lat="43.121103"><ele>368.75</ele></trkpt>
   <trkpt lon="-1.563547" lat="43.121849"><ele>364.0</ele></trkpt>
   <trkpt lon="-1.563424" lat="43.122570"><ele>362.0</ele></trkpt>
   <trkpt lon="-1.563336" lat="43.122744"><ele>361.25</ele></trkpt>
   <trkpt lon="-1.563260" lat="43.122838"><ele>360.5</ele></trkpt>
   <trkpt lon="-1.561602" lat="43.124217"><ele>351.25</ele></trkpt>
   <trkpt lon="-1.561378" lat="43.124306"><ele>351.75</ele></trkpt>
   <trkpt lon="-1.561208" lat="43.124323"><ele>351.0</ele></trkpt>
   <trkpt lon="-1.561048" lat="43.124289"><ele>350.75</ele></trkpt>
   <trkpt lon="-1.560931" lat="43.124232"><ele>350.75</ele></trkpt>
   <trkpt lon="-1.560809" lat="43.124132"><ele>351.75</ele></trkpt>
   <trkpt lon="-1.560720" lat="43.124021"><ele>351.25</ele></trkpt>
   <trkpt lon="-1.560596" lat="43.123830"><ele>351.25</ele></trkpt>
   <trkpt lon="-1.560553" lat="43.123726"><ele>349.75</ele></trkpt>
   <trkpt lon="-1.560491" lat="43.123536"><ele>349.0</ele></trkpt>
   <trkpt lon="-1.560449" lat="43.123280"><ele>349.0</ele></trkpt>
   <trkpt lon="-1.560491" lat="43.123112"><ele>348.5</ele></trkpt>
   <trkpt lon="-1.560583" lat="43.122939"><ele>348.75</ele></trkpt>
   <trkpt lon="-1.561360" lat="43.122185"><ele>348.0</ele></trkpt>
   <trkpt lon="-1.561573" lat="43.121913"><ele>346.0</ele></trkpt>
   <trkpt lon="-1.561627" lat="43.121807"><ele>345.5</ele></trkpt>
   <trkpt lon="-1.561633" lat="43.121714"><ele>344.25</ele></trkpt>
   <trkpt lon="-1.561604" lat="43.121641"><ele>343.0</ele></trkpt>
   <trkpt lon="-1.561540" lat="43.121598"><ele>342.75</ele></trkpt>
   <trkpt lon="-1.561436" lat="43.121581"><ele>342.0</ele></trkpt>
   <trkpt lon="-1.561372" lat="43.121591"><ele>341.75</ele></trkpt>
   <trkpt lon="-1.561276" lat="43.121632"><ele>341.75</ele></trkpt>
   <trkpt lon="-1.561129" lat="43.121711"><ele>340.5</ele></trkpt>
   <trkpt lon="-1.560662" lat="43.121990"><ele>338.25</ele></trkpt>
   <trkpt lon="-1.559919" lat="43.122331"><ele>331.25</ele></trkpt>
   <trkpt lon="-1.559199" lat="43.122679"><ele>327.0</ele></trkpt>
   <trkpt lon="-1.559074" lat="43.122785"><ele>326.0</ele></trkpt>
   <trkpt lon="-1.558970" lat="43.122935"><ele>325.0</ele></trkpt>
   <trkpt lon="-1.558748" lat="43.123490"><ele>321.25</ele></trkpt>
   <trkpt lon="-1.558645" lat="43.123748"><ele>319.25</ele></trkpt>
   <trkpt lon="-1.558432" lat="43.124063"><ele>316.5</ele></trkpt>
   <trkpt lon="-1.558257" lat="43.124318"><ele>313.0</ele></trkpt>
   <trkpt lon="-1.558043" lat="43.124636"><ele>310.75</ele></trkpt>
   <trkpt lon="-1.557957" lat="43.124772"><ele>310.0</ele></trkpt>
   <trkpt lon="-1.557930" lat="43.124837"><ele>310.0</ele></trkpt>
   <trkpt lon="-1.557922" lat="43.124897"><ele>309.75</ele></trkpt>
   <trkpt lon="-1.557934" lat="43.124970"><ele>309.5</ele></trkpt>
   <trkpt lon="-1.557972" lat="43.125031"><ele>309.5</ele></trkpt>
   <trkpt lon="-1.558085" lat="43.125120"><ele>309.75</ele></trkpt>
   <trkpt lon="-1.558349" lat="43.125247"><ele>310.0</ele></trkpt>
   <trkpt lon="-1.558558" lat="43.125332"><ele>309.75</ele></trkpt>
   <trkpt lon="-1.558696" lat="43.125413"><ele>309.5</ele></trkpt>
   <trkpt lon="-1.558876" lat="43.125558"><ele>309.25</ele></trkpt>
   <trkpt lon="-1.559018" lat="43.125692"><ele>307.0</ele></trkpt>
   <trkpt lon="-1.559250" lat="43.125978"><ele>304.75</ele></trkpt>
   <trkpt lon="-1.559333" lat="43.126113"><ele>304.25</ele></trkpt>
   <trkpt lon="-1.559393" lat="43.126241"><ele>303.0</ele></trkpt>
   <trkpt lon="-1.559438" lat="43.126467"><ele>301.5</ele></trkpt>
   <trkpt lon="-1.559396" lat="43.126683"><ele>300.25</ele></trkpt>
   <trkpt lon="-1.559283" lat="43.126900"><ele>298.75</ele></trkpt>
   <trkpt lon="-1.558937" lat="43.127302"><ele>295.5</ele></trkpt>
   <trkpt lon="-1.558913" lat="43.127411"><ele>294.5</ele></trkpt>
   <trkpt lon="-1.558949" lat="43.127526"><ele>293.0</ele></trkpt>
   <trkpt lon="-1.559369" lat="43.128125"><ele>291.75</ele></trkpt>
   <trkpt lon="-1.559761" lat="43.128703"><ele>289.75</ele></trkpt>
   <trkpt lon="-1.559846" lat="43.128848"><ele>289.0</ele></trkpt>
   <trkpt lon="-1.559891" lat="43.128967"><ele>288.25</ele></trkpt>
   <trkpt lon="-1.559918" lat="43.129071"><ele>288.0</ele></trkpt>
   <trkpt lon="-1.559926" lat="43.129199"><ele>287.75</ele></trkpt>
   <trkpt lon="-1.559923" lat="43.129395"><ele>286.5</ele></trkpt>
   <trkpt lon="-1.559855" lat="43.129761"><ele>283.5</ele></trkpt>
   <trkpt lon="-1.559691" lat="43.130058"><ele>282.0</ele></trkpt>
   <trkpt lon="-1.558927" lat="43.130846"><ele>277.25</ele></trkpt>
   <trkpt lon="-1.558896" lat="43.130927"><ele>277.75</ele></trkpt>
   <trkpt lon="-1.558913" lat="43.131030"><ele>277.5</ele></trkpt>
   <trkpt lon="-1.559029" lat="43.131161"><ele>277.5</ele></trkpt>
   <trkpt lon="-1.559584" lat="43.131417"><ele>278.0</ele></trkpt>
   <trkpt lon="-1.559998" lat="43.131708"><ele>280.5</ele></trkpt>
   <trkpt lon="-1.560280" lat="43.131948"><ele>280.0</ele></trkpt>
   <trkpt lon="-1.560376" lat="43.132097"><ele>280.0</ele></trkpt>
   <trkpt lon="-1.560430" lat="43.132192"><ele>280.0</ele></trkpt>
   <trkpt lon="-1.560627" lat="43.132740"><ele>276.75</ele></trkpt>
   <trkpt lon="-1.560868" lat="43.133488"><ele>278.25</ele></trkpt>
   <trkpt lon="-1.560856" lat="43.133658"><ele>277.75</ele></trkpt>
   <trkpt lon="-1.560698" lat="43.133856"><ele>277.5</ele></trkpt>
   <trkpt lon="-1.559531" lat="43.134698"><ele>270.25</ele></trkpt>
   <trkpt lon="-1.559234" lat="43.134853"><ele>269.25</ele></trkpt>
   <trkpt lon="-1.558817" lat="43.135010"><ele>268.75</ele></trkpt>
   <trkpt lon="-1.558533" lat="43.135064"><ele>267.5</ele></trkpt>
   <trkpt lon="-1.558154" lat="43.135086"><ele>266.0</ele></trkpt>
   <trkpt lon="-1.557741" lat="43.135056"><ele>264.0</ele></trkpt>
   <trkpt lon="-1.557495" lat="43.134973"><ele>263.25</ele></trkpt>
   <trkpt lon="-1.557217" lat="43.134797"><ele>261.5</ele></trkpt>
   <trkpt lon="-1.556926" lat="43.134551"><ele>260.25</ele></trkpt>
   <trkpt lon="-1.556796" lat="43.134382"><ele>259.75</ele></trkpt>
   <trkpt lon="-1.556661" lat="43.134162"><ele>258.75</ele></trkpt>
   <trkpt lon="-1.556572" lat="43.133939"><ele>256.75</ele></trkpt>
   <trkpt lon="-1.556517" lat="43.133725"><ele>256.0</ele></trkpt>
   <trkpt lon="-1.556487" lat="43.133465"><ele>255.0</ele></trkpt>
   <trkpt lon="-1.556427" lat="43.133296"><ele>253.25</ele></trkpt>
   <trkpt lon="-1.556356" lat="43.133187"><ele>252.0</ele></trkpt>
   <trkpt lon="-1.556243" lat="43.133087"><ele>250.75</ele></trkpt>
   <trkpt lon="-1.554991" lat="43.132270"><ele>243.25</ele></trkpt>
   <trkpt lon="-1.554732" lat="43.132042"><ele>242.0</ele></trkpt>
   <trkpt lon="-1.554628" lat="43.131887"><ele>240.5</ele></trkpt>
   <trkpt lon="-1.554623" lat="43.131782"><ele>240.25</ele></trkpt>
   <trkpt lon="-1.554656" lat="43.131673"><ele>241.25</ele></trkpt>
   <trkpt lon="-1.554736" lat="43.131566"><ele>240.5</ele></trkpt>
   <trkpt lon="-1.554844" lat="43.131486"><ele>239.75</ele></trkpt>
   <trkpt lon="-1.555004" lat="43.131417"><ele>239.0</ele></trkpt>
   <trkpt lon="-1.555494" lat="43.131295"><ele>237.0</ele></trkpt>
   <trkpt lon="-1.555680" lat="43.131211"><ele>235.5</ele></trkpt>
   <trkpt lon="-1.555820" lat="43.131127"><ele>234.25</ele></trkpt>
   <trkpt lon="-1.555900" lat="43.131043"><ele>233.75</ele></trkpt>
   <trkpt lon="-1.555973" lat="43.130925"><ele>234.0</ele></trkpt>
   <trkpt lon="-1.556015" lat="43.130765"><ele>233.25</ele></trkpt>
   <trkpt lon="-1.556041" lat="43.130657"><ele>232.5</ele></trkpt>
   <trkpt lon="-1.556038" lat="43.130552"><ele>231.25</ele></trkpt>
   <trkpt lon="-1.556018" lat="43.130479"><ele>231.75</ele></trkpt>
   <trkpt lon="-1.555981" lat="43.130429"><ele>232.0</ele></trkpt>
   <trkpt lon="-1.555939" lat="43.130398"><ele>232.0</ele></trkpt>
   <trkpt lon="-1.555872" lat="43.130365"><ele>232.0</ele></trkpt>
   <trkpt lon="-1.555583" lat="43.130296"><ele>228.75</ele></trkpt>
   <trkpt lon="-1.555235" lat="43.130182"><ele>230.25</ele></trkpt>
   <trkpt lon="-1.555070" lat="43.130098"><ele>227.75</ele></trkpt>
   <trkpt lon="-1.554950" lat="43.130022"><ele>225.25</ele></trkpt>
   <trkpt lon="-1.554875" lat="43.129950"><ele>224.75</ele></trkpt>
   <trkpt lon="-1.554765" lat="43.129748"><ele>224.75</ele></trkpt>
   <trkpt lon="-1.554581" lat="43.128959"><ele>218.0</ele></trkpt>
   <trkpt lon="-1.554526" lat="43.128842"><ele>216.75</ele></trkpt>
   <trkpt lon="-1.554456" lat="43.128752"><ele>216.5</ele></trkpt>
   <trkpt lon="-1.554356" lat="43.128671"><ele>216.5</ele></trkpt>
   <trkpt lon="-1.554204" lat="43.128577"><ele>216.75</ele></trkpt>
   <trkpt lon="-1.554026" lat="43.128493"><ele>216.25</ele></trkpt>
   <trkpt lon="-1.553102" lat="43.128230"><ele>214.25</ele></trkpt>
   <trkpt lon="-1.552414" lat="43.128034"><ele>209.75</ele></trkpt>
   <trkpt lon="-1.551770" lat="43.127764"><ele>203.5</ele></trkpt>
   <trkpt lon="-1.551538" lat="43.127666"><ele>200.25</ele></trkpt>
   <trkpt lon="-1.551370" lat="43.127628"><ele>198.75</ele></trkpt>
   <trkpt lon="-1.551224" lat="43.127625"><ele>197.25</ele></trkpt>
   <trkpt lon="-1.550814" lat="43.127640"><ele>194.75</ele></trkpt>
   <trkpt lon="-1.550505" lat="43.127667"><ele>194.0</ele></trkpt>
   <trkpt lon="-1.550282" lat="43.127701"><ele>193.25</ele></trkpt>
   <trkpt lon="-1.550110" lat="43.127743"><ele>195.0</ele></trkpt>
   <trkpt lon="-1.549708" lat="43.127842"><ele>196.75</ele></trkpt>
   <trkpt lon="-1.549441" lat="43.127914"><ele>196.5</ele></trkpt>
   <trkpt lon="-1.549214" lat="43.127988"><ele>196.0</ele></trkpt>
   <trkpt lon="-1.548980" lat="43.128090"><ele>196.5</ele></trkpt>
   <trkpt lon="-1.548929" lat="43.128123"><ele>196.5</ele></trkpt>
   <trkpt lon="-1.548646" lat="43.128370"><ele>195.75</ele></trkpt>
   <trkpt lon="-1.548352" lat="43.128675"><ele>196.0</ele></trkpt>
   <trkpt lon="-1.548192" lat="43.128890"><ele>197.0</ele></trkpt>
   <trkpt lon="-1.548125" lat="43.128960"><ele>197.25</ele></trkpt>
   <trkpt lon="-1.547906" lat="43.129249"><ele>200.0</ele></trkpt>
   <trkpt lon="-1.547746" lat="43.129486"><ele>203.25</ele></trkpt>
   <trkpt lon="-1.547531" lat="43.129884"><ele>207.0</ele></trkpt>
   <trkpt lon="-1.547448" lat="43.130049"><ele>208.75</ele></trkpt>
   <trkpt lon="-1.547416" lat="43.130159"><ele>209.25</ele></trkpt>
   <trkpt lon="-1.547287" lat="43.130666"><ele>210.75</ele></trkpt>
   <trkpt lon="-1.547312" lat="43.130715"><ele>210.75</ele></trkpt>
   <trkpt lon="-1.547233" lat="43.130734"><ele>211.5</ele></trkpt>
   <trkpt lon="-1.547150" lat="43.130803"><ele>211.75</ele></trkpt>
   <trkpt lon="-1.547081" lat="43.130898"><ele>212.0</ele></trkpt>
   <trkpt lon="-1.547004" lat="43.130947"><ele>212.0</ele></trkpt>
   <trkpt lon="-1.546873" lat="43.131031"><ele>211.75</ele></trkpt>
   <trkpt lon="-1.546675" lat="43.131112"><ele>210.0</ele></trkpt>
   <trkpt lon="-1.546167" lat="43.131275"><ele>207.25</ele></trkpt>
   <trkpt lon="-1.545973" lat="43.131361"><ele>205.0</ele></trkpt>
   <trkpt lon="-1.545691" lat="43.131501"><ele>202.5</ele></trkpt>
   <trkpt lon="-1.545627" lat="43.131533"><ele>201.75</ele></trkpt>
   <trkpt lon="-1.545531" lat="43.131580"><ele>201.0</ele></trkpt>
   <trkpt lon="-1.544750" lat="43.131967"><ele>194.75</ele></trkpt>
   <trkpt lon="-1.544326" lat="43.132178"><ele>193.75</ele></trkpt>
   <trkpt lon="-1.544248" lat="43.132216"><ele>194.25</ele></trkpt>
   <trkpt lon="-1.543942" lat="43.132370"><ele>194.75</ele></trkpt>
   <trkpt lon="-1.543591" lat="43.132546"><ele>195.0</ele></trkpt>
   <trkpt lon="-1.543225" lat="43.132729"><ele>195.5</ele></trkpt>
   <trkpt lon="-1.543111" lat="43.132786"><ele>195.5</ele></trkpt>
   <trkpt lon="-1.542822" lat="43.132931"><ele>196.0</ele></trkpt>
   <trkpt lon="-1.542422" lat="43.133132"><ele>195.25</ele></trkpt>
   <trkpt lon="-1.541664" lat="43.133512"><ele>194.0</ele></trkpt>
   <trkpt lon="-1.541196" lat="43.133747"><ele>194.5</ele></trkpt>
   <trkpt lon="-1.541014" lat="43.133810"><ele>195.0</ele></trkpt>
   <trkpt lon="-1.540719" lat="43.133900"><ele>191.75</ele></trkpt>
   <trkpt lon="-1.538436" lat="43.134367"><ele>189.5</ele></trkpt>
   <trkpt lon="-1.537684" lat="43.134521"><ele>191.0</ele></trkpt>
   <trkpt lon="-1.537276" lat="43.134605"><ele>191.75</ele></trkpt>
   <trkpt lon="-1.536909" lat="43.134680"><ele>192.0</ele></trkpt>
   <trkpt lon="-1.536154" lat="43.134835"><ele>192.5</ele></trkpt>
   <trkpt lon="-1.535305" lat="43.135010"><ele>190.75</ele></trkpt>
   <trkpt lon="-1.535051" lat="43.135063"><ele>190.25</ele></trkpt>
   <trkpt lon="-1.535002" lat="43.135073"><ele>190.25</ele></trkpt>
   <trkpt lon="-1.534929" lat="43.135088"><ele>190.0</ele></trkpt>
   <trkpt lon="-1.534698" lat="43.135136"><ele>190.0</ele></trkpt>
   <trkpt lon="-1.534072" lat="43.135265"><ele>193.25</ele></trkpt>
   <trkpt lon="-1.532862" lat="43.135542"><ele>195.0</ele></trkpt>
   <trkpt lon="-1.532574" lat="43.135640"><ele>194.25</ele></trkpt>
   <trkpt lon="-1.532173" lat="43.135841"><ele>194.0</ele></trkpt>
   <trkpt lon="-1.531793" lat="43.136034"><ele>193.25</ele></trkpt>
   <trkpt lon="-1.531287" lat="43.136291"><ele>191.0</ele></trkpt>
   <trkpt lon="-1.529923" lat="43.136989"><ele>187.75</ele></trkpt>
   <trkpt lon="-1.528336" lat="43.137802"><ele>188.75</ele></trkpt>
   <trkpt lon="-1.528025" lat="43.137948"><ele>189.0</ele></trkpt>
   <trkpt lon="-1.527519" lat="43.138185"><ele>189.0</ele></trkpt>
   <trkpt lon="-1.525700" lat="43.139100"><ele>191.25</ele></trkpt>
   <trkpt lon="-1.525504" lat="43.139198"><ele>191.75</ele></trkpt>
   <trkpt lon="-1.525070" lat="43.139416"><ele>192.0</ele></trkpt>
   <trkpt lon="-1.524159" lat="43.139875"><ele>192.5</ele></trkpt>
   <trkpt lon="-1.523647" lat="43.140132"><ele>193.0</ele></trkpt>
   <trkpt lon="-1.523298" lat="43.140332"><ele>193.0</ele></trkpt>
   <trkpt lon="-1.523162" lat="43.140443"><ele>193.0</ele></trkpt>
   <trkpt lon="-1.523084" lat="43.140508"><ele>193.0</ele></trkpt>
   <trkpt lon="-1.522321" lat="43.141135"><ele>193.5</ele></trkpt>
   <trkpt lon="-1.522259" lat="43.141186"><ele>193.75</ele></trkpt>
   <trkpt lon="-1.522200" lat="43.141234"><ele>194.0</ele></trkpt>
   <trkpt lon="-1.522095" lat="43.141320"><ele>194.0</ele></trkpt>
   <trkpt lon="-1.521383" lat="43.141908"><ele>194.0</ele></trkpt>
   <trkpt lon="-1.521046" lat="43.142187"><ele>195.0</ele></trkpt>
   <trkpt lon="-1.520897" lat="43.142311"><ele>195.0</ele></trkpt>
   <trkpt lon="-1.520844" lat="43.142354"><ele>195.0</ele></trkpt>
   <trkpt lon="-1.520642" lat="43.142521"><ele>195.0</ele></trkpt>
   <trkpt lon="-1.520520" lat="43.142622"><ele>195.25</ele></trkpt>
   <trkpt lon="-1.520333" lat="43.142777"><ele>195.75</ele></trkpt>
   <trkpt lon="-1.520295" lat="43.142809"><ele>195.75</ele></trkpt>
   <trkpt lon="-1.519912" lat="43.143131"><ele>196.0</ele></trkpt>
   <trkpt lon="-1.519715" lat="43.143297"><ele>196.0</ele></trkpt>
   <trkpt lon="-1.519607" lat="43.143391"><ele>196.75</ele></trkpt>
   <trkpt lon="-1.519020" lat="43.143904"><ele>197.0</ele></trkpt>
   <trkpt lon="-1.518730" lat="43.144204"><ele>198.0</ele></trkpt>
   <trkpt lon="-1.518649" lat="43.144287"><ele>197.5</ele></trkpt>
   <trkpt lon="-1.518591" lat="43.144246"><ele>197.75</ele></trkpt>
   <trkpt lon="-1.517945" lat="43.143777"><ele>198.25</ele></trkpt>
   <trkpt lon="-1.517494" lat="43.144023"><ele>199.0</ele></trkpt>
   <trkpt lon="-1.517134" lat="43.144207"><ele>199.25</ele></trkpt>
   <trkpt lon="-1.516083" lat="43.144804"><ele>201.0</ele></trkpt>
   <trkpt lon="-1.515781" lat="43.144570"><ele>201.0</ele></trkpt>
   <trkpt lon="-1.515668" lat="43.144589"><ele>201.0</ele></trkpt>
   <trkpt lon="-1.515436" lat="43.144599"><ele>201.0</ele></trkpt>
   <trkpt lon="-1.515373" lat="43.144546"><ele>201.25</ele></trkpt>
   <trkpt lon="-1.515259" lat="43.144363"><ele>202.0</ele></trkpt>
   <trkpt lon="-1.514981" lat="43.143983"><ele>203.75</ele></trkpt>
   <trkpt lon="-1.514513" lat="43.143380"><ele>210.75</ele></trkpt>
   <trkpt lon="-1.514343" lat="43.142959"><ele>217.5</ele></trkpt>
   <trkpt lon="-1.514298" lat="43.142866"><ele>218.0</ele></trkpt>
   <trkpt lon="-1.514241" lat="43.142787"><ele>218.25</ele></trkpt>
   <trkpt lon="-1.514212" lat="43.142721"><ele>218.5</ele></trkpt>
   <trkpt lon="-1.514159" lat="43.142600"><ele>218.5</ele></trkpt>
   <trkpt lon="-1.514145" lat="43.142476"><ele>218.5</ele></trkpt>
   <trkpt lon="-1.514107" lat="43.142422"><ele>219.5</ele></trkpt>
   <trkpt lon="-1.514032" lat="43.142275"><ele>220.5</ele></trkpt>
   <trkpt lon="-1.513920" lat="43.142151"><ele>220.75</ele></trkpt>
   <trkpt lon="-1.513811" lat="43.142072"><ele>221.75</ele></trkpt>
   <trkpt lon="-1.513704" lat="43.142038"><ele>222.0</ele></trkpt>
   <trkpt lon="-1.513472" lat="43.142016"><ele>223.0</ele></trkpt>
   <trkpt lon="-1.513054" lat="43.142010"><ele>224.25</ele></trkpt>
   <trkpt lon="-1.512703" lat="43.141976"><ele>224.25</ele></trkpt>
   <trkpt lon="-1.512474" lat="43.141987"><ele>225.25</ele></trkpt>
   <trkpt lon="-1.512160" lat="43.141983"><ele>226.5</ele></trkpt>
   <trkpt lon="-1.511838" lat="43.141942"><ele>229.5</ele></trkpt>
   <trkpt lon="-1.511497" lat="43.141917"><ele>232.75</ele></trkpt>
   <trkpt lon="-1.511154" lat="43.141858"><ele>239.25</ele></trkpt>
   <trkpt lon="-1.510548" lat="43.141694"><ele>251.5</ele></trkpt>
   <trkpt lon="-1.510307" lat="43.141619"><ele>253.0</ele></trkpt>
   <trkpt lon="-1.510255" lat="43.141524"><ele>252.5</ele></trkpt>
   <trkpt lon="-1.510164" lat="43.141286"><ele>250.0</ele></trkpt>
   <trkpt lon="-1.510060" lat="43.141216"><ele>250.0</ele></trkpt>
   <trkpt lon="-1.509845" lat="43.141197"><ele>249.25</ele></trkpt>
   <trkpt lon="-1.509765" lat="43.141228"><ele>249.0</ele></trkpt>
   <trkpt lon="-1.509531" lat="43.141454"><ele>247.25</ele></trkpt>
   <trkpt lon="-1.509346" lat="43.141526"><ele>245.5</ele></trkpt>
   <trkpt lon="-1.509169" lat="43.141600"><ele>244.25</ele></trkpt>
   <trkpt lon="-1.508949" lat="43.141709"><ele>243.5</ele></trkpt>
   <trkpt lon="-1.508767" lat="43.141827"><ele>244.0</ele></trkpt>
   <trkpt lon="-1.508614" lat="43.141943"><ele>244.0</ele></trkpt>
   <trkpt lon="-1.508504" lat="43.142093"><ele>243.5</ele></trkpt>
   <trkpt lon="-1.508268" lat="43.142357"><ele>239.5</ele></trkpt>
   <trkpt lon="-1.508268" lat="43.142391"><ele>239.5</ele></trkpt>
   <trkpt lon="-1.508270" lat="43.142621"><ele>238.25</ele></trkpt>
   <trkpt lon="-1.508269" lat="43.142725"><ele>236.75</ele></trkpt>
   <trkpt lon="-1.508250" lat="43.142771"><ele>236.0</ele></trkpt>
   <trkpt lon="-1.508206" lat="43.142785"><ele>235.25</ele></trkpt>
   <trkpt lon="-1.508147" lat="43.142785"><ele>234.75</ele></trkpt>
   <trkpt lon="-1.508032" lat="43.142716"><ele>234.0</ele></trkpt>
   <trkpt lon="-1.507922" lat="43.142617"><ele>233.0</ele></trkpt>
   <trkpt lon="-1.507775" lat="43.142406"><ele>230.75</ele></trkpt>
   <trkpt lon="-1.507702" lat="43.142273"><ele>230.5</ele></trkpt>
   <trkpt lon="-1.507685" lat="43.142191"><ele>231.25</ele></trkpt>
   <trkpt lon="-1.507553" lat="43.142199"><ele>230.75</ele></trkpt>
   <trkpt lon="-1.507423" lat="43.142220"><ele>231.0</ele></trkpt>
   <trkpt lon="-1.507344" lat="43.142266"><ele>231.5</ele></trkpt>
   <trkpt lon="-1.507152" lat="43.142387"><ele>231.25</ele></trkpt>
   <trkpt lon="-1.506844" lat="43.142538"><ele>229.5</ele></trkpt>
   <trkpt lon="-1.506672" lat="43.142605"><ele>229.0</ele></trkpt>
   <trkpt lon="-1.506559" lat="43.142714"><ele>229.0</ele></trkpt>
   <trkpt lon="-1.506457" lat="43.142793"><ele>228.25</ele></trkpt>
   <trkpt lon="-1.506357" lat="43.142840"><ele>227.75</ele></trkpt>
   <trkpt lon="-1.506299" lat="43.142856"><ele>227.75</ele></trkpt>
   <trkpt lon="-1.506189" lat="43.142863"><ele>227.75</ele></trkpt>
   <trkpt lon="-1.505050" lat="43.142743"><ele>216.25</ele></trkpt>
   <trkpt lon="-1.504927" lat="43.142628"><ele>217.0</ele></trkpt>
   <trkpt lon="-1.504693" lat="43.142371"><ele>217.75</ele></trkpt>
   <trkpt lon="-1.504338" lat="43.141904"><ele>218.75</ele></trkpt>
   <trkpt lon="-1.504234" lat="43.141698"><ele>219.75</ele></trkpt>
   <trkpt lon="-1.504119" lat="43.141379"><ele>220.25</ele></trkpt>
   <trkpt lon="-1.504027" lat="43.141016"><ele>222.75</ele></trkpt>
   <trkpt lon="-1.503941" lat="43.140509"><ele>227.25</ele></trkpt>
   <trkpt lon="-1.503850" lat="43.140379"><ele>227.25</ele></trkpt>
   <trkpt lon="-1.503743" lat="43.140286"><ele>225.5</ele></trkpt>
   <trkpt lon="-1.503472" lat="43.140163"><ele>226.25</ele></trkpt>
   <trkpt lon="-1.503164" lat="43.139966"><ele>227.75</ele></trkpt>
   <trkpt lon="-1.502976" lat="43.139891"><ele>227.5</ele></trkpt>
   <trkpt lon="-1.502686" lat="43.139763"><ele>227.5</ele></trkpt>
   <trkpt lon="-1.501980" lat="43.139461"><ele>227.0</ele></trkpt>
   <trkpt lon="-1.501873" lat="43.139401"><ele>227.25</ele></trkpt>
   <trkpt lon="-1.501719" lat="43.139241"><ele>228.5</ele></trkpt>
   <trkpt lon="-1.501431" lat="43.138833"><ele>230.75</ele></trkpt>
   <trkpt lon="-1.501359" lat="43.138714"><ele>231.0</ele></trkpt>
   <trkpt lon="-1.501299" lat="43.138510"><ele>232.0</ele></trkpt>
   <trkpt lon="-1.501227" lat="43.138206"><ele>232.5</ele></trkpt>
   <trkpt lon="-1.501195" lat="43.137964"><ele>232.5</ele></trkpt>
   <trkpt lon="-1.501198" lat="43.137765"><ele>231.75</ele></trkpt>
   <trkpt lon="-1.501327" lat="43.137322"><ele>234.5</ele></trkpt>
   <trkpt lon="-1.501362" lat="43.137166"><ele>234.75</ele></trkpt>
   <trkpt lon="-1.501355" lat="43.137095"><ele>234.5</ele></trkpt>
   <trkpt lon="-1.501289" lat="43.136999"><ele>234.5</ele></trkpt>
   <trkpt lon="-1.501141" lat="43.136823"><ele>236.0</ele></trkpt>
   <trkpt lon="-1.500790" lat="43.136436"><ele>239.0</ele></trkpt>
   <trkpt lon="-1.500721" lat="43.136311"><ele>239.75</ele></trkpt>
   <trkpt lon="-1.500679" lat="43.136157"><ele>240.0</ele></trkpt>
   <trkpt lon="-1.500702" lat="43.135963"><ele>240.75</ele></trkpt>
   <trkpt lon="-1.500736" lat="43.135584"><ele>241.0</ele></trkpt>
   <trkpt lon="-1.500717" lat="43.135503"><ele>241.0</ele></trkpt>
   <trkpt lon="-1.500647" lat="43.135426"><ele>242.0</ele></trkpt>
   <trkpt lon="-1.500202" lat="43.135179"><ele>245.5</ele></trkpt>
   <trkpt lon="-1.500116" lat="43.135109"><ele>246.75</ele></trkpt>
   <trkpt lon="-1.500057" lat="43.135060"><ele>247.75</ele></trkpt>
   <trkpt lon="-1.499871" lat="43.134781"><ele>250.75</ele></trkpt>
   <trkpt lon="-1.499745" lat="43.134650"><ele>251.25</ele></trkpt>
   <trkpt lon="-1.499461" lat="43.134438"><ele>254.5</ele></trkpt>
   <trkpt lon="-1.499300" lat="43.134305"><ele>255.0</ele></trkpt>
   <trkpt lon="-1.499014" lat="43.134081"><ele>256.75</ele></trkpt>
   <trkpt lon="-1.498866" lat="43.133881"><ele>256.25</ele></trkpt>
   <trkpt lon="-1.498850" lat="43.133759"><ele>257.25</ele></trkpt>
   <trkpt lon="-1.498976" lat="43.133360"><ele>257.25</ele></trkpt>
   <trkpt lon="-1.498980" lat="43.133260"><ele>257.0</ele></trkpt>
   <trkpt lon="-1.498919" lat="43.133149"><ele>258.0</ele></trkpt>
   <trkpt lon="-1.498824" lat="43.133057"><ele>259.25</ele></trkpt>
   <trkpt lon="-1.498621" lat="43.132928"><ele>259.0</ele></trkpt>
   <trkpt lon="-1.498373" lat="43.132798"><ele>262.0</ele></trkpt>
   <trkpt lon="-1.498205" lat="43.132722"><ele>263.5</ele></trkpt>
   <trkpt lon="-1.497894" lat="43.132641"><ele>265.5</ele></trkpt>
   <trkpt lon="-1.497770" lat="43.132599"><ele>266.0</ele></trkpt>
   <trkpt lon="-1.497685" lat="43.132536"><ele>266.5</ele></trkpt>
   <trkpt lon="-1.497584" lat="43.132439"><ele>267.0</ele></trkpt>
   <trkpt lon="-1.497496" lat="43.132329"><ele>267.25</ele></trkpt>
   <trkpt lon="-1.497430" lat="43.132263"><ele>267.5</ele></trkpt>
   <trkpt lon="-1.497332" lat="43.132208"><ele>268.0</ele></trkpt>
   <trkpt lon="-1.497054" lat="43.132104"><ele>270.25</ele></trkpt>
   <trkpt lon="-1.496828" lat="43.131995"><ele>271.0</ele></trkpt>
   <trkpt lon="-1.496632" lat="43.131819"><ele>271.0</ele></trkpt>
   <trkpt lon="-1.496208" lat="43.131477"><ele>274.75</ele></trkpt>
   <trkpt lon="-1.495862" lat="43.131162"><ele>276.5</ele></trkpt>
   <trkpt lon="-1.495433" lat="43.130801"><ele>279.75</ele></trkpt>
   <trkpt lon="-1.495189" lat="43.130569"><ele>283.5</ele></trkpt>
   <trkpt lon="-1.495042" lat="43.130319"><ele>285.75</ele></trkpt>
   <trkpt lon="-1.494966" lat="43.130143"><ele>285.5</ele></trkpt>
   <trkpt lon="-1.494880" lat="43.130020"><ele>285.75</ele></trkpt>
   <trkpt lon="-1.494769" lat="43.129914"><ele>286.0</ele></trkpt>
   <trkpt lon="-1.494624" lat="43.129839"><ele>287.25</ele></trkpt>
   <trkpt lon="-1.493703" lat="43.129510"><ele>294.25</ele></trkpt>
   <trkpt lon="-1.492994" lat="43.129239"><ele>302.25</ele></trkpt>
   <trkpt lon="-1.492314" lat="43.129044"><ele>308.0</ele></trkpt>
   <trkpt lon="-1.492092" lat="43.128936"><ele>308.75</ele></trkpt>
   <trkpt lon="-1.491497" lat="43.128608"><ele>311.75</ele></trkpt>
   <trkpt lon="-1.491059" lat="43.128329"><ele>317.5</ele></trkpt>
   <trkpt lon="-1.490723" lat="43.128135"><ele>321.0</ele></trkpt>
   <trkpt lon="-1.490481" lat="43.127987"><ele>323.0</ele></trkpt>
   <trkpt lon="-1.490307" lat="43.127901"><ele>326.0</ele></trkpt>
   <trkpt lon="-1.490164" lat="43.127853"><ele>327.25</ele></trkpt>
   <trkpt lon="-1.490055" lat="43.127844"><ele>329.0</ele></trkpt>
   <trkpt lon="-1.489952" lat="43.127863"><ele>330.0</ele></trkpt>
   <trkpt lon="-1.489816" lat="43.127936"><ele>331.0</ele></trkpt>
   <trkpt lon="-1.489639" lat="43.128062"><ele>333.25</ele></trkpt>
   <trkpt lon="-1.489356" lat="43.128184"><ele>335.0</ele></trkpt>
   <trkpt lon="-1.489113" lat="43.128256"><ele>334.75</ele></trkpt>
   <trkpt lon="-1.488963" lat="43.128287"><ele>334.75</ele></trkpt>
   <trkpt lon="-1.488839" lat="43.128301"><ele>335.25</ele></trkpt>
   <trkpt lon="-1.488246" lat="43.128244"><ele>337.75</ele></trkpt>
   <trkpt lon="-1.487999" lat="43.128188"><ele>339.75</ele></trkpt>
   <trkpt lon="-1.487598" lat="43.128036"><ele>341.5</ele></trkpt>
   <trkpt lon="-1.487291" lat="43.127904"><ele>345.0</ele></trkpt>
   <trkpt lon="-1.487073" lat="43.127842"><ele>348.0</ele></trkpt>
   <trkpt lon="-1.486894" lat="43.127815"><ele>349.75</ele></trkpt>
   <trkpt lon="-1.486565" lat="43.127784"><ele>352.25</ele></trkpt>
   <trkpt lon="-1.486172" lat="43.127785"><ele>355.75</ele></trkpt>
   <trkpt lon="-1.485767" lat="43.127771"><ele>358.0</ele></trkpt>
   <trkpt lon="-1.485587" lat="43.127736"><ele>360.5</ele></trkpt>
   <trkpt lon="-1.485428" lat="43.127693"><ele>363.75</ele></trkpt>
   <trkpt lon="-1.484849" lat="43.127488"><ele>367.25</ele></trkpt>
   <trkpt lon="-1.484676" lat="43.127436"><ele>369.0</ele></trkpt>
   <trkpt lon="-1.484482" lat="43.127399"><ele>372.0</ele></trkpt>
   <trkpt lon="-1.484328" lat="43.127384"><ele>373.5</ele></trkpt>
   <trkpt lon="-1.483699" lat="43.127354"><ele>379.5</ele></trkpt>
   <trkpt lon="-1.483515" lat="43.127324"><ele>380.5</ele></trkpt>
   <trkpt lon="-1.483004" lat="43.127206"><ele>383.25</ele></trkpt>
   <trkpt lon="-1.482947" lat="43.127219"><ele>384.5</ele></trkpt>
   <trkpt lon="-1.482913" lat="43.127248"><ele>386.0</ele></trkpt>
   <trkpt lon="-1.482928" lat="43.127291"><ele>388.0</ele></trkpt>
   <trkpt lon="-1.482968" lat="43.127319"><ele>389.0</ele></trkpt>
   <trkpt lon="-1.483054" lat="43.127350"><ele>389.5</ele></trkpt>
   <trkpt lon="-1.483403" lat="43.127443"><ele>389.0</ele></trkpt>
   <trkpt lon="-1.483787" lat="43.127564"><ele>391.0</ele></trkpt>
   <trkpt lon="-1.484178" lat="43.127699"><ele>393.5</ele></trkpt>
   <trkpt lon="-1.484762" lat="43.127988"><ele>395.25</ele></trkpt>
   <trkpt lon="-1.484818" lat="43.128037"><ele>396.75</ele></trkpt>
   <trkpt lon="-1.484831" lat="43.128087"><ele>398.25</ele></trkpt>
   <trkpt lon="-1.484811" lat="43.128136"><ele>399.75</ele></trkpt>
   <trkpt lon="-1.484742" lat="43.128163"><ele>401.25</ele></trkpt>
   <trkpt lon="-1.484640" lat="43.128157"><ele>402.5</ele></trkpt>
   <trkpt lon="-1.484494" lat="43.128102"><ele>402.75</ele></trkpt>
   <trkpt lon="-1.484310" lat="43.127998"><ele>402.5</ele></trkpt>
   <trkpt lon="-1.484163" lat="43.127941"><ele>403.75</ele></trkpt>
   <trkpt lon="-1.484026" lat="43.127899"><ele>404.75</ele></trkpt>
   <trkpt lon="-1.483853" lat="43.127872"><ele>406.75</ele></trkpt>
   <trkpt lon="-1.483181" lat="43.127839"><ele>414.25</ele></trkpt>
   <trkpt lon="-1.482819" lat="43.127841"><ele>418.75</ele></trkpt>
   <trkpt lon="-1.481857" lat="43.127826"><ele>426.0</ele></trkpt>
   <trkpt lon="-1.481624" lat="43.127816"><ele>428.0</ele></trkpt>
   <trkpt lon="-1.481430" lat="43.127787"><ele>429.75</ele></trkpt>
   <trkpt lon="-1.481216" lat="43.127729"><ele>431.5</ele></trkpt>
   <trkpt lon="-1.481009" lat="43.127650"><ele>432.75</ele></trkpt>
   <trkpt lon="-1.480761" lat="43.127541"><ele>435.75</ele></trkpt>
   <trkpt lon="-1.480444" lat="43.127371"><ele>440.0</ele></trkpt>
   <trkpt lon="-1.480196" lat="43.127223"><ele>443.5</ele></trkpt>
   <trkpt lon="-1.479986" lat="43.127155"><ele>446.5</ele></trkpt>
   <trkpt lon="-1.479822" lat="43.127115"><ele>448.25</ele></trkpt>
   <trkpt lon="-1.479627" lat="43.127078"><ele>451.0</ele></trkpt>
   <trkpt lon="-1.479352" lat="43.127039"><ele>455.0</ele></trkpt>
   <trkpt lon="-1.478994" lat="43.127022"><ele>460.25</ele></trkpt>
   <trkpt lon="-1.478841" lat="43.126997"><ele>461.25</ele></trkpt>
   <trkpt lon="-1.478762" lat="43.126959"><ele>460.75</ele></trkpt>
   <trkpt lon="-1.478723" lat="43.126890"><ele>460.75</ele></trkpt>
   <trkpt lon="-1.478698" lat="43.126816"><ele>461.5</ele></trkpt>
   <trkpt lon="-1.478749" lat="43.126670"><ele>460.0</ele></trkpt>
   <trkpt lon="-1.478876" lat="43.126540"><ele>461.75</ele></trkpt>
   <trkpt lon="-1.479291" lat="43.126187"><ele>461.0</ele></trkpt>
   <trkpt lon="-1.479358" lat="43.126120"><ele>463.0</ele></trkpt>
   <trkpt lon="-1.479416" lat="43.126039"><ele>463.0</ele></trkpt>
   <trkpt lon="-1.479430" lat="43.125986"><ele>462.5</ele></trkpt>
   <trkpt lon="-1.479394" lat="43.125869"><ele>462.75</ele></trkpt>
   <trkpt lon="-1.479328" lat="43.125758"><ele>461.75</ele></trkpt>
   <trkpt lon="-1.479263" lat="43.125611"><ele>459.75</ele></trkpt>
   <trkpt lon="-1.479201" lat="43.125436"><ele>459.25</ele></trkpt>
   <trkpt lon="-1.479190" lat="43.125307"><ele>458.25</ele></trkpt>
   <trkpt lon="-1.479205" lat="43.125145"><ele>456.5</ele></trkpt>
   <trkpt lon="-1.479232" lat="43.124984"><ele>454.5</ele></trkpt>
   <trkpt lon="-1.479231" lat="43.124867"><ele>452.5</ele></trkpt>
   <trkpt lon="-1.479198" lat="43.124758"><ele>451.75</ele></trkpt>
   <trkpt lon="-1.479113" lat="43.124618"><ele>450.75</ele></trkpt>
   <trkpt lon="-1.478950" lat="43.124414"><ele>449.5</ele></trkpt>
   <trkpt lon="-1.478874" lat="43.124303"><ele>448.75</ele></trkpt>
   <trkpt lon="-1.478833" lat="43.124168"><ele>446.5</ele></trkpt>
   <trkpt lon="-1.478821" lat="43.123957"><ele>443.75</ele></trkpt>
   <trkpt lon="-1.478830" lat="43.123741"><ele>441.25</ele></trkpt>
   <trkpt lon="-1.478828" lat="43.123518"><ele>438.75</ele></trkpt>
   <trkpt lon="-1.478792" lat="43.123406"><ele>437.5</ele></trkpt>
   <trkpt lon="-1.478736" lat="43.123320"><ele>436.75</ele></trkpt>
   <trkpt lon="-1.478449" lat="43.123027"><ele>433.0</ele></trkpt>
   <trkpt lon="-1.478307" lat="43.122863"><ele>431.0</ele></trkpt>
   <trkpt lon="-1.477993" lat="43.122413"><ele>426.5</ele></trkpt>
   <trkpt lon="-1.477750" lat="43.122139"><ele>424.0</ele></trkpt>
   <trkpt lon="-1.477369" lat="43.121741"><ele>419.5</ele></trkpt>
   <trkpt lon="-1.477206" lat="43.121599"><ele>418.0</ele></trkpt>
   <trkpt lon="-1.476948" lat="43.121398"><ele>416.0</ele></trkpt>
   <trkpt lon="-1.476658" lat="43.121182"><ele>414.75</ele></trkpt>
   <trkpt lon="-1.476500" lat="43.121077"><ele>412.75</ele></trkpt>
   <trkpt lon="-1.476277" lat="43.120992"><ele>411.25</ele></trkpt>
   <trkpt lon="-1.476092" lat="43.120939"><ele>409.75</ele></trkpt>
   <trkpt lon="-1.475273" lat="43.120822"><ele>401.25</ele></trkpt>
   <trkpt lon="-1.474747" lat="43.120629"><ele>398.25</ele></trkpt>
   <trkpt lon="-1.474557" lat="43.120617"><ele>397.25</ele></trkpt>
   <trkpt lon="-1.474344" lat="43.120613"><ele>396.0</ele></trkpt>
   <trkpt lon="-1.474090" lat="43.120651"><ele>395.25</ele></trkpt>
   <trkpt lon="-1.473796" lat="43.120704"><ele>394.0</ele></trkpt>
   <trkpt lon="-1.473610" lat="43.120709"><ele>392.75</ele></trkpt>
   <trkpt lon="-1.473461" lat="43.120686"><ele>392.25</ele></trkpt>
   <trkpt lon="-1.473257" lat="43.120632"><ele>391.5</ele></trkpt>
   <trkpt lon="-1.473155" lat="43.120599"><ele>391.25</ele></trkpt>
   <trkpt lon="-1.473054" lat="43.120541"><ele>390.5</ele></trkpt>
   <trkpt lon="-1.472796" lat="43.120379"><ele>389.75</ele></trkpt>
   <trkpt lon="-1.472587" lat="43.120271"><ele>389.0</ele></trkpt>
   <trkpt lon="-1.472409" lat="43.120196"><ele>385.75</ele></trkpt>
   <trkpt lon="-1.472237" lat="43.120142"><ele>383.0</ele></trkpt>
   <trkpt lon="-1.472012" lat="43.120110"><ele>382.75</ele></trkpt>
   <trkpt lon="-1.471859" lat="43.120106"><ele>382.75</ele></trkpt>
   <trkpt lon="-1.471499" lat="43.120117"><ele>381.75</ele></trkpt>
   <trkpt lon="-1.471279" lat="43.120135"><ele>381.0</ele></trkpt>
   <trkpt lon="-1.471055" lat="43.120182"><ele>380.5</ele></trkpt>
   <trkpt lon="-1.470767" lat="43.120295"><ele>378.25</ele></trkpt>
   <trkpt lon="-1.470476" lat="43.120432"><ele>381.0</ele></trkpt>
   <trkpt lon="-1.470262" lat="43.120542"><ele>379.75</ele></trkpt>
   <trkpt lon="-1.470171" lat="43.120598"><ele>380.5</ele></trkpt>
   <trkpt lon="-1.470132" lat="43.120623"><ele>381.0</ele></trkpt>
   <trkpt lon="-1.470004" lat="43.120749"><ele>381.0</ele></trkpt>
   <trkpt lon="-1.469878" lat="43.120967"><ele>382.75</ele></trkpt>
   <trkpt lon="-1.469843" lat="43.121006"><ele>382.75</ele></trkpt>
   <trkpt lon="-1.469802" lat="43.121030"><ele>382.25</ele></trkpt>
   <trkpt lon="-1.469766" lat="43.121039"><ele>381.5</ele></trkpt>
   <trkpt lon="-1.469657" lat="43.121055"><ele>380.75</ele></trkpt>
   <trkpt lon="-1.469328" lat="43.121099"><ele>381.75</ele></trkpt>
   <trkpt lon="-1.468584" lat="43.121234"><ele>383.5</ele></trkpt>
   <trkpt lon="-1.468183" lat="43.121299"><ele>384.5</ele></trkpt>
   <trkpt lon="-1.468139" lat="43.121319"><ele>384.5</ele></trkpt>
   <trkpt lon="-1.467655" lat="43.121514"><ele>386.25</ele></trkpt>
   <trkpt lon="-1.467434" lat="43.121645"><ele>387.0</ele></trkpt>
   <trkpt lon="-1.467341" lat="43.121713"><ele>387.25</ele></trkpt>
   <trkpt lon="-1.467168" lat="43.121798"><ele>387.5</ele></trkpt>
   <trkpt lon="-1.467122" lat="43.121859"><ele>387.5</ele></trkpt>
   <trkpt lon="-1.467071" lat="43.121937"><ele>387.5</ele></trkpt>
   <trkpt lon="-1.466985" lat="43.122013"><ele>388.0</ele></trkpt>
   <trkpt lon="-1.466875" lat="43.122077"><ele>388.25</ele></trkpt>
   <trkpt lon="-1.466750" lat="43.122099"><ele>388.5</ele></trkpt>
   <trkpt lon="-1.466625" lat="43.122098"><ele>388.75</ele></trkpt>
   <trkpt lon="-1.466499" lat="43.122070"><ele>389.5</ele></trkpt>
   <trkpt lon="-1.466159" lat="43.121891"><ele>390.0</ele></trkpt>
   <trkpt lon="-1.465998" lat="43.121847"><ele>391.0</ele></trkpt>
   <trkpt lon="-1.465805" lat="43.121845"><ele>392.0</ele></trkpt>
   <trkpt lon="-1.465660" lat="43.121876"><ele>392.5</ele></trkpt>
   <trkpt lon="-1.465624" lat="43.121914"><ele>392.75</ele></trkpt>
   <trkpt lon="-1.465614" lat="43.121947"><ele>392.75</ele></trkpt>
   <trkpt lon="-1.465167" lat="43.122039"><ele>399.5</ele></trkpt>
   <trkpt lon="-1.464745" lat="43.122139"><ele>405.25</ele></trkpt>
   <trkpt lon="-1.464529" lat="43.122205"><ele>407.25</ele></trkpt>
   <trkpt lon="-1.464352" lat="43.122316"><ele>408.75</ele></trkpt>
   <trkpt lon="-1.464194" lat="43.122514"><ele>410.75</ele></trkpt>
   <trkpt lon="-1.463991" lat="43.122828"><ele>416.75</ele></trkpt>
   <trkpt lon="-1.463853" lat="43.122903"><ele>416.5</ele></trkpt>
   <trkpt lon="-1.463551" lat="43.123083"><ele>418.5</ele></trkpt>
   <trkpt lon="-1.463202" lat="43.123316"><ele>420.75</ele></trkpt>
   <trkpt lon="-1.463059" lat="43.123391"><ele>421.25</ele></trkpt>
   <trkpt lon="-1.462916" lat="43.123407"><ele>421.25</ele></trkpt>
   <trkpt lon="-1.462295" lat="43.123399"><ele>416.25</ele></trkpt>
   <trkpt lon="-1.462023" lat="43.123370"><ele>412.5</ele></trkpt>
   <trkpt lon="-1.461865" lat="43.123292"><ele>410.75</ele></trkpt>
   <trkpt lon="-1.461850" lat="43.123244"><ele>410.25</ele></trkpt>
   <trkpt lon="-1.461869" lat="43.123174"><ele>409.5</ele></trkpt>
   <trkpt lon="-1.461832" lat="43.123021"><ele>408.0</ele></trkpt>
   <trkpt lon="-1.461751" lat="43.122925"><ele>407.5</ele></trkpt>
   <trkpt lon="-1.461652" lat="43.122860"><ele>407.5</ele></trkpt>
   <trkpt lon="-1.461487" lat="43.122817"><ele>406.75</ele></trkpt>
   <trkpt lon="-1.461366" lat="43.122807"><ele>406.5</ele></trkpt>
   <trkpt lon="-1.461288" lat="43.122822"><ele>407.0</ele></trkpt>
   <trkpt lon="-1.461193" lat="43.122841"><ele>408.0</ele></trkpt>
   <trkpt lon="-1.460991" lat="43.122868"><ele>409.25</ele></trkpt>
   <trkpt lon="-1.460759" lat="43.122836"><ele>409.75</ele></trkpt>
   <trkpt lon="-1.460561" lat="43.122785"><ele>410.0</ele></trkpt>
   <trkpt lon="-1.460381" lat="43.122686"><ele>411.5</ele></trkpt>
   <trkpt lon="-1.460245" lat="43.122597"><ele>412.5</ele></trkpt>
   <trkpt lon="-1.460119" lat="43.122537"><ele>413.25</ele></trkpt>
   <trkpt lon="-1.459980" lat="43.122486"><ele>414.5</ele></trkpt>
   <trkpt lon="-1.459862" lat="43.122460"><ele>416.75</ele></trkpt>
   <trkpt lon="-1.459631" lat="43.122490"><ele>419.5</ele></trkpt>
   <trkpt lon="-1.459545" lat="43.122490"><ele>420.75</ele></trkpt>
   <trkpt lon="-1.459500" lat="43.122460"><ele>422.25</ele></trkpt>
   <trkpt lon="-1.459492" lat="43.122419"><ele>423.5</ele></trkpt>
   <trkpt lon="-1.459537" lat="43.122368"><ele>424.0</ele></trkpt>
   <trkpt lon="-1.459623" lat="43.122247"><ele>425.5</ele></trkpt>
   <trkpt lon="-1.459704" lat="43.121975"><ele>428.75</ele></trkpt>
   <trkpt lon="-1.459846" lat="43.121376"><ele>435.5</ele></trkpt>
   <trkpt lon="-1.459851" lat="43.121239"><ele>437.0</ele></trkpt>
   <trkpt lon="-1.459819" lat="43.120773"><ele>443.0</ele></trkpt>
   <trkpt lon="-1.459647" lat="43.120360"><ele>447.25</ele></trkpt>
   <trkpt lon="-1.459618" lat="43.120320"><ele>448.0</ele></trkpt>
   <trkpt lon="-1.459553" lat="43.120315"><ele>450.0</ele></trkpt>
   <trkpt lon="-1.459508" lat="43.120332"><ele>451.5</ele></trkpt>
   <trkpt lon="-1.459502" lat="43.120371"><ele>452.0</ele></trkpt>
   <trkpt lon="-1.459532" lat="43.120509"><ele>452.0</ele></trkpt>
   <trkpt lon="-1.459524" lat="43.120628"><ele>453.0</ele></trkpt>
   <trkpt lon="-1.459492" lat="43.120740"><ele>454.75</ele></trkpt>
   <trkpt lon="-1.459304" lat="43.121014"><ele>459.5</ele></trkpt>
   <trkpt lon="-1.459132" lat="43.121196"><ele>462.0</ele></trkpt>
   <trkpt lon="-1.459076" lat="43.121221"><ele>463.75</ele></trkpt>
   <trkpt lon="-1.459001" lat="43.121221"><ele>466.75</ele></trkpt>
   <trkpt lon="-1.458985" lat="43.121188"><ele>467.75</ele></trkpt>
   <trkpt lon="-1.458996" lat="43.121147"><ele>468.0</ele></trkpt>
   <trkpt lon="-1.459028" lat="43.121094"><ele>467.5</ele></trkpt>
   <trkpt lon="-1.459025" lat="43.121018"><ele>468.25</ele></trkpt>
   <trkpt lon="-1.458883" lat="43.120622"><ele>473.75</ele></trkpt>
   <trkpt lon="-1.458821" lat="43.120536"><ele>474.5</ele></trkpt>
   <trkpt lon="-1.458754" lat="43.120477"><ele>475.0</ele></trkpt>
   <trkpt lon="-1.458633" lat="43.120418"><ele>476.5</ele></trkpt>
   <trkpt lon="-1.458422" lat="43.120344"><ele>477.25</ele></trkpt>
   <trkpt lon="-1.458277" lat="43.120250"><ele>477.5</ele></trkpt>
   <trkpt lon="-1.458132" lat="43.120092"><ele>478.0</ele></trkpt>
   <trkpt lon="-1.458049" lat="43.120049"><ele>478.75</ele></trkpt>
   <trkpt lon="-1.457984" lat="43.119981"><ele>480.0</ele></trkpt>
   <trkpt lon="-1.457862" lat="43.119776"><ele>481.25</ele></trkpt>
   <trkpt lon="-1.457622" lat="43.118914"><ele>481.0</ele></trkpt>
   <trkpt lon="-1.457612" lat="43.118744"><ele>479.25</ele></trkpt>
   <trkpt lon="-1.457562" lat="43.118683"><ele>479.75</ele></trkpt>
   <trkpt lon="-1.457519" lat="43.118631"><ele>479.75</ele></trkpt>
   <trkpt lon="-1.457453" lat="43.118491"><ele>479.25</ele></trkpt>
   <trkpt lon="-1.457453" lat="43.118314"><ele>476.5</ele></trkpt>
   <trkpt lon="-1.457383" lat="43.118144"><ele>474.75</ele></trkpt>
   <trkpt lon="-1.457262" lat="43.117929"><ele>474.25</ele></trkpt>
   <trkpt lon="-1.457131" lat="43.117755"><ele>476.0</ele></trkpt>
   <trkpt lon="-1.456997" lat="43.117517"><ele>476.75</ele></trkpt>
   <trkpt lon="-1.456977" lat="43.117482"><ele>476.75</ele></trkpt>
   <trkpt lon="-1.456800" lat="43.117278"><ele>477.75</ele></trkpt>
   <trkpt lon="-1.456538" lat="43.117060"><ele>478.25</ele></trkpt>
   <trkpt lon="-1.456492" lat="43.117035"><ele>478.5</ele></trkpt>
   <trkpt lon="-1.456239" lat="43.116903"><ele>479.5</ele></trkpt>
   <trkpt lon="-1.455964" lat="43.116841"><ele>482.0</ele></trkpt>
   <trkpt lon="-1.455226" lat="43.116825"><ele>487.0</ele></trkpt>
   <trkpt lon="-1.454752" lat="43.116779"><ele>492.25</ele></trkpt>
   <trkpt lon="-1.454312" lat="43.116778"><ele>497.0</ele></trkpt>
   <trkpt lon="-1.453929" lat="43.116801"><ele>501.5</ele></trkpt>
   <trkpt lon="-1.453617" lat="43.116851"><ele>504.5</ele></trkpt>
   <trkpt lon="-1.453442" lat="43.116892"><ele>505.25</ele></trkpt>
   <trkpt lon="-1.453288" lat="43.116959"><ele>506.5</ele></trkpt>
   <trkpt lon="-1.453111" lat="43.117065"><ele>508.75</ele></trkpt>
   <trkpt lon="-1.452924" lat="43.117160"><ele>511.5</ele></trkpt>
   <trkpt lon="-1.452643" lat="43.117248"><ele>513.75</ele></trkpt>
   <trkpt lon="-1.452413" lat="43.117247"><ele>514.25</ele></trkpt>
   <trkpt lon="-1.452054" lat="43.117161"><ele>515.0</ele></trkpt>
   <trkpt lon="-1.451955" lat="43.117158"><ele>516.25</ele></trkpt>
   <trkpt lon="-1.451857" lat="43.117175"><ele>516.0</ele></trkpt>
   <trkpt lon="-1.451672" lat="43.117249"><ele>518.0</ele></trkpt>
   <trkpt lon="-1.451429" lat="43.117375"><ele>520.5</ele></trkpt>
   <trkpt lon="-1.451296" lat="43.117424"><ele>521.75</ele></trkpt>
   <trkpt lon="-1.451164" lat="43.117455"><ele>521.75</ele></trkpt>
   <trkpt lon="-1.450905" lat="43.117436"><ele>521.5</ele></trkpt>
   <trkpt lon="-1.450461" lat="43.117342"><ele>524.75</ele></trkpt>
   <trkpt lon="-1.450100" lat="43.117285"><ele>528.75</ele></trkpt>
   <trkpt lon="-1.449863" lat="43.117263"><ele>530.75</ele></trkpt>
   <trkpt lon="-1.449016" lat="43.117323"><ele>538.5</ele></trkpt>
   <trkpt lon="-1.448205" lat="43.117451"><ele>541.25</ele></trkpt>
   <trkpt lon="-1.446769" lat="43.117483"><ele>545.25</ele></trkpt>
   <trkpt lon="-1.445880" lat="43.117519"><ele>553.25</ele></trkpt>
   <trkpt lon="-1.445649" lat="43.117546"><ele>554.5</ele></trkpt>
   <trkpt lon="-1.445451" lat="43.117539"><ele>555.5</ele></trkpt>
   <trkpt lon="-1.445016" lat="43.117431"><ele>556.0</ele></trkpt>
   <trkpt lon="-1.444768" lat="43.117398"><ele>558.75</ele></trkpt>
   <trkpt lon="-1.444571" lat="43.117410"><ele>560.5</ele></trkpt>
   <trkpt lon="-1.444386" lat="43.117452"><ele>561.5</ele></trkpt>
   <trkpt lon="-1.444211" lat="43.117577"><ele>561.75</ele></trkpt>
   <trkpt lon="-1.444133" lat="43.117661"><ele>562.0</ele></trkpt>
   <trkpt lon="-1.444111" lat="43.117745"><ele>563.25</ele></trkpt>
   <trkpt lon="-1.444166" lat="43.117870"><ele>565.25</ele></trkpt>
   <trkpt lon="-1.444161" lat="43.117987"><ele>565.5</ele></trkpt>
   <trkpt lon="-1.444012" lat="43.118230"><ele>571.0</ele></trkpt>
   <trkpt lon="-1.443367" lat="43.118639"><ele>576.0</ele></trkpt>
   <trkpt lon="-1.443284" lat="43.118655"><ele>576.5</ele></trkpt>
   <trkpt lon="-1.443233" lat="43.118593"><ele>577.0</ele></trkpt>
   <trkpt lon="-1.443260" lat="43.118492"><ele>579.25</ele></trkpt>
   <trkpt lon="-1.443366" lat="43.118378"><ele>578.75</ele></trkpt>
   <trkpt lon="-1.443423" lat="43.118211"><ele>579.5</ele></trkpt>
   <trkpt lon="-1.443430" lat="43.118136"><ele>580.5</ele></trkpt>
   <trkpt lon="-1.443391" lat="43.118100"><ele>582.75</ele></trkpt>
   <trkpt lon="-1.443346" lat="43.118107"><ele>584.5</ele></trkpt>
   <trkpt lon="-1.443292" lat="43.118156"><ele>585.5</ele></trkpt>
   <trkpt lon="-1.443269" lat="43.118233"><ele>585.0</ele></trkpt>
   <trkpt lon="-1.443233" lat="43.118251"><ele>586.25</ele></trkpt>
   <trkpt lon="-1.443200" lat="43.118238"><ele>587.5</ele></trkpt>
   <trkpt lon="-1.443135" lat="43.118152"><ele>590.5</ele></trkpt>
   <trkpt lon="-1.442992" lat="43.118034"><ele>593.5</ele></trkpt>
   <trkpt lon="-1.442717" lat="43.117840"><ele>596.5</ele></trkpt>
   <trkpt lon="-1.442498" lat="43.117662"><ele>599.25</ele></trkpt>
   <trkpt lon="-1.442318" lat="43.117553"><ele>601.5</ele></trkpt>
   <trkpt lon="-1.442098" lat="43.117471"><ele>604.5</ele></trkpt>
   <trkpt lon="-1.441805" lat="43.117397"><ele>608.25</ele></trkpt>
   <trkpt lon="-1.441454" lat="43.117297"><ele>612.25</ele></trkpt>
   <trkpt lon="-1.441400" lat="43.117315"><ele>613.75</ele></trkpt>
   <trkpt lon="-1.441371" lat="43.117334"><ele>614.5</ele></trkpt>
   <trkpt lon="-1.441354" lat="43.117368"><ele>615.5</ele></trkpt>
   <trkpt lon="-1.441322" lat="43.117656"><ele>620.75</ele></trkpt>
   <trkpt lon="-1.441257" lat="43.117775"><ele>623.25</ele></trkpt>
   <trkpt lon="-1.441026" lat="43.118046"><ele>625.75</ele></trkpt>
   <trkpt lon="-1.440953" lat="43.118166"><ele>627.25</ele></trkpt>
   <trkpt lon="-1.440912" lat="43.118294"><ele>628.25</ele></trkpt>
   <trkpt lon="-1.440872" lat="43.118565"><ele>629.0</ele></trkpt>
   <trkpt lon="-1.440853" lat="43.118617"><ele>629.5</ele></trkpt>
   <trkpt lon="-1.440827" lat="43.118650"><ele>630.25</ele></trkpt>
   <trkpt lon="-1.440546" lat="43.118802"><ele>636.0</ele></trkpt>
   <trkpt lon="-1.440517" lat="43.118830"><ele>636.5</ele></trkpt>
   <trkpt lon="-1.440505" lat="43.118886"><ele>636.25</ele></trkpt>
   <trkpt lon="-1.440532" lat="43.118924"><ele>636.25</ele></trkpt>
   <trkpt lon="-1.440606" lat="43.118978"><ele>636.25</ele></trkpt>
   <trkpt lon="-1.440579" lat="43.119011"><ele>637.5</ele></trkpt>
   <trkpt lon="-1.440484" lat="43.119010"><ele>640.0</ele></trkpt>
   <trkpt lon="-1.440441" lat="43.119013"><ele>641.25</ele></trkpt>
   <trkpt lon="-1.440407" lat="43.118983"><ele>641.25</ele></trkpt>
   <trkpt lon="-1.440391" lat="43.118880"><ele>639.25</ele></trkpt>
   <trkpt lon="-1.440458" lat="43.118669"><ele>640.25</ele></trkpt>
   <trkpt lon="-1.440049" lat="43.117863"><ele>648.0</ele></trkpt>
   <trkpt lon="-1.439986" lat="43.117691"><ele>647.5</ele></trkpt>
   <trkpt lon="-1.439715" lat="43.117528"><ele>649.5</ele></trkpt>
   <trkpt lon="-1.439497" lat="43.117502"><ele>650.5</ele></trkpt>
   <trkpt lon="-1.439333" lat="43.117364"><ele>650.75</ele></trkpt>
   <trkpt lon="-1.439167" lat="43.117267"><ele>651.25</ele></trkpt>
   <trkpt lon="-1.438872" lat="43.117204"><ele>654.25</ele></trkpt>
   <trkpt lon="-1.438689" lat="43.117144"><ele>658.0</ele></trkpt>
   <trkpt lon="-1.438639" lat="43.117079"><ele>658.0</ele></trkpt>
   <trkpt lon="-1.438745" lat="43.116936"><ele>656.0</ele></trkpt>
   <trkpt lon="-1.439088" lat="43.116785"><ele>656.5</ele></trkpt>
   <trkpt lon="-1.439395" lat="43.116582"><ele>655.5</ele></trkpt>
   <trkpt lon="-1.439466" lat="43.116500"><ele>657.25</ele></trkpt>
   <trkpt lon="-1.439608" lat="43.116339"><ele>661.0</ele></trkpt>
   <trkpt lon="-1.439606" lat="43.115908"><ele>668.5</ele></trkpt>
   <trkpt lon="-1.439590" lat="43.115817"><ele>669.75</ele></trkpt>
   <trkpt lon="-1.439563" lat="43.115508"><ele>670.25</ele></trkpt>
   <trkpt lon="-1.439538" lat="43.115347"><ele>670.5</ele></trkpt>
   <trkpt lon="-1.439513" lat="43.115241"><ele>671.0</ele></trkpt>
   <trkpt lon="-1.439493" lat="43.114947"><ele>671.0</ele></trkpt>
   <trkpt lon="-1.439462" lat="43.114691"><ele>672.25</ele></trkpt>
   <trkpt lon="-1.439418" lat="43.114558"><ele>673.25</ele></trkpt>
   <trkpt lon="-1.439286" lat="43.114249"><ele>675.75</ele></trkpt>
   <trkpt lon="-1.439182" lat="43.114076"><ele>678.0</ele></trkpt>
   <trkpt lon="-1.439102" lat="43.113887"><ele>679.75</ele></trkpt>
   <trkpt lon="-1.438991" lat="43.113453"><ele>682.5</ele></trkpt>
   <trkpt lon="-1.439009" lat="43.113201"><ele>683.5</ele></trkpt>
   <trkpt lon="-1.439041" lat="43.113003"><ele>684.75</ele></trkpt>
   <trkpt lon="-1.439082" lat="43.112828"><ele>686.0</ele></trkpt>
   <trkpt lon="-1.439088" lat="43.112763"><ele>686.5</ele></trkpt>
   <trkpt lon="-1.439079" lat="43.112705"><ele>686.75</ele></trkpt>
   <trkpt lon="-1.439090" lat="43.112672"><ele>686.75</ele></trkpt>
   <trkpt lon="-1.439045" lat="43.112192"><ele>688.25</ele></trkpt>
   <trkpt lon="-1.439108" lat="43.112122"><ele>688.0</ele></trkpt>
   <trkpt lon="-1.439116" lat="43.112089"><ele>688.0</ele></trkpt>
   <trkpt lon="-1.439142" lat="43.111999"><ele>687.75</ele></trkpt>
   <trkpt lon="-1.439284" lat="43.111783"><ele>686.75</ele></trkpt>
   <trkpt lon="-1.439799" lat="43.111127"><ele>679.0</ele></trkpt>
   <trkpt lon="-1.439965" lat="43.110966"><ele>679.0</ele></trkpt>
   <trkpt lon="-1.440222" lat="43.110808"><ele>682.75</ele></trkpt>
   <trkpt lon="-1.440724" lat="43.110416"><ele>687.5</ele></trkpt>
   <trkpt lon="-1.440814" lat="43.110328"><ele>688.25</ele></trkpt>
   <trkpt lon="-1.440539" lat="43.110175"><ele>685.0</ele></trkpt>
   <trkpt lon="-1.440061" lat="43.109979"><ele>685.0</ele></trkpt>
   <trkpt lon="-1.439674" lat="43.109856"><ele>684.5</ele></trkpt>
   <trkpt lon="-1.439504" lat="43.109810"><ele>684.25</ele></trkpt>
   <trkpt lon="-1.439347" lat="43.109755"><ele>683.25</ele></trkpt>
   <trkpt lon="-1.439261" lat="43.109696"><ele>682.75</ele></trkpt>
   <trkpt lon="-1.439177" lat="43.109655"><ele>682.0</ele></trkpt>
   <trkpt lon="-1.438970" lat="43.109648"><ele>679.75</ele></trkpt>
   <trkpt lon="-1.438891" lat="43.109635"><ele>679.25</ele></trkpt>
   <trkpt lon="-1.438384" lat="43.109229"><ele>681.5</ele></trkpt>
   <trkpt lon="-1.438052" lat="43.108992"><ele>675.75</ele></trkpt>
   <trkpt lon="-1.437987" lat="43.108844"><ele>676.75</ele></trkpt>
   <trkpt lon="-1.437849" lat="43.108727"><ele>673.5</ele></trkpt>
   <trkpt lon="-1.437601" lat="43.108585"><ele>669.25</ele></trkpt>
   <trkpt lon="-1.437431" lat="43.108523"><ele>666.5</ele></trkpt>
   <trkpt lon="-1.437300" lat="43.108471"><ele>664.5</ele></trkpt>
   <trkpt lon="-1.436973" lat="43.108372"><ele>659.25</ele></trkpt>
   <trkpt lon="-1.436769" lat="43.108331"><ele>655.5</ele></trkpt>
   <trkpt lon="-1.436572" lat="43.108274"><ele>652.5</ele></trkpt>
   <trkpt lon="-1.436079" lat="43.108107"><ele>646.75</ele></trkpt>
   <trkpt lon="-1.435920" lat="43.108071"><ele>644.5</ele></trkpt>
   <trkpt lon="-1.435751" lat="43.108005"><ele>641.25</ele></trkpt>
   <trkpt lon="-1.435653" lat="43.107912"><ele>639.5</ele></trkpt>
   <trkpt lon="-1.435625" lat="43.107838"><ele>639.5</ele></trkpt>
   <trkpt lon="-1.435640" lat="43.107782"><ele>640.25</ele></trkpt>
   <trkpt lon="-1.435699" lat="43.107703"><ele>640.25</ele></trkpt>
   <trkpt lon="-1.435771" lat="43.107568"><ele>638.25</ele></trkpt>
   <trkpt lon="-1.435836" lat="43.107482"><ele>637.75</ele></trkpt>
   <trkpt lon="-1.435848" lat="43.107454"><ele>639.5</ele></trkpt>
   <trkpt lon="-1.435808" lat="43.107441"><ele>639.25</ele></trkpt>
   <trkpt lon="-1.435473" lat="43.107422"><ele>636.25</ele></trkpt>
   <trkpt lon="-1.435206" lat="43.107353"><ele>636.0</ele></trkpt>
   <trkpt lon="-1.434802" lat="43.107195"><ele>633.75</ele></trkpt>
   <trkpt lon="-1.434728" lat="43.107155"><ele>633.25</ele></trkpt>
   <trkpt lon="-1.434616" lat="43.107071"><ele>631.25</ele></trkpt>
   <trkpt lon="-1.434402" lat="43.106700"><ele>631.0</ele></trkpt>
   <trkpt lon="-1.434274" lat="43.106557"><ele>629.5</ele></trkpt>
   <trkpt lon="-1.434175" lat="43.106473"><ele>627.5</ele></trkpt>
   <trkpt lon="-1.433942" lat="43.106309"><ele>621.25</ele></trkpt>
   <trkpt lon="-1.433751" lat="43.106165"><ele>621.0</ele></trkpt>
   <trkpt lon="-1.433676" lat="43.106086"><ele>620.75</ele></trkpt>
   <trkpt lon="-1.433590" lat="43.105988"><ele>617.5</ele></trkpt>
   <trkpt lon="-1.433541" lat="43.105989"><ele>616.5</ele></trkpt>
   <trkpt lon="-1.433406" lat="43.105991"><ele>613.5</ele></trkpt>
   <trkpt lon="-1.433309" lat="43.105979"><ele>611.5</ele></trkpt>
   <trkpt lon="-1.433056" lat="43.105912"><ele>607.25</ele></trkpt>
   <trkpt lon="-1.432946" lat="43.105892"><ele>606.25</ele></trkpt>
   <trkpt lon="-1.432883" lat="43.105872"><ele>605.5</ele></trkpt>
   <trkpt lon="-1.432859" lat="43.105846"><ele>604.75</ele></trkpt>
   <trkpt lon="-1.432871" lat="43.105806"><ele>603.5</ele></trkpt>
   <trkpt lon="-1.432938" lat="43.105769"><ele>602.75</ele></trkpt>
   <trkpt lon="-1.433332" lat="43.105505"><ele>596.75</ele></trkpt>
   <trkpt lon="-1.433423" lat="43.105473"><ele>596.75</ele></trkpt>
   <trkpt lon="-1.433466" lat="43.105442"><ele>596.25</ele></trkpt>
   <trkpt lon="-1.433451" lat="43.105411"><ele>594.5</ele></trkpt>
   <trkpt lon="-1.433423" lat="43.105387"><ele>593.0</ele></trkpt>
   <trkpt lon="-1.433282" lat="43.105412"><ele>592.0</ele></trkpt>
   <trkpt lon="-1.432761" lat="43.105387"><ele>585.75</ele></trkpt>
   <trkpt lon="-1.432694" lat="43.105371"><ele>584.0</ele></trkpt>
   <trkpt lon="-1.432665" lat="43.105336"><ele>582.0</ele></trkpt>
   <trkpt lon="-1.432686" lat="43.105276"><ele>579.5</ele></trkpt>
   <trkpt lon="-1.432817" lat="43.105142"><ele>576.25</ele></trkpt>
   <trkpt lon="-1.433026" lat="43.104968"><ele>571.5</ele></trkpt>
   <trkpt lon="-1.433172" lat="43.104896"><ele>569.75</ele></trkpt>
   <trkpt lon="-1.433380" lat="43.104841"><ele>568.0</ele></trkpt>
   <trkpt lon="-1.433657" lat="43.104808"><ele>566.5</ele></trkpt>
   <trkpt lon="-1.433757" lat="43.104788"><ele>567.25</ele></trkpt>
   <trkpt lon="-1.433810" lat="43.104759"><ele>566.5</ele></trkpt>
   <trkpt lon="-1.433832" lat="43.104672"><ele>563.75</ele></trkpt>
   <trkpt lon="-1.433837" lat="43.104218"><ele>553.5</ele></trkpt>
   <trkpt lon="-1.433832" lat="43.104054"><ele>552.5</ele></trkpt>
   <trkpt lon="-1.433767" lat="43.103905"><ele>549.75</ele></trkpt>
   <trkpt lon="-1.433661" lat="43.103697"><ele>544.75</ele></trkpt>
   <trkpt lon="-1.433655" lat="43.103568"><ele>544.25</ele></trkpt>
   <trkpt lon="-1.433603" lat="43.103411"><ele>541.75</ele></trkpt>
   <trkpt lon="-1.433449" lat="43.103117"><ele>535.25</ele></trkpt>
   <trkpt lon="-1.433469" lat="43.103082"><ele>535.0</ele></trkpt>
   <trkpt lon="-1.433527" lat="43.103057"><ele>534.5</ele></trkpt>
   <trkpt lon="-1.433677" lat="43.103055"><ele>533.5</ele></trkpt>
   <trkpt lon="-1.433916" lat="43.103038"><ele>530.75</ele></trkpt>
   <trkpt lon="-1.434329" lat="43.102999"><ele>523.0</ele></trkpt>
   <trkpt lon="-1.434676" lat="43.102992"><ele>518.25</ele></trkpt>
   <trkpt lon="-1.434783" lat="43.102969"><ele>515.5</ele></trkpt>
   <trkpt lon="-1.434804" lat="43.102935"><ele>513.25</ele></trkpt>
   <trkpt lon="-1.434789" lat="43.102901"><ele>511.25</ele></trkpt>
   <trkpt lon="-1.434441" lat="43.102781"><ele>505.25</ele></trkpt>
   <trkpt lon="-1.434227" lat="43.102705"><ele>504.75</ele></trkpt>
   <trkpt lon="-1.434048" lat="43.102596"><ele>501.5</ele></trkpt>
   <trkpt lon="-1.433725" lat="43.102324"><ele>494.0</ele></trkpt>
   <trkpt lon="-1.433630" lat="43.102221"><ele>491.25</ele></trkpt>
   <trkpt lon="-1.433469" lat="43.101876"><ele>479.25</ele></trkpt>
   <trkpt lon="-1.433335" lat="43.101709"><ele>474.25</ele></trkpt>
   <trkpt lon="-1.433153" lat="43.101513"><ele>468.0</ele></trkpt>
   <trkpt lon="-1.432974" lat="43.101369"><ele>463.0</ele></trkpt>
   <trkpt lon="-1.432601" lat="43.101176"><ele>454.25</ele></trkpt>
   <trkpt lon="-1.432212" lat="43.101005"><ele>448.75</ele></trkpt>
   <trkpt lon="-1.432073" lat="43.100892"><ele>445.5</ele></trkpt>
   <trkpt lon="-1.431960" lat="43.100728"><ele>440.0</ele></trkpt>
   <trkpt lon="-1.431827" lat="43.100572"><ele>435.75</ele></trkpt>
   <trkpt lon="-1.431764" lat="43.100527"><ele>434.75</ele></trkpt>
   <trkpt lon="-1.431326" lat="43.100309"><ele>426.75</ele></trkpt>
   <trkpt lon="-1.430935" lat="43.100100"><ele>417.0</ele></trkpt>
   <trkpt lon="-1.430890" lat="43.100016"><ele>413.75</ele></trkpt>
   <trkpt lon="-1.430822" lat="43.099929"><ele>410.25</ele></trkpt>
   <trkpt lon="-1.430713" lat="43.099850"><ele>406.5</ele></trkpt>
   <trkpt lon="-1.430482" lat="43.099731"><ele>402.25</ele></trkpt>
   <trkpt lon="-1.430394" lat="43.099652"><ele>400.0</ele></trkpt>
   <trkpt lon="-1.430329" lat="43.099559"><ele>398.25</ele></trkpt>
   <trkpt lon="-1.430277" lat="43.099386"><ele>396.0</ele></trkpt>
   <trkpt lon="-1.430223" lat="43.099331"><ele>393.75</ele></trkpt>
   <trkpt lon="-1.430009" lat="43.099209"><ele>387.5</ele></trkpt>
   <trkpt lon="-1.429947" lat="43.099153"><ele>386.0</ele></trkpt>
   <trkpt lon="-1.429934" lat="43.099106"><ele>384.75</ele></trkpt>
   <trkpt lon="-1.430022" lat="43.098825"><ele>379.25</ele></trkpt>
   <trkpt lon="-1.430014" lat="43.098701"><ele>377.75</ele></trkpt>
   <trkpt lon="-1.429976" lat="43.098641"><ele>377.0</ele></trkpt>
   <trkpt lon="-1.429871" lat="43.098632"><ele>376.75</ele></trkpt>
   <trkpt lon="-1.429677" lat="43.098594"><ele>376.0</ele></trkpt>
   <trkpt lon="-1.429168" lat="43.098428"><ele>376.75</ele></trkpt>
   <trkpt lon="-1.429076" lat="43.098406"><ele>375.25</ele></trkpt>
   <trkpt lon="-1.428994" lat="43.098410"><ele>373.5</ele></trkpt>
   <trkpt lon="-1.428856" lat="43.098448"><ele>371.0</ele></trkpt>
   <trkpt lon="-1.428634" lat="43.098521"><ele>370.0</ele></trkpt>
   <trkpt lon="-1.428550" lat="43.098541"><ele>369.75</ele></trkpt>
   <trkpt lon="-1.428217" lat="43.098532"><ele>369.0</ele></trkpt>
   <trkpt lon="-1.428221" lat="43.098200"><ele>369.75</ele></trkpt>
   <trkpt lon="-1.428573" lat="43.097927"><ele>370.75</ele></trkpt>
   <trkpt lon="-1.428616" lat="43.097696"><ele>372.0</ele></trkpt>
   <trkpt lon="-1.428690" lat="43.097515"><ele>374.75</ele></trkpt>
   <trkpt lon="-1.428823" lat="43.097381"><ele>377.0</ele></trkpt>
   <trkpt lon="-1.428903" lat="43.097288"><ele>377.0</ele></trkpt>
   <trkpt lon="-1.429065" lat="43.097164"><ele>379.0</ele></trkpt>
   <trkpt lon="-1.429167" lat="43.097070"><ele>379.5</ele></trkpt>
   <trkpt lon="-1.429262" lat="43.096936"><ele>381.0</ele></trkpt>
   <trkpt lon="-1.429370" lat="43.096618"><ele>384.5</ele></trkpt>
   <trkpt lon="-1.429419" lat="43.096550"><ele>386.0</ele></trkpt>
   <trkpt lon="-1.429418" lat="43.096399"><ele>385.0</ele></trkpt>
   <trkpt lon="-1.429469" lat="43.096189"><ele>385.5</ele></trkpt>
   <trkpt lon="-1.429553" lat="43.096081"><ele>389.25</ele></trkpt>
   <trkpt lon="-1.429600" lat="43.095991"><ele>391.5</ele></trkpt>
   <trkpt lon="-1.429686" lat="43.095763"><ele>393.75</ele></trkpt>
   <trkpt lon="-1.429903" lat="43.095604"><ele>393.5</ele></trkpt>
   <trkpt lon="-1.429973" lat="43.095514"><ele>393.5</ele></trkpt>
   <trkpt lon="-1.430041" lat="43.095363"><ele>394.5</ele></trkpt>
   <trkpt lon="-1.430154" lat="43.095242"><ele>394.5</ele></trkpt>
   <trkpt lon="-1.430238" lat="43.095176"><ele>394.25</ele></trkpt>
   <trkpt lon="-1.430326" lat="43.095061"><ele>394.5</ele></trkpt>
   <trkpt lon="-1.430362" lat="43.094984"><ele>394.75</ele></trkpt>
   <trkpt lon="-1.430380" lat="43.094863"><ele>394.5</ele></trkpt>
   <trkpt lon="-1.430326" lat="43.094609"><ele>391.75</ele></trkpt>
   <trkpt lon="-1.430085" lat="43.094303"><ele>386.75</ele></trkpt>
   <trkpt lon="-1.429988" lat="43.094219"><ele>386.0</ele></trkpt>
   <trkpt lon="-1.429672" lat="43.093925"><ele>385.75</ele></trkpt>
   <trkpt lon="-1.429507" lat="43.093721"><ele>385.0</ele></trkpt>
   <trkpt lon="-1.429157" lat="43.093375"><ele>385.5</ele></trkpt>
   <trkpt lon="-1.429113" lat="43.093289"><ele>385.25</ele></trkpt>
   <trkpt lon="-1.429086" lat="43.093155"><ele>385.5</ele></trkpt>
   <trkpt lon="-1.428980" lat="43.092903"><ele>384.0</ele></trkpt>
   <trkpt lon="-1.428857" lat="43.092717"><ele>382.75</ele></trkpt>
   <trkpt lon="-1.428841" lat="43.092624"><ele>382.0</ele></trkpt>
   <trkpt lon="-1.428831" lat="43.092536"><ele>381.5</ele></trkpt>
   <trkpt lon="-1.428893" lat="43.092340"><ele>381.25</ele></trkpt>
   <trkpt lon="-1.428922" lat="43.092102"><ele>379.25</ele></trkpt>
   <trkpt lon="-1.428884" lat="43.091841"><ele>377.5</ele></trkpt>
   <trkpt lon="-1.428837" lat="43.091694"><ele>378.25</ele></trkpt>
   <trkpt lon="-1.428806" lat="43.091626"><ele>378.5</ele></trkpt>
   <trkpt lon="-1.428574" lat="43.091407"><ele>378.5</ele></trkpt>
   <trkpt lon="-1.428501" lat="43.091314"><ele>378.5</ele></trkpt>
   <trkpt lon="-1.428487" lat="43.091286"><ele>378.5</ele></trkpt>
   <trkpt lon="-1.428491" lat="43.091230"><ele>379.0</ele></trkpt>
   <trkpt lon="-1.428467" lat="43.091010"><ele>379.75</ele></trkpt>
   <trkpt lon="-1.428470" lat="43.090884"><ele>380.25</ele></trkpt>
   <trkpt lon="-1.428511" lat="43.090778"><ele>381.0</ele></trkpt>
   <trkpt lon="-1.428722" lat="43.090512"><ele>385.5</ele></trkpt>
   <trkpt lon="-1.428668" lat="43.090399"><ele>386.75</ele></trkpt>
   <trkpt lon="-1.428649" lat="43.090233"><ele>389.0</ele></trkpt>
   <trkpt lon="-1.428633" lat="43.089423"><ele>398.5</ele></trkpt>
   <trkpt lon="-1.428654" lat="43.089275"><ele>400.75</ele></trkpt>
   <trkpt lon="-1.428725" lat="43.089083"><ele>403.25</ele></trkpt>
   <trkpt lon="-1.428874" lat="43.088729"><ele>408.75</ele></trkpt>
   <trkpt lon="-1.428840" lat="43.088652"><ele>407.75</ele></trkpt>
   <trkpt lon="-1.428811" lat="43.088330"><ele>406.5</ele></trkpt>
   <trkpt lon="-1.428782" lat="43.088227"><ele>406.5</ele></trkpt>
   <trkpt lon="-1.428531" lat="43.087726"><ele>403.5</ele></trkpt>
   <trkpt lon="-1.428404" lat="43.087435"><ele>403.25</ele></trkpt>
   <trkpt lon="-1.428346" lat="43.087350"><ele>402.25</ele></trkpt>
   <trkpt lon="-1.428118" lat="43.087159"><ele>398.25</ele></trkpt>
   <trkpt lon="-1.427930" lat="43.086916"><ele>395.5</ele></trkpt>
   <trkpt lon="-1.427701" lat="43.086714"><ele>391.75</ele></trkpt>
   <trkpt lon="-1.427364" lat="43.086326"><ele>389.75</ele></trkpt>
   <trkpt lon="-1.427044" lat="43.085919"><ele>385.25</ele></trkpt>
   <trkpt lon="-1.426987" lat="43.085831"><ele>384.75</ele></trkpt>
   <trkpt lon="-1.426905" lat="43.085772"><ele>384.0</ele></trkpt>
   <trkpt lon="-1.426872" lat="43.085772"><ele>383.75</ele></trkpt>
   <trkpt lon="-1.426772" lat="43.085770"><ele>383.25</ele></trkpt>
   <trkpt lon="-1.426653" lat="43.085810"><ele>382.75</ele></trkpt>
   <trkpt lon="-1.426613" lat="43.085826"><ele>382.75</ele></trkpt>
   <trkpt lon="-1.426108" lat="43.085343"><ele>382.25</ele></trkpt>
   <trkpt lon="-1.425776" lat="43.085201"><ele>383.75</ele></trkpt>
   <trkpt lon="-1.425572" lat="43.085174"><ele>384.0</ele></trkpt>
   <trkpt lon="-1.425478" lat="43.085126"><ele>384.0</ele></trkpt>
   <trkpt lon="-1.425312" lat="43.084979"><ele>384.5</ele></trkpt>
   <trkpt lon="-1.425111" lat="43.084871"><ele>384.5</ele></trkpt>
   <trkpt lon="-1.424948" lat="43.084755"><ele>385.0</ele></trkpt>
   <trkpt lon="-1.424808" lat="43.084684"><ele>384.75</ele></trkpt>
   <trkpt lon="-1.424652" lat="43.084637"><ele>385.25</ele></trkpt>
   <trkpt lon="-1.424509" lat="43.084614"><ele>385.75</ele></trkpt>
   <trkpt lon="-1.424327" lat="43.084611"><ele>386.25</ele></trkpt>
   <trkpt lon="-1.423830" lat="43.084552"><ele>387.0</ele></trkpt>
   <trkpt lon="-1.423706" lat="43.084556"><ele>387.25</ele></trkpt>
   <trkpt lon="-1.423544" lat="43.084576"><ele>388.0</ele></trkpt>
   <trkpt lon="-1.423500" lat="43.084581"><ele>388.25</ele></trkpt>
   <trkpt lon="-1.423397" lat="43.084183"><ele>387.75</ele></trkpt>
   <trkpt lon="-1.423344" lat="43.084097"><ele>387.25</ele></trkpt>
   <trkpt lon="-1.423193" lat="43.083902"><ele>387.0</ele></trkpt>
   <trkpt lon="-1.423122" lat="43.083781"><ele>387.0</ele></trkpt>
   <trkpt lon="-1.423081" lat="43.083684"><ele>387.0</ele></trkpt>
   <trkpt lon="-1.423052" lat="43.083579"><ele>387.0</ele></trkpt>
   <trkpt lon="-1.423038" lat="43.083439"><ele>387.0</ele></trkpt>
   <trkpt lon="-1.423029" lat="43.082842"><ele>388.25</ele></trkpt>
   <trkpt lon="-1.423012" lat="43.082695"><ele>390.5</ele></trkpt>
   <trkpt lon="-1.422986" lat="43.082615"><ele>392.75</ele></trkpt>
   <trkpt lon="-1.422842" lat="43.082408"><ele>399.25</ele></trkpt>
   <trkpt lon="-1.422691" lat="43.082218"><ele>404.25</ele></trkpt>
   <trkpt lon="-1.422614" lat="43.082096"><ele>408.0</ele></trkpt>
   <trkpt lon="-1.422563" lat="43.081971"><ele>410.5</ele></trkpt>
   <trkpt lon="-1.422224" lat="43.080941"><ele>442.5</ele></trkpt>
   <trkpt lon="-1.422200" lat="43.080819"><ele>446.25</ele></trkpt>
   <trkpt lon="-1.422194" lat="43.080713"><ele>449.75</ele></trkpt>
   <trkpt lon="-1.422221" lat="43.080145"><ele>455.0</ele></trkpt>
   <trkpt lon="-1.422253" lat="43.079797"><ele>454.0</ele></trkpt>
   <trkpt lon="-1.422252" lat="43.079527"><ele>454.0</ele></trkpt>
   <trkpt lon="-1.422199" lat="43.079387"><ele>454.0</ele></trkpt>
   <trkpt lon="-1.422103" lat="43.079232"><ele>454.25</ele></trkpt>
   <trkpt lon="-1.421843" lat="43.078848"><ele>454.0</ele></trkpt>
   <trkpt lon="-1.421827" lat="43.078781"><ele>454.25</ele></trkpt>
   <trkpt lon="-1.421771" lat="43.078169"><ele>454.75</ele></trkpt>
   <trkpt lon="-1.421736" lat="43.078083"><ele>455.0</ele></trkpt>
   <trkpt lon="-1.421573" lat="43.077857"><ele>452.5</ele></trkpt>
   <trkpt lon="-1.421339" lat="43.077412"><ele>453.25</ele></trkpt>
   <trkpt lon="-1.421146" lat="43.077109"><ele>454.0</ele></trkpt>
   <trkpt lon="-1.420753" lat="43.076640"><ele>445.5</ele></trkpt>
   <trkpt lon="-1.420664" lat="43.076496"><ele>437.5</ele></trkpt>
   <trkpt lon="-1.420636" lat="43.076395"><ele>433.0</ele></trkpt>
   <trkpt lon="-1.420578" lat="43.075964"><ele>418.0</ele></trkpt>
   <trkpt lon="-1.420542" lat="43.075884"><ele>415.75</ele></trkpt>
   <trkpt lon="-1.420482" lat="43.075809"><ele>415.25</ele></trkpt>
   <trkpt lon="-1.420246" lat="43.075620"><ele>415.0</ele></trkpt>
   <trkpt lon="-1.420110" lat="43.075496"><ele>412.25</ele></trkpt>
   <trkpt lon="-1.419905" lat="43.075285"><ele>409.0</ele></trkpt>
   <trkpt lon="-1.419692" lat="43.075118"><ele>408.5</ele></trkpt>
   <trkpt lon="-1.419544" lat="43.075023"><ele>409.25</ele></trkpt>
   <trkpt lon="-1.419424" lat="43.074964"><ele>409.75</ele></trkpt>
   <trkpt lon="-1.419319" lat="43.074920"><ele>410.0</ele></trkpt>
   <trkpt lon="-1.419146" lat="43.074864"><ele>411.0</ele></trkpt>
   <trkpt lon="-1.419083" lat="43.074845"><ele>411.25</ele></trkpt>
   <trkpt lon="-1.418940" lat="43.074795"><ele>411.75</ele></trkpt>
   <trkpt lon="-1.418829" lat="43.074747"><ele>412.5</ele></trkpt>
   <trkpt lon="-1.418761" lat="43.074705"><ele>413.0</ele></trkpt>
   <trkpt lon="-1.418597" lat="43.074553"><ele>413.25</ele></trkpt>
   <trkpt lon="-1.418243" lat="43.074174"><ele>411.25</ele></trkpt>
   <trkpt lon="-1.418195" lat="43.074112"><ele>411.5</ele></trkpt>
   <trkpt lon="-1.418147" lat="43.074012"><ele>412.0</ele></trkpt>
   <trkpt lon="-1.418068" lat="43.073568"><ele>412.75</ele></trkpt>
   <trkpt lon="-1.418024" lat="43.073430"><ele>413.25</ele></trkpt>
   <trkpt lon="-1.417923" lat="43.073225"><ele>413.5</ele></trkpt>
   <trkpt lon="-1.417720" lat="43.072873"><ele>414.25</ele></trkpt>
   <trkpt lon="-1.417591" lat="43.072700"><ele>416.0</ele></trkpt>
   <trkpt lon="-1.417387" lat="43.072468"><ele>416.5</ele></trkpt>
   <trkpt lon="-1.417337" lat="43.072378"><ele>417.25</ele></trkpt>
   <trkpt lon="-1.417313" lat="43.072293"><ele>416.75</ele></trkpt>
   <trkpt lon="-1.417325" lat="43.072162"><ele>416.25</ele></trkpt>
   <trkpt lon="-1.417506" lat="43.071750"><ele>415.0</ele></trkpt>
   <trkpt lon="-1.417514" lat="43.071670"><ele>415.25</ele></trkpt>
   <trkpt lon="-1.417502" lat="43.071519"><ele>415.25</ele></trkpt>
   <trkpt lon="-1.417476" lat="43.071427"><ele>415.5</ele></trkpt>
   <trkpt lon="-1.417372" lat="43.071313"><ele>416.5</ele></trkpt>
   <trkpt lon="-1.417057" lat="43.071026"><ele>418.5</ele></trkpt>
   <trkpt lon="-1.416920" lat="43.070876"><ele>417.0</ele></trkpt>
   <trkpt lon="-1.416901" lat="43.070838"><ele>417.0</ele></trkpt>
   <trkpt lon="-1.416881" lat="43.070799"><ele>417.0</ele></trkpt>
   <trkpt lon="-1.416675" lat="43.070389"><ele>420.25</ele></trkpt>
   <trkpt lon="-1.416688" lat="43.070300"><ele>418.5</ele></trkpt>
   <trkpt lon="-1.416694" lat="43.070114"><ele>416.0</ele></trkpt>
   <trkpt lon="-1.416685" lat="43.070069"><ele>415.5</ele></trkpt>
   <trkpt lon="-1.416678" lat="43.070037"><ele>415.25</ele></trkpt>
   <trkpt lon="-1.416647" lat="43.069993"><ele>415.0</ele></trkpt>
   <trkpt lon="-1.416593" lat="43.069937"><ele>414.75</ele></trkpt>
   <trkpt lon="-1.416447" lat="43.069827"><ele>414.5</ele></trkpt>
   <trkpt lon="-1.416317" lat="43.069746"><ele>414.75</ele></trkpt>
   <trkpt lon="-1.416267" lat="43.069705"><ele>414.75</ele></trkpt>
   <trkpt lon="-1.416256" lat="43.069659"><ele>414.75</ele></trkpt>
   <trkpt lon="-1.416234" lat="43.069620"><ele>414.75</ele></trkpt>
   <trkpt lon="-1.416196" lat="43.069477"><ele>415.0</ele></trkpt>
   <trkpt lon="-1.416095" lat="43.069332"><ele>414.5</ele></trkpt>
   <trkpt lon="-1.415983" lat="43.069218"><ele>415.0</ele></trkpt>
   <trkpt lon="-1.415564" lat="43.068895"><ele>416.0</ele></trkpt>
   <trkpt lon="-1.415414" lat="43.068791"><ele>418.5</ele></trkpt>
   <trkpt lon="-1.415226" lat="43.068643"><ele>419.25</ele></trkpt>
   <trkpt lon="-1.415062" lat="43.068432"><ele>419.5</ele></trkpt>
   <trkpt lon="-1.414935" lat="43.068282"><ele>418.25</ele></trkpt>
   <trkpt lon="-1.414798" lat="43.068205"><ele>419.75</ele></trkpt>
   <trkpt lon="-1.414058" lat="43.067908"><ele>421.75</ele></trkpt>
   <trkpt lon="-1.413960" lat="43.067859"><ele>421.0</ele></trkpt>
   <trkpt lon="-1.413866" lat="43.067802"><ele>418.75</ele></trkpt>
   <trkpt lon="-1.413729" lat="43.067661"><ele>417.5</ele></trkpt>
   <trkpt lon="-1.413559" lat="43.067535"><ele>417.75</ele></trkpt>
   <trkpt lon="-1.413377" lat="43.067420"><ele>417.75</ele></trkpt>
   <trkpt lon="-1.413043" lat="43.067171"><ele>420.5</ele></trkpt>
   <trkpt lon="-1.412641" lat="43.066791"><ele>419.25</ele></trkpt>
   <trkpt lon="-1.412389" lat="43.066539"><ele>419.5</ele></trkpt>
   <trkpt lon="-1.412181" lat="43.066398"><ele>420.25</ele></trkpt>
   <trkpt lon="-1.411972" lat="43.066214"><ele>422.0</ele></trkpt>
   <trkpt lon="-1.411822" lat="43.066156"><ele>423.0</ele></trkpt>
   <trkpt lon="-1.411629" lat="43.066023"><ele>424.0</ele></trkpt>
   <trkpt lon="-1.411537" lat="43.065923"><ele>425.0</ele></trkpt>
   <trkpt lon="-1.411484" lat="43.065741"><ele>423.5</ele></trkpt>
   <trkpt lon="-1.411399" lat="43.065573"><ele>423.0</ele></trkpt>
   <trkpt lon="-1.411334" lat="43.065480"><ele>423.0</ele></trkpt>
   <trkpt lon="-1.411269" lat="43.065443"><ele>423.25</ele></trkpt>
   <trkpt lon="-1.411202" lat="43.065404"><ele>423.25</ele></trkpt>
   <trkpt lon="-1.410949" lat="43.065341"><ele>421.5</ele></trkpt>
   <trkpt lon="-1.410645" lat="43.065095"><ele>422.0</ele></trkpt>
   <trkpt lon="-1.410510" lat="43.065043"><ele>422.75</ele></trkpt>
   <trkpt lon="-1.410256" lat="43.064976"><ele>423.25</ele></trkpt>
   <trkpt lon="-1.410128" lat="43.064911"><ele>424.0</ele></trkpt>
   <trkpt lon="-1.409976" lat="43.064730"><ele>424.75</ele></trkpt>
   <trkpt lon="-1.409605" lat="43.064435"><ele>425.0</ele></trkpt>
   <trkpt lon="-1.409450" lat="43.064292"><ele>424.5</ele></trkpt>
   <trkpt lon="-1.409375" lat="43.064166"><ele>425.0</ele></trkpt>
   <trkpt lon="-1.409317" lat="43.064121"><ele>425.0</ele></trkpt>
   <trkpt lon="-1.409220" lat="43.064079"><ele>425.25</ele></trkpt>
   <trkpt lon="-1.408837" lat="43.063979"><ele>427.0</ele></trkpt>
   <trkpt lon="-1.408649" lat="43.063922"><ele>427.75</ele></trkpt>
   <trkpt lon="-1.408440" lat="43.063842"><ele>429.75</ele></trkpt>
   <trkpt lon="-1.407947" lat="43.063638"><ele>433.75</ele></trkpt>
   <trkpt lon="-1.407893" lat="43.063602"><ele>434.0</ele></trkpt>
   <trkpt lon="-1.407756" lat="43.063374"><ele>433.5</ele></trkpt>
   <trkpt lon="-1.407671" lat="43.063385"><ele>434.0</ele></trkpt>
   <trkpt lon="-1.407324" lat="43.063622"><ele>437.5</ele></trkpt>
   <trkpt lon="-1.407215" lat="43.063675"><ele>438.0</ele></trkpt>
   <trkpt lon="-1.407077" lat="43.063713"><ele>438.5</ele></trkpt>
   <trkpt lon="-1.406970" lat="43.063730"><ele>439.0</ele></trkpt>
   <trkpt lon="-1.406743" lat="43.063733"><ele>439.0</ele></trkpt>
   <trkpt lon="-1.406670" lat="43.063749"><ele>439.25</ele></trkpt>
   <trkpt lon="-1.406438" lat="43.063866"><ele>440.0</ele></trkpt>
   <trkpt lon="-1.406284" lat="43.063953"><ele>441.75</ele></trkpt>
   <trkpt lon="-1.406221" lat="43.063850"><ele>442.25</ele></trkpt>
   <trkpt lon="-1.406224" lat="43.063788"><ele>443.25</ele></trkpt>
   <trkpt lon="-1.406267" lat="43.063665"><ele>443.5</ele></trkpt>
   <trkpt lon="-1.406332" lat="43.063519"><ele>442.75</ele></trkpt>
   <trkpt lon="-1.406357" lat="43.063352"><ele>444.0</ele></trkpt>
   <trkpt lon="-1.406298" lat="43.063129"><ele>443.75</ele></trkpt>
   <trkpt lon="-1.406229" lat="43.063026"><ele>444.75</ele></trkpt>
   <trkpt lon="-1.406139" lat="43.062970"><ele>446.25</ele></trkpt>
   <trkpt lon="-1.405958" lat="43.062888"><ele>446.5</ele></trkpt>
   <trkpt lon="-1.405767" lat="43.062853"><ele>446.5</ele></trkpt>
   <trkpt lon="-1.405585" lat="43.062862"><ele>448.25</ele></trkpt>
   <trkpt lon="-1.405410" lat="43.062916"><ele>451.25</ele></trkpt>
   <trkpt lon="-1.405211" lat="43.062911"><ele>452.25</ele></trkpt>
   <trkpt lon="-1.404882" lat="43.062814"><ele>454.0</ele></trkpt>
   <trkpt lon="-1.404211" lat="43.062550"><ele>458.25</ele></trkpt>
   <trkpt lon="-1.404060" lat="43.062539"><ele>458.75</ele></trkpt>
   <trkpt lon="-1.403823" lat="43.062580"><ele>460.5</ele></trkpt>
   <trkpt lon="-1.403366" lat="43.062605"><ele>459.5</ele></trkpt>
   <trkpt lon="-1.403192" lat="43.062561"><ele>459.25</ele></trkpt>
   <trkpt lon="-1.403047" lat="43.062493"><ele>458.0</ele></trkpt>
   <trkpt lon="-1.402764" lat="43.062294"><ele>460.25</ele></trkpt>
   <trkpt lon="-1.402421" lat="43.061996"><ele>461.0</ele></trkpt>
   <trkpt lon="-1.402323" lat="43.061870"><ele>461.5</ele></trkpt>
   <trkpt lon="-1.402142" lat="43.061612"><ele>463.5</ele></trkpt>
   <trkpt lon="-1.402013" lat="43.061477"><ele>464.75</ele></trkpt>
   <trkpt lon="-1.401867" lat="43.061253"><ele>466.0</ele></trkpt>
   <trkpt lon="-1.401854" lat="43.061160"><ele>465.0</ele></trkpt>
   <trkpt lon="-1.401869" lat="43.061016"><ele>462.25</ele></trkpt>
   <trkpt lon="-1.401905" lat="43.060944"><ele>460.25</ele></trkpt>
   <trkpt lon="-1.401900" lat="43.060886"><ele>459.5</ele></trkpt>
   <trkpt lon="-1.401850" lat="43.060828"><ele>459.75</ele></trkpt>
   <trkpt lon="-1.401036" lat="43.060438"><ele>466.75</ele></trkpt>
   <trkpt lon="-1.400569" lat="43.060329"><ele>467.75</ele></trkpt>
   <trkpt lon="-1.400036" lat="43.060235"><ele>470.75</ele></trkpt>
   <trkpt lon="-1.399577" lat="43.060149"><ele>470.75</ele></trkpt>
   <trkpt lon="-1.399188" lat="43.060155"><ele>470.5</ele></trkpt>
   <trkpt lon="-1.398687" lat="43.060266"><ele>471.25</ele></trkpt>
   <trkpt lon="-1.398547" lat="43.060280"><ele>470.75</ele></trkpt>
   <trkpt lon="-1.398284" lat="43.060223"><ele>472.0</ele></trkpt>
   <trkpt lon="-1.397787" lat="43.060079"><ele>477.0</ele></trkpt>
   <trkpt lon="-1.397657" lat="43.060048"><ele>476.25</ele></trkpt>
   <trkpt lon="-1.397608" lat="43.060037"><ele>476.0</ele></trkpt>
   <trkpt lon="-1.397533" lat="43.060041"><ele>476.75</ele></trkpt>
   <trkpt lon="-1.397410" lat="43.060075"><ele>476.5</ele></trkpt>
   <trkpt lon="-1.397115" lat="43.060178"><ele>476.0</ele></trkpt>
   <trkpt lon="-1.396661" lat="43.060312"><ele>474.75</ele></trkpt>
   <trkpt lon="-1.396599" lat="43.060325"><ele>475.5</ele></trkpt>
   <trkpt lon="-1.396526" lat="43.060325"><ele>475.25</ele></trkpt>
   <trkpt lon="-1.396455" lat="43.060296"><ele>473.75</ele></trkpt>
   <trkpt lon="-1.396345" lat="43.060216"><ele>474.5</ele></trkpt>
   <trkpt lon="-1.396271" lat="43.060158"><ele>476.5</ele></trkpt>
   <trkpt lon="-1.396209" lat="43.060136"><ele>477.5</ele></trkpt>
   <trkpt lon="-1.396060" lat="43.060124"><ele>479.5</ele></trkpt>
   <trkpt lon="-1.395817" lat="43.060135"><ele>481.25</ele></trkpt>
   <trkpt lon="-1.395647" lat="43.060136"><ele>482.5</ele></trkpt>
   <trkpt lon="-1.395382" lat="43.060154"><ele>483.75</ele></trkpt>
   <trkpt lon="-1.394931" lat="43.060208"><ele>484.75</ele></trkpt>
   <trkpt lon="-1.394640" lat="43.060269"><ele>484.75</ele></trkpt>
   <trkpt lon="-1.394593" lat="43.060274"><ele>485.0</ele></trkpt>
   <trkpt lon="-1.394550" lat="43.060267"><ele>486.25</ele></trkpt>
   <trkpt lon="-1.394546" lat="43.060234"><ele>489.0</ele></trkpt>
   <trkpt lon="-1.394558" lat="43.060214"><ele>490.25</ele></trkpt>
   <trkpt lon="-1.394623" lat="43.060179"><ele>492.0</ele></trkpt>
   <trkpt lon="-1.394803" lat="43.060134"><ele>492.25</ele></trkpt>
   <trkpt lon="-1.394950" lat="43.060106"><ele>491.5</ele></trkpt>
   <trkpt lon="-1.395226" lat="43.060027"><ele>493.75</ele></trkpt>
   <trkpt lon="-1.395795" lat="43.059909"><ele>496.25</ele></trkpt>
   <trkpt lon="-1.396268" lat="43.059710"><ele>502.0</ele></trkpt>
   <trkpt lon="-1.396409" lat="43.059635"><ele>501.75</ele></trkpt>
   <trkpt lon="-1.396506" lat="43.059560"><ele>501.5</ele></trkpt>
   <trkpt lon="-1.396563" lat="43.059497"><ele>502.25</ele></trkpt>
   <trkpt lon="-1.396527" lat="43.059417"><ele>504.5</ele></trkpt>
   <trkpt lon="-1.396379" lat="43.059192"><ele>504.0</ele></trkpt>
   <trkpt lon="-1.396192" lat="43.058952"><ele>504.75</ele></trkpt>
   <trkpt lon="-1.395983" lat="43.058594"><ele>504.75</ele></trkpt>
   <trkpt lon="-1.395825" lat="43.058374"><ele>504.0</ele></trkpt>
   <trkpt lon="-1.395623" lat="43.058212"><ele>507.75</ele></trkpt>
   <trkpt lon="-1.395503" lat="43.058086"><ele>506.25</ele></trkpt>
   <trkpt lon="-1.395244" lat="43.057899"><ele>508.5</ele></trkpt>
   <trkpt lon="-1.394948" lat="43.057676"><ele>510.0</ele></trkpt>
   <trkpt lon="-1.394409" lat="43.057173"><ele>511.5</ele></trkpt>
   <trkpt lon="-1.393877" lat="43.056740"><ele>518.25</ele></trkpt>
   <trkpt lon="-1.393680" lat="43.056627"><ele>520.75</ele></trkpt>
   <trkpt lon="-1.393594" lat="43.056531"><ele>521.25</ele></trkpt>
   <trkpt lon="-1.393529" lat="43.056411"><ele>520.75</ele></trkpt>
   <trkpt lon="-1.393483" lat="43.056244"><ele>520.0</ele></trkpt>
   <trkpt lon="-1.393470" lat="43.055946"><ele>518.75</ele></trkpt>
   <trkpt lon="-1.393485" lat="43.055843"><ele>518.25</ele></trkpt>
   <trkpt lon="-1.393556" lat="43.055595"><ele>517.0</ele></trkpt>
   <trkpt lon="-1.393654" lat="43.055343"><ele>518.5</ele></trkpt>
   <trkpt lon="-1.393782" lat="43.055252"><ele>518.75</ele></trkpt>
   <trkpt lon="-1.393831" lat="43.055186"><ele>520.0</ele></trkpt>
   <trkpt lon="-1.393906" lat="43.055108"><ele>520.25</ele></trkpt>
   <trkpt lon="-1.393979" lat="43.055057"><ele>519.75</ele></trkpt>
   <trkpt lon="-1.394106" lat="43.054989"><ele>518.0</ele></trkpt>
   <trkpt lon="-1.394204" lat="43.054946"><ele>518.0</ele></trkpt>
   <trkpt lon="-1.394781" lat="43.055034"><ele>514.5</ele></trkpt>
   <trkpt lon="-1.394845" lat="43.055033"><ele>513.75</ele></trkpt>
   <trkpt lon="-1.394946" lat="43.055000"><ele>515.25</ele></trkpt>
   <trkpt lon="-1.395015" lat="43.054929"><ele>516.5</ele></trkpt>
   <trkpt lon="-1.395100" lat="43.054772"><ele>516.75</ele></trkpt>
   <trkpt lon="-1.395041" lat="43.054557"><ele>521.75</ele></trkpt>
   <trkpt lon="-1.395074" lat="43.054448"><ele>520.25</ele></trkpt>
   <trkpt lon="-1.395304" lat="43.054271"><ele>518.75</ele></trkpt>
   <trkpt lon="-1.395436" lat="43.054138"><ele>519.0</ele></trkpt>
   <trkpt lon="-1.395637" lat="43.053521"><ele>523.25</ele></trkpt>
   <trkpt lon="-1.395758" lat="43.053227"><ele>521.0</ele></trkpt>
   <trkpt lon="-1.395896" lat="43.052843"><ele>521.5</ele></trkpt>
   <trkpt lon="-1.395997" lat="43.052730"><ele>520.0</ele></trkpt>
   <trkpt lon="-1.396047" lat="43.052612"><ele>519.0</ele></trkpt>
   <trkpt lon="-1.396070" lat="43.052394"><ele>518.25</ele></trkpt>
   <trkpt lon="-1.396055" lat="43.052227"><ele>518.25</ele></trkpt>
   <trkpt lon="-1.396073" lat="43.052151"><ele>519.25</ele></trkpt>
   <trkpt lon="-1.396219" lat="43.051973"><ele>516.25</ele></trkpt>
   <trkpt lon="-1.396348" lat="43.051586"><ele>519.25</ele></trkpt>
   <trkpt lon="-1.396428" lat="43.051462"><ele>519.25</ele></trkpt>
   <trkpt lon="-1.396518" lat="43.051359"><ele>520.75</ele></trkpt>
   <trkpt lon="-1.396741" lat="43.051208"><ele>524.25</ele></trkpt>
   <trkpt lon="-1.396841" lat="43.051155"><ele>525.75</ele></trkpt>
   <trkpt lon="-1.397184" lat="43.051026"><ele>526.0</ele></trkpt>
   <trkpt lon="-1.397242" lat="43.050979"><ele>526.0</ele></trkpt>
   <trkpt lon="-1.397260" lat="43.050930"><ele>526.25</ele></trkpt>
   <trkpt lon="-1.397197" lat="43.050803"><ele>528.75</ele></trkpt>
   <trkpt lon="-1.397092" lat="43.050668"><ele>528.25</ele></trkpt>
   <trkpt lon="-1.396866" lat="43.050478"><ele>529.75</ele></trkpt>
   <trkpt lon="-1.396743" lat="43.050304"><ele>528.75</ele></trkpt>
   <trkpt lon="-1.396611" lat="43.050039"><ele>527.75</ele></trkpt>
   <trkpt lon="-1.396463" lat="43.049682"><ele>525.75</ele></trkpt>
   <trkpt lon="-1.396318" lat="43.049176"><ele>523.75</ele></trkpt>
   <trkpt lon="-1.396238" lat="43.049043"><ele>523.25</ele></trkpt>
   <trkpt lon="-1.395943" lat="43.048790"><ele>523.0</ele></trkpt>
   <trkpt lon="-1.395873" lat="43.048689"><ele>520.75</ele></trkpt>
   <trkpt lon="-1.395808" lat="43.048578"><ele>519.25</ele></trkpt>
   <trkpt lon="-1.395848" lat="43.048463"><ele>517.5</ele></trkpt>
   <trkpt lon="-1.395923" lat="43.048340"><ele>518.25</ele></trkpt>
   <trkpt lon="-1.395823" lat="43.048025"><ele>521.5</ele></trkpt>
   <trkpt lon="-1.395878" lat="43.047797"><ele>523.0</ele></trkpt>
   <trkpt lon="-1.395909" lat="43.047607"><ele>524.25</ele></trkpt>
   <trkpt lon="-1.395856" lat="43.047151"><ele>528.25</ele></trkpt>
   <trkpt lon="-1.395773" lat="43.046789"><ele>529.5</ele></trkpt>
   <trkpt lon="-1.395613" lat="43.046462"><ele>532.5</ele></trkpt>
   <trkpt lon="-1.395511" lat="43.046337"><ele>533.5</ele></trkpt>
   <trkpt lon="-1.395411" lat="43.046258"><ele>534.25</ele></trkpt>
   <trkpt lon="-1.395289" lat="43.046199"><ele>536.0</ele></trkpt>
   <trkpt lon="-1.394855" lat="43.045968"><ele>538.5</ele></trkpt>
   <trkpt lon="-1.394547" lat="43.045849"><ele>538.75</ele></trkpt>
   <trkpt lon="-1.394269" lat="43.045769"><ele>541.5</ele></trkpt>
   <trkpt lon="-1.394073" lat="43.045666"><ele>541.25</ele></trkpt>
   <trkpt lon="-1.393972" lat="43.045577"><ele>540.5</ele></trkpt>
   <trkpt lon="-1.393762" lat="43.045359"><ele>543.75</ele></trkpt>
   <trkpt lon="-1.393676" lat="43.045229"><ele>544.75</ele></trkpt>
   <trkpt lon="-1.393494" lat="43.044905"><ele>547.5</ele></trkpt>
   <trkpt lon="-1.393418" lat="43.044695"><ele>548.5</ele></trkpt>
   <trkpt lon="-1.393239" lat="43.044475"><ele>549.25</ele></trkpt>
   <trkpt lon="-1.393186" lat="43.044379"><ele>550.25</ele></trkpt>
   <trkpt lon="-1.393073" lat="43.044255"><ele>552.25</ele></trkpt>
   <trkpt lon="-1.393032" lat="43.044102"><ele>551.0</ele></trkpt>
   <trkpt lon="-1.393011" lat="43.043961"><ele>552.0</ele></trkpt>
   <trkpt lon="-1.393016" lat="43.043844"><ele>551.75</ele></trkpt>
   <trkpt lon="-1.393071" lat="43.043646"><ele>551.25</ele></trkpt>
   <trkpt lon="-1.393076" lat="43.043525"><ele>552.0</ele></trkpt>
   <trkpt lon="-1.392831" lat="43.043460"><ele>557.75</ele></trkpt>
   <trkpt lon="-1.392634" lat="43.043420"><ele>559.25</ele></trkpt>
   <trkpt lon="-1.391975" lat="43.043346"><ele>560.5</ele></trkpt>
   <trkpt lon="-1.391826" lat="43.043364"><ele>562.5</ele></trkpt>
   <trkpt lon="-1.391613" lat="43.043458"><ele>568.75</ele></trkpt>
   <trkpt lon="-1.391471" lat="43.043545"><ele>569.5</ele></trkpt>
   <trkpt lon="-1.391464" lat="43.043601"><ele>568.75</ele></trkpt>
   <trkpt lon="-1.391481" lat="43.043740"><ele>570.25</ele></trkpt>
   <trkpt lon="-1.391465" lat="43.043889"><ele>571.0</ele></trkpt>
   <trkpt lon="-1.391404" lat="43.043983"><ele>573.5</ele></trkpt>
   <trkpt lon="-1.391272" lat="43.044061"><ele>577.0</ele></trkpt>
   <trkpt lon="-1.391145" lat="43.044090"><ele>577.5</ele></trkpt>
   <trkpt lon="-1.390987" lat="43.044089"><ele>577.75</ele></trkpt>
   <trkpt lon="-1.390916" lat="43.044052"><ele>577.5</ele></trkpt>
   <trkpt lon="-1.390792" lat="43.043930"><ele>577.0</ele></trkpt>
   <trkpt lon="-1.390448" lat="43.043689"><ele>584.25</ele></trkpt>
   <trkpt lon="-1.390195" lat="43.043625"><ele>584.5</ele></trkpt>
   <trkpt lon="-1.389831" lat="43.043481"><ele>589.5</ele></trkpt>
   <trkpt lon="-1.389566" lat="43.043442"><ele>591.0</ele></trkpt>
   <trkpt lon="-1.389399" lat="43.043434"><ele>591.75</ele></trkpt>
   <trkpt lon="-1.389319" lat="43.043405"><ele>592.0</ele></trkpt>
   <trkpt lon="-1.389110" lat="43.043282"><ele>594.75</ele></trkpt>
   <trkpt lon="-1.388981" lat="43.043214"><ele>597.5</ele></trkpt>
   <trkpt lon="-1.388781" lat="43.043144"><ele>598.0</ele></trkpt>
   <trkpt lon="-1.388592" lat="43.043033"><ele>600.25</ele></trkpt>
   <trkpt lon="-1.388493" lat="43.043010"><ele>601.25</ele></trkpt>
   <trkpt lon="-1.388340" lat="43.043030"><ele>599.5</ele></trkpt>
   <trkpt lon="-1.388230" lat="43.043022"><ele>600.0</ele></trkpt>
   <trkpt lon="-1.387855" lat="43.042903"><ele>605.25</ele></trkpt>
   <trkpt lon="-1.387800" lat="43.042902"><ele>605.25</ele></trkpt>
   <trkpt lon="-1.387764" lat="43.042910"><ele>605.5</ele></trkpt>
   <trkpt lon="-1.387687" lat="43.042968"><ele>607.5</ele></trkpt>
   <trkpt lon="-1.387654" lat="43.043167"><ele>606.5</ele></trkpt>
   <trkpt lon="-1.387621" lat="43.043251"><ele>606.75</ele></trkpt>
   <trkpt lon="-1.387517" lat="43.043338"><ele>609.25</ele></trkpt>
   <trkpt lon="-1.387369" lat="43.043401"><ele>611.0</ele></trkpt>
   <trkpt lon="-1.387238" lat="43.043404"><ele>612.75</ele></trkpt>
   <trkpt lon="-1.387130" lat="43.043332"><ele>613.25</ele></trkpt>
   <trkpt lon="-1.387135" lat="43.043272"><ele>614.25</ele></trkpt>
   <trkpt lon="-1.387240" lat="43.043065"><ele>618.5</ele></trkpt>
   <trkpt lon="-1.387256" lat="43.042925"><ele>620.5</ele></trkpt>
   <trkpt lon="-1.387180" lat="43.042668"><ele>626.25</ele></trkpt>
   <trkpt lon="-1.387195" lat="43.042539"><ele>628.5</ele></trkpt>
   <trkpt lon="-1.387187" lat="43.042477"><ele>629.5</ele></trkpt>
   <trkpt lon="-1.387080" lat="43.042463"><ele>631.0</ele></trkpt>
   <trkpt lon="-1.386838" lat="43.042473"><ele>633.25</ele></trkpt>
   <trkpt lon="-1.386627" lat="43.042458"><ele>635.0</ele></trkpt>
   <trkpt lon="-1.386497" lat="43.042440"><ele>635.75</ele></trkpt>
   <trkpt lon="-1.386369" lat="43.042395"><ele>636.75</ele></trkpt>
   <trkpt lon="-1.385945" lat="43.042118"><ele>641.5</ele></trkpt>
   <trkpt lon="-1.385797" lat="43.041964"><ele>645.25</ele></trkpt>
   <trkpt lon="-1.385679" lat="43.041934"><ele>645.5</ele></trkpt>
   <trkpt lon="-1.385566" lat="43.041914"><ele>645.5</ele></trkpt>
   <trkpt lon="-1.385455" lat="43.041871"><ele>645.75</ele></trkpt>
   <trkpt lon="-1.385442" lat="43.041736"><ele>648.25</ele></trkpt>
   <trkpt lon="-1.385499" lat="43.041625"><ele>651.0</ele></trkpt>
   <trkpt lon="-1.385637" lat="43.041504"><ele>654.5</ele></trkpt>
   <trkpt lon="-1.386319" lat="43.040555"><ele>680.5</ele></trkpt>
   <trkpt lon="-1.386473" lat="43.040447"><ele>684.5</ele></trkpt>
   <trkpt lon="-1.386658" lat="43.040227"><ele>691.75</ele></trkpt>
   <trkpt lon="-1.386800" lat="43.039992"><ele>698.5</ele></trkpt>
   <trkpt lon="-1.386908" lat="43.039602"><ele>708.25</ele></trkpt>
   <trkpt lon="-1.386943" lat="43.039347"><ele>716.0</ele></trkpt>
   <trkpt lon="-1.386991" lat="43.039192"><ele>721.75</ele></trkpt>
   <trkpt lon="-1.387018" lat="43.039030"><ele>726.25</ele></trkpt>
   <trkpt lon="-1.387012" lat="43.038869"><ele>730.75</ele></trkpt>
   <trkpt lon="-1.386904" lat="43.038621"><ele>739.25</ele></trkpt>
   <trkpt lon="-1.386989" lat="43.038542"><ele>742.0</ele></trkpt>
   <trkpt lon="-1.387157" lat="43.038494"><ele>746.25</ele></trkpt>
   <trkpt lon="-1.387169" lat="43.038462"><ele>748.0</ele></trkpt>
   <trkpt lon="-1.387115" lat="43.038391"><ele>750.0</ele></trkpt>
   <trkpt lon="-1.387083" lat="43.038279"><ele>754.5</ele></trkpt>
   <trkpt lon="-1.386960" lat="43.038225"><ele>754.0</ele></trkpt>
   <trkpt lon="-1.386791" lat="43.038203"><ele>756.25</ele></trkpt>
   <trkpt lon="-1.386619" lat="43.038191"><ele>759.75</ele></trkpt>
   <trkpt lon="-1.386572" lat="43.038167"><ele>762.25</ele></trkpt>
   <trkpt lon="-1.386576" lat="43.038123"><ele>763.5</ele></trkpt>
   <trkpt lon="-1.386783" lat="43.037934"><ele>767.0</ele></trkpt>
   <trkpt lon="-1.386858" lat="43.037787"><ele>773.25</ele></trkpt>
   <trkpt lon="-1.386836" lat="43.037662"><ele>779.0</ele></trkpt>
   <trkpt lon="-1.386721" lat="43.037631"><ele>778.75</ele></trkpt>
   <trkpt lon="-1.386558" lat="43.037672"><ele>779.25</ele></trkpt>
   <trkpt lon="-1.386335" lat="43.037850"><ele>781.0</ele></trkpt>
   <trkpt lon="-1.386257" lat="43.037842"><ele>784.5</ele></trkpt>
   <trkpt lon="-1.386222" lat="43.037793"><ele>787.25</ele></trkpt>
   <trkpt lon="-1.386295" lat="43.037621"><ele>788.75</ele></trkpt>
   <trkpt lon="-1.386369" lat="43.037398"><ele>791.25</ele></trkpt>
   <trkpt lon="-1.386354" lat="43.037262"><ele>795.0</ele></trkpt>
   <trkpt lon="-1.386225" lat="43.037213"><ele>800.5</ele></trkpt>
   <trkpt lon="-1.386128" lat="43.037260"><ele>802.75</ele></trkpt>
   <trkpt lon="-1.385965" lat="43.037550"><ele>806.0</ele></trkpt>
   <trkpt lon="-1.385787" lat="43.037685"><ele>812.75</ele></trkpt>
   <trkpt lon="-1.385718" lat="43.037858"><ele>815.75</ele></trkpt>
   <trkpt lon="-1.385697" lat="43.037946"><ele>818.25</ele></trkpt>
   <trkpt lon="-1.385696" lat="43.038132"><ele>816.5</ele></trkpt>
   <trkpt lon="-1.385633" lat="43.038194"><ele>818.25</ele></trkpt>
   <trkpt lon="-1.385522" lat="43.038262"><ele>820.0</ele></trkpt>
   <trkpt lon="-1.385353" lat="43.038260"><ele>824.0</ele></trkpt>
   <trkpt lon="-1.385211" lat="43.038274"><ele>828.0</ele></trkpt>
   <trkpt lon="-1.385101" lat="43.038353"><ele>829.0</ele></trkpt>
   <trkpt lon="-1.385074" lat="43.038484"><ele>826.75</ele></trkpt>
   <trkpt lon="-1.385032" lat="43.038538"><ele>827.0</ele></trkpt>
   <trkpt lon="-1.384916" lat="43.038593"><ele>827.75</ele></trkpt>
   <trkpt lon="-1.384768" lat="43.038604"><ele>829.5</ele></trkpt>
   <trkpt lon="-1.384595" lat="43.038583"><ele>829.75</ele></trkpt>
   <trkpt lon="-1.384447" lat="43.038458"><ele>833.0</ele></trkpt>
   <trkpt lon="-1.383958" lat="43.037928"><ele>838.0</ele></trkpt>
   <trkpt lon="-1.383670" lat="43.037766"><ele>840.0</ele></trkpt>
   <trkpt lon="-1.383356" lat="43.037605"><ele>842.5</ele></trkpt>
   <trkpt lon="-1.382751" lat="43.037372"><ele>851.5</ele></trkpt>
   <trkpt lon="-1.381821" lat="43.037040"><ele>870.0</ele></trkpt>
   <trkpt lon="-1.381612" lat="43.036938"><ele>874.5</ele></trkpt>
   <trkpt lon="-1.381467" lat="43.036825"><ele>878.0</ele></trkpt>
   <trkpt lon="-1.381537" lat="43.036574"><ele>882.25</ele></trkpt>
   <trkpt lon="-1.381502" lat="43.036415"><ele>884.5</ele></trkpt>
   <trkpt lon="-1.381410" lat="43.036263"><ele>884.0</ele></trkpt>
   <trkpt lon="-1.380418" lat="43.035909"><ele>884.5</ele></trkpt>
   <trkpt lon="-1.380044" lat="43.035835"><ele>884.5</ele></trkpt>
   <trkpt lon="-1.379796" lat="43.035772"><ele>884.5</ele></trkpt>
   <trkpt lon="-1.379548" lat="43.035665"><ele>885.0</ele></trkpt>
   <trkpt lon="-1.379344" lat="43.035517"><ele>885.25</ele></trkpt>
   <trkpt lon="-1.379141" lat="43.035267"><ele>886.75</ele></trkpt>
   <trkpt lon="-1.378941" lat="43.034983"><ele>888.5</ele></trkpt>
   <trkpt lon="-1.378816" lat="43.034869"><ele>890.25</ele></trkpt>
   <trkpt lon="-1.378227" lat="43.034565"><ele>896.25</ele></trkpt>
   <trkpt lon="-1.377975" lat="43.034381"><ele>899.5</ele></trkpt>
   <trkpt lon="-1.377771" lat="43.034064"><ele>901.25</ele></trkpt>
   <trkpt lon="-1.377647" lat="43.033950"><ele>904.0</ele></trkpt>
   <trkpt lon="-1.377429" lat="43.033823"><ele>907.0</ele></trkpt>
   <trkpt lon="-1.377315" lat="43.033738"><ele>907.25</ele></trkpt>
   <trkpt lon="-1.376859" lat="43.033044"><ele>907.5</ele></trkpt>
   <trkpt lon="-1.376805" lat="43.032930"><ele>909.5</ele></trkpt>
   <trkpt lon="-1.376784" lat="43.032507"><ele>912.25</ele></trkpt>
   <trkpt lon="-1.376912" lat="43.032224"><ele>914.0</ele></trkpt>
   <trkpt lon="-1.376848" lat="43.032095"><ele>913.5</ele></trkpt>
   <trkpt lon="-1.376643" lat="43.031919"><ele>916.0</ele></trkpt>
   <trkpt lon="-1.376215" lat="43.031652"><ele>917.25</ele></trkpt>
   <trkpt lon="-1.376108" lat="43.031523"><ele>915.75</ele></trkpt>
   <trkpt lon="-1.375818" lat="43.031456"><ele>917.5</ele></trkpt>
   <trkpt lon="-1.375641" lat="43.031370"><ele>916.5</ele></trkpt>
   <trkpt lon="-1.375367" lat="43.031158"><ele>914.25</ele></trkpt>
   <trkpt lon="-1.375121" lat="43.030981"><ele>914.25</ele></trkpt>
   <trkpt lon="-1.374938" lat="43.030903"><ele>915.0</ele></trkpt>
   <trkpt lon="-1.374300" lat="43.030813"><ele>916.75</ele></trkpt>
   <trkpt lon="-1.374131" lat="43.030722"><ele>918.25</ele></trkpt>
   <trkpt lon="-1.373447" lat="43.030325"><ele>927.25</ele></trkpt>
   <trkpt lon="-1.372911" lat="43.030088"><ele>928.5</ele></trkpt>
   <trkpt lon="-1.372439" lat="43.029962"><ele>929.25</ele></trkpt>
   <trkpt lon="-1.371846" lat="43.029938"><ele>928.75</ele></trkpt>
   <trkpt lon="-1.371416" lat="43.029965"><ele>929.25</ele></trkpt>
   <trkpt lon="-1.371183" lat="43.029941"><ele>927.75</ele></trkpt>
   <trkpt lon="-1.371010" lat="43.029808"><ele>917.75</ele></trkpt>
   <trkpt lon="-1.371057" lat="43.029617"><ele>908.25</ele></trkpt>
   <trkpt lon="-1.371103" lat="43.029340"><ele>903.5</ele></trkpt>
   <trkpt lon="-1.370926" lat="43.029081"><ele>922.25</ele></trkpt>
   <trkpt lon="-1.370716" lat="43.028644"><ele>942.75</ele></trkpt>
   <trkpt lon="-1.370160" lat="43.027784"><ele>958.0</ele></trkpt>
   <trkpt lon="-1.369824" lat="43.027453"><ele>965.75</ele></trkpt>
   <trkpt lon="-1.369567" lat="43.027221"><ele>970.0</ele></trkpt>
   <trkpt lon="-1.369240" lat="43.026985"><ele>975.5</ele></trkpt>
   <trkpt lon="-1.368902" lat="43.026804"><ele>979.25</ele></trkpt>
   <trkpt lon="-1.368708" lat="43.026760"><ele>980.75</ele></trkpt>
   <trkpt lon="-1.368544" lat="43.026790"><ele>984.5</ele></trkpt>
   <trkpt lon="-1.368283" lat="43.026828"><ele>988.25</ele></trkpt>
   <trkpt lon="-1.368086" lat="43.026842"><ele>992.25</ele></trkpt>
   <trkpt lon="-1.367059" lat="43.026558"><ele>1005.25</ele></trkpt>
   <trkpt lon="-1.366759" lat="43.026546"><ele>1008.25</ele></trkpt>
   <trkpt lon="-1.366424" lat="43.026664"><ele>1013.25</ele></trkpt>
   <trkpt lon="-1.366209" lat="43.026876"><ele>1018.0</ele></trkpt>
   <trkpt lon="-1.366004" lat="43.027108"><ele>1025.25</ele></trkpt>
   <trkpt lon="-1.365775" lat="43.027115"><ele>1025.5</ele></trkpt>
   <trkpt lon="-1.365518" lat="43.027111"><ele>1026.25</ele></trkpt>
   <trkpt lon="-1.365439" lat="43.027142"><ele>1027.25</ele></trkpt>
   <trkpt lon="-1.365471" lat="43.027207"><ele>1030.25</ele></trkpt>
   <trkpt lon="-1.365943" lat="43.027282"><ele>1032.0</ele></trkpt>
   <trkpt lon="-1.366120" lat="43.027292"><ele>1032.5</ele></trkpt>
   <trkpt lon="-1.366288" lat="43.027255"><ele>1033.5</ele></trkpt>
   <trkpt lon="-1.366415" lat="43.027197"><ele>1033.75</ele></trkpt>
   <trkpt lon="-1.366583" lat="43.027098"><ele>1034.0</ele></trkpt>
   <trkpt lon="-1.366713" lat="43.027115"><ele>1036.25</ele></trkpt>
   <trkpt lon="-1.367391" lat="43.027425"><ele>1041.0</ele></trkpt>
   <trkpt lon="-1.367778" lat="43.027695"><ele>1045.0</ele></trkpt>
   <trkpt lon="-1.367946" lat="43.027924"><ele>1047.5</ele></trkpt>
   <trkpt lon="-1.367956" lat="43.028077"><ele>1049.75</ele></trkpt>
   <trkpt lon="-1.367881" lat="43.028180"><ele>1051.0</ele></trkpt>
   <trkpt lon="-1.367755" lat="43.028289"><ele>1053.25</ele></trkpt>
   <trkpt lon="-1.367451" lat="43.028374"><ele>1055.0</ele></trkpt>
   <trkpt lon="-1.366816" lat="43.028405"><ele>1059.75</ele></trkpt>
   <trkpt lon="-1.366401" lat="43.028381"><ele>1063.75</ele></trkpt>
   <trkpt lon="-1.366274" lat="43.028412"><ele>1065.25</ele></trkpt>
   <trkpt lon="-1.366069" lat="43.028549"><ele>1068.25</ele></trkpt>
   <trkpt lon="-1.365896" lat="43.028822"><ele>1072.25</ele></trkpt>
   <trkpt lon="-1.365710" lat="43.030002"><ele>1084.5</ele></trkpt>
   <trkpt lon="-1.365672" lat="43.030252"><ele>1088.75</ele></trkpt>
   <trkpt lon="-1.365588" lat="43.030508"><ele>1091.75</ele></trkpt>
   <trkpt lon="-1.365513" lat="43.030593"><ele>1092.0</ele></trkpt>
   <trkpt lon="-1.365453" lat="43.030605"><ele>1092.0</ele></trkpt>
   <trkpt lon="-1.365270" lat="43.030638"><ele>1091.75</ele></trkpt>
   <trkpt lon="-1.365223" lat="43.030726"><ele>1090.5</ele></trkpt>
   <trkpt lon="-1.365106" lat="43.030683"><ele>1091.5</ele></trkpt>
   <trkpt lon="-1.365042" lat="43.030673"><ele>1091.75</ele></trkpt>
   <trkpt lon="-1.364906" lat="43.030680"><ele>1093.0</ele></trkpt>
   <trkpt lon="-1.364792" lat="43.030707"><ele>1093.75</ele></trkpt>
   <trkpt lon="-1.364287" lat="43.030875"><ele>1096.0</ele></trkpt>
   <trkpt lon="-1.363357" lat="43.031038"><ele>1101.0</ele></trkpt>
   <trkpt lon="-1.362919" lat="43.030921"><ele>1109.5</ele></trkpt>
   <trkpt lon="-1.362114" lat="43.031133"><ele>1111.0</ele></trkpt>
   <trkpt lon="-1.361510" lat="43.031250"><ele>1115.0</ele></trkpt>
   <trkpt lon="-1.360273" lat="43.031611"><ele>1122.25</ele></trkpt>
   <trkpt lon="-1.359709" lat="43.031558"><ele>1126.0</ele></trkpt>
   <trkpt lon="-1.359135" lat="43.031629"><ele>1130.0</ele></trkpt>
   <trkpt lon="-1.358775" lat="43.031543"><ele>1132.75</ele></trkpt>
   <trkpt lon="-1.358612" lat="43.031451"><ele>1133.5</ele></trkpt>
   <trkpt lon="-1.358341" lat="43.031130"><ele>1136.5</ele></trkpt>
   <trkpt lon="-1.358222" lat="43.030721"><ele>1143.0</ele></trkpt>
   <trkpt lon="-1.357967" lat="43.030234"><ele>1149.0</ele></trkpt>
   <trkpt lon="-1.357895" lat="43.030169"><ele>1150.5</ele></trkpt>
   <trkpt lon="-1.357727" lat="43.030159"><ele>1147.25</ele></trkpt>
   <trkpt lon="-1.357480" lat="43.030098"><ele>1148.25</ele></trkpt>
   <trkpt lon="-1.357193" lat="43.029983"><ele>1150.25</ele></trkpt>
   <trkpt lon="-1.356878" lat="43.029776"><ele>1154.25</ele></trkpt>
   <trkpt lon="-1.356118" lat="43.029314"><ele>1159.75</ele></trkpt>
   <trkpt lon="-1.355404" lat="43.028959"><ele>1164.75</ele></trkpt>
   <trkpt lon="-1.355136" lat="43.028887"><ele>1166.0</ele></trkpt>
   <trkpt lon="-1.354865" lat="43.028568"><ele>1169.75</ele></trkpt>
   <trkpt lon="-1.354697" lat="43.028478"><ele>1171.75</ele></trkpt>
   <trkpt lon="-1.354627" lat="43.028470"><ele>1173.0</ele></trkpt>
   <trkpt lon="-1.354580" lat="43.028473"><ele>1174.0</ele></trkpt>
   <trkpt lon="-1.354503" lat="43.028504"><ele>1175.25</ele></trkpt>
   <trkpt lon="-1.354168" lat="43.028707"><ele>1179.5</ele></trkpt>
   <trkpt lon="-1.354115" lat="43.028725"><ele>1179.5</ele></trkpt>
   <trkpt lon="-1.354066" lat="43.028731"><ele>1179.5</ele></trkpt>
   <trkpt lon="-1.354034" lat="43.028708"><ele>1180.0</ele></trkpt>
   <trkpt lon="-1.354003" lat="43.028640"><ele>1181.5</ele></trkpt>
   <trkpt lon="-1.353969" lat="43.028507"><ele>1183.25</ele></trkpt>
   <trkpt lon="-1.353821" lat="43.028363"><ele>1184.5</ele></trkpt>
   <trkpt lon="-1.353760" lat="43.028272"><ele>1184.75</ele></trkpt>
   <trkpt lon="-1.353707" lat="43.028178"><ele>1185.25</ele></trkpt>
   <trkpt lon="-1.353498" lat="43.028005"><ele>1185.0</ele></trkpt>
   <trkpt lon="-1.353156" lat="43.027871"><ele>1182.25</ele></trkpt>
   <trkpt lon="-1.352512" lat="43.027765"><ele>1177.75</ele></trkpt>
   <trkpt lon="-1.351643" lat="43.027706"><ele>1170.25</ele></trkpt>
   <trkpt lon="-1.351029" lat="43.027556"><ele>1166.5</ele></trkpt>
   <trkpt lon="-1.350168" lat="43.027386"><ele>1160.0</ele></trkpt>
   <trkpt lon="-1.349260" lat="43.027062"><ele>1150.5</ele></trkpt>
   <trkpt lon="-1.348934" lat="43.026976"><ele>1147.25</ele></trkpt>
   <trkpt lon="-1.347911" lat="43.026841"><ele>1137.0</ele></trkpt>
   <trkpt lon="-1.347425" lat="43.026779"><ele>1130.25</ele></trkpt>
   <trkpt lon="-1.346997" lat="43.026686"><ele>1122.75</ele></trkpt>
   <trkpt lon="-1.346214" lat="43.026395"><ele>1109.0</ele></trkpt>
   <trkpt lon="-1.345470" lat="43.026067"><ele>1097.75</ele></trkpt>
   <trkpt lon="-1.345178" lat="43.026033"><ele>1094.5</ele></trkpt>
   <trkpt lon="-1.344705" lat="43.025964"><ele>1090.25</ele></trkpt>
   <trkpt lon="-1.344088" lat="43.025901"><ele>1087.0</ele></trkpt>
   <trkpt lon="-1.343598" lat="43.025900"><ele>1085.0</ele></trkpt>
   <trkpt lon="-1.343031" lat="43.025968"><ele>1081.25</ele></trkpt>
   <trkpt lon="-1.342837" lat="43.025991"><ele>1080.0</ele></trkpt>
   <trkpt lon="-1.342280" lat="43.026008"><ele>1076.75</ele></trkpt>
   <trkpt lon="-1.342012" lat="43.025970"><ele>1075.25</ele></trkpt>
   <trkpt lon="-1.341200" lat="43.025953"><ele>1071.5</ele></trkpt>
   <trkpt lon="-1.340519" lat="43.025879"><ele>1069.0</ele></trkpt>
   <trkpt lon="-1.339913" lat="43.025843"><ele>1069.0</ele></trkpt>
   <trkpt lon="-1.339284" lat="43.025889"><ele>1071.5</ele></trkpt>
   <trkpt lon="-1.338909" lat="43.025896"><ele>1073.75</ele></trkpt>
   <trkpt lon="-1.338239" lat="43.025795"><ele>1078.5</ele></trkpt>
   <trkpt lon="-1.337477" lat="43.025671"><ele>1082.5</ele></trkpt>
   <trkpt lon="-1.337267" lat="43.025637"><ele>1083.0</ele></trkpt>
   <trkpt lon="-1.336261" lat="43.025253"><ele>1085.75</ele></trkpt>
   <trkpt lon="-1.336019" lat="43.025206"><ele>1084.25</ele></trkpt>
   <trkpt lon="-1.335346" lat="43.025141"><ele>1082.75</ele></trkpt>
   <trkpt lon="-1.335083" lat="43.025173"><ele>1083.5</ele></trkpt>
   <trkpt lon="-1.334598" lat="43.025312"><ele>1081.5</ele></trkpt>
   <trkpt lon="-1.334021" lat="43.025324"><ele>1082.25</ele></trkpt>
   <trkpt lon="-1.333578" lat="43.025261"><ele>1081.75</ele></trkpt>
   <trkpt lon="-1.333283" lat="43.025102"><ele>1080.75</ele></trkpt>
   <trkpt lon="-1.332796" lat="43.024754"><ele>1078.25</ele></trkpt>
   <trkpt lon="-1.332206" lat="43.024234"><ele>1078.0</ele></trkpt>
   <trkpt lon="-1.331776" lat="43.023914"><ele>1076.0</ele></trkpt>
   <trkpt lon="-1.331695" lat="43.023847"><ele>1074.75</ele></trkpt>
   <trkpt lon="-1.331596" lat="43.023739"><ele>1072.75</ele></trkpt>
   <trkpt lon="-1.331532" lat="43.023487"><ele>1071.75</ele></trkpt>
   <trkpt lon="-1.331317" lat="43.022766"><ele>1065.25</ele></trkpt>
   <trkpt lon="-1.331013" lat="43.022411"><ele>1064.5</ele></trkpt>
   <trkpt lon="-1.330832" lat="43.022225"><ele>1064.75</ele></trkpt>
   <trkpt lon="-1.330708" lat="43.022127"><ele>1063.25</ele></trkpt>
   <trkpt lon="-1.330551" lat="43.022097"><ele>1060.5</ele></trkpt>
   <trkpt lon="-1.329095" lat="43.022136"><ele>1063.0</ele></trkpt>
   <trkpt lon="-1.328659" lat="43.022188"><ele>1064.5</ele></trkpt>
   <trkpt lon="-1.328380" lat="43.022269"><ele>1065.0</ele></trkpt>
   <trkpt lon="-1.328155" lat="43.022296"><ele>1064.0</ele></trkpt>
   <trkpt lon="-1.327986" lat="43.022258"><ele>1064.25</ele></trkpt>
   <trkpt lon="-1.327554" lat="43.022077"><ele>1063.0</ele></trkpt>
   <trkpt lon="-1.326827" lat="43.021682"><ele>1059.0</ele></trkpt>
   <trkpt lon="-1.325826" lat="43.020899"><ele>1063.5</ele></trkpt>
   <trkpt lon="-1.325452" lat="43.020680"><ele>1063.25</ele></trkpt>
   <trkpt lon="-1.325068" lat="43.020435"><ele>1063.0</ele></trkpt>
   <trkpt lon="-1.324912" lat="43.020336"><ele>1061.25</ele></trkpt>
   <trkpt lon="-1.324249" lat="43.019918"><ele>1058.25</ele></trkpt>
   <trkpt lon="-1.324129" lat="43.019863"><ele>1057.5</ele></trkpt>
   <trkpt lon="-1.324003" lat="43.019722"><ele>1056.5</ele></trkpt>
   <trkpt lon="-1.323935" lat="43.019760"><ele>1055.5</ele></trkpt>
   <trkpt lon="-1.323922" lat="43.019911"><ele>1055.75</ele></trkpt>
   <trkpt lon="-1.323981" lat="43.020083"><ele>1057.0</ele></trkpt>
   <trkpt lon="-1.323915" lat="43.020076"><ele>1056.75</ele></trkpt>
   <trkpt lon="-1.323935" lat="43.020032"><ele>1056.25</ele></trkpt>
   <trkpt lon="-1.323835" lat="43.019803"><ele>1054.75</ele></trkpt>
   <trkpt lon="-1.323650" lat="43.019647"><ele>1053.0</ele></trkpt>
   <trkpt lon="-1.323578" lat="43.019538"><ele>1052.0</ele></trkpt>
   <trkpt lon="-1.323461" lat="43.019410"><ele>1051.25</ele></trkpt>
   <trkpt lon="-1.323208" lat="43.019163"><ele>1048.0</ele></trkpt>
   <trkpt lon="-1.323105" lat="43.019093"><ele>1045.75</ele></trkpt>
   <trkpt lon="-1.323045" lat="43.019063"><ele>1044.75</ele></trkpt>
   <trkpt lon="-1.322790" lat="43.018886"><ele>1041.75</ele></trkpt>
   <trkpt lon="-1.322655" lat="43.018693"><ele>1039.25</ele></trkpt>
   <trkpt lon="-1.322272" lat="43.018216"><ele>1032.0</ele></trkpt>
   <trkpt lon="-1.321994" lat="43.017915"><ele>1027.75</ele></trkpt>
   <trkpt lon="-1.321696" lat="43.017635"><ele>1021.25</ele></trkpt>
   <trkpt lon="-1.321394" lat="43.017402"><ele>1012.75</ele></trkpt>
   <trkpt lon="-1.321097" lat="43.017210"><ele>1009.5</ele></trkpt>
   <trkpt lon="-1.320899" lat="43.017104"><ele>1008.0</ele></trkpt>
   <trkpt lon="-1.320784" lat="43.017101"><ele>1007.5</ele></trkpt>
   <trkpt lon="-1.320543" lat="43.017143"><ele>1003.25</ele></trkpt>
   <trkpt lon="-1.320458" lat="43.017138"><ele>1003.0</ele></trkpt>
   <trkpt lon="-1.320333" lat="43.017030"><ele>1001.5</ele></trkpt>
   <trkpt lon="-1.320213" lat="43.016806"><ele>998.25</ele></trkpt>
   <trkpt lon="-1.319946" lat="43.016490"><ele>995.25</ele></trkpt>
   <trkpt lon="-1.319665" lat="43.016223"><ele>992.5</ele></trkpt>
   <trkpt lon="-1.319561" lat="43.016137"><ele>991.25</ele></trkpt>
   <trkpt lon="-1.319435" lat="43.016060"><ele>990.5</ele></trkpt>
   <trkpt lon="-1.319172" lat="43.015963"><ele>986.75</ele></trkpt>
   <trkpt lon="-1.318890" lat="43.015877"><ele>982.25</ele></trkpt>
   <trkpt lon="-1.318662" lat="43.015819"><ele>981.0</ele></trkpt>
   <trkpt lon="-1.318594" lat="43.015792"><ele>980.75</ele></trkpt>
   <trkpt lon="-1.318501" lat="43.015710"><ele>979.25</ele></trkpt>
   <trkpt lon="-1.318255" lat="43.015469"><ele>971.5</ele></trkpt>
   <trkpt lon="-1.318189" lat="43.015428"><ele>970.5</ele></trkpt>
   <trkpt lon="-1.318019" lat="43.015352"><ele>969.5</ele></trkpt>
   <trkpt lon="-1.317941" lat="43.015279"><ele>967.75</ele></trkpt>
   <trkpt lon="-1.317805" lat="43.015097"><ele>966.25</ele></trkpt>
   <trkpt lon="-1.317719" lat="43.014937"><ele>963.5</ele></trkpt>
   <trkpt lon="-1.317682" lat="43.014903"><ele>963.25</ele></trkpt>
   <trkpt lon="-1.317668" lat="43.014843"><ele>961.5</ele></trkpt>
   <trkpt lon="-1.317632" lat="43.014795"><ele>960.75</ele></trkpt>
   <trkpt lon="-1.317584" lat="43.014775"><ele>961.0</ele></trkpt>
   <trkpt lon="-1.317447" lat="43.014575"><ele>957.5</ele></trkpt>
   <trkpt lon="-1.317418" lat="43.014485"><ele>955.0</ele></trkpt>
   <trkpt lon="-1.317433" lat="43.014183"><ele>950.75</ele></trkpt>
   <trkpt lon="-1.317552" lat="43.014066"><ele>950.5</ele></trkpt>
   <trkpt lon="-1.318126" lat="43.013399"><ele>948.0</ele></trkpt>
   <trkpt lon="-1.318293" lat="43.013201"><ele>947.25</ele></trkpt>
   <trkpt lon="-1.318339" lat="43.013116"><ele>947.25</ele></trkpt>
   <trkpt lon="-1.318381" lat="43.013025"><ele>948.75</ele></trkpt>
   <trkpt lon="-1.318429" lat="43.012836"><ele>949.25</ele></trkpt>
   <trkpt lon="-1.318459" lat="43.012679"><ele>948.75</ele></trkpt>
   <trkpt lon="-1.318447" lat="43.012311"><ele>946.75</ele></trkpt>
   <trkpt lon="-1.318466" lat="43.012227"><ele>946.75</ele></trkpt>
   <trkpt lon="-1.318734" lat="43.011626"><ele>947.75</ele></trkpt>
   <trkpt lon="-1.318851" lat="43.011311"><ele>947.0</ele></trkpt>
   <trkpt lon="-1.318890" lat="43.011177"><ele>947.25</ele></trkpt>
   <trkpt lon="-1.318922" lat="43.010923"><ele>948.5</ele></trkpt>
   <trkpt lon="-1.318967" lat="43.010728"><ele>950.0</ele></trkpt>
   <trkpt lon="-1.318997" lat="43.010640"><ele>950.5</ele></trkpt>
   <trkpt lon="-1.319053" lat="43.010615"><ele>951.25</ele></trkpt>
   <trkpt lon="-1.319085" lat="43.010585"><ele>951.25</ele></trkpt>
   <trkpt lon="-1.319099" lat="43.010548"><ele>951.25</ele></trkpt>
   <trkpt lon="-1.319495" lat="43.010529"><ele>956.0</ele></trkpt>
   <trkpt lon="-1.319499" lat="43.010376"><ele>954.25</ele></trkpt>
   <trkpt lon="-1.319655" lat="43.010086"><ele>953.75</ele></trkpt>
   <trkpt lon="-1.319680" lat="43.010069"><ele>953.5</ele></trkpt>
   <trkpt lon="-1.319721" lat="43.010051"><ele>953.5</ele></trkpt>
   <trkpt lon="-1.319723" lat="43.009976"><ele>953.25</ele></trkpt>
   <trkpt lon="-1.319723" lat="43.009919"><ele>953.25</ele></trkpt>
   <trkpt lon="-1.319738" lat="43.009700"><ele>951.5</ele></trkpt>
   <trkpt lon="-1.319723" lat="43.009919"><ele>953.25</ele></trkpt>
   <trkpt lon="-1.319723" lat="43.009976"><ele>953.25</ele></trkpt>
   <trkpt lon="-1.319721" lat="43.010051"><ele>953.5</ele></trkpt>
   <trkpt lon="-1.319680" lat="43.010069"><ele>953.5</ele></trkpt>
   <trkpt lon="-1.319655" lat="43.010086"><ele>953.75</ele></trkpt>
   <trkpt lon="-1.319499" lat="43.010376"><ele>954.25</ele></trkpt>
   <trkpt lon="-1.319495" lat="43.010529"><ele>956.0</ele></trkpt>
   <trkpt lon="-1.319099" lat="43.010548"><ele>951.25</ele></trkpt>
   <trkpt lon="-1.319085" lat="43.010585"><ele>951.25</ele></trkpt>
   <trkpt lon="-1.319053" lat="43.010615"><ele>951.25</ele></trkpt>
   <trkpt lon="-1.318997" lat="43.010640"><ele>950.5</ele></trkpt>
   <trkpt lon="-1.318967" lat="43.010728"><ele>950.0</ele></trkpt>
   <trkpt lon="-1.318922" lat="43.010923"><ele>948.5</ele></trkpt>
   <trkpt lon="-1.318890" lat="43.011177"><ele>947.25</ele></trkpt>
   <trkpt lon="-1.318851" lat="43.011311"><ele>947.0</ele></trkpt>
   <trkpt lon="-1.318734" lat="43.011626"><ele>947.75</ele></trkpt>
   <trkpt lon="-1.318466" lat="43.012227"><ele>946.75</ele></trkpt>
   <trkpt lon="-1.318447" lat="43.012311"><ele>946.75</ele></trkpt>
   <trkpt lon="-1.318459" lat="43.012679"><ele>948.75</ele></trkpt>
   <trkpt lon="-1.318429" lat="43.012836"><ele>949.25</ele></trkpt>
   <trkpt lon="-1.318381" lat="43.013025"><ele>948.75</ele></trkpt>
   <trkpt lon="-1.318339" lat="43.013116"><ele>947.25</ele></trkpt>
   <trkpt lon="-1.318293" lat="43.013201"><ele>947.25</ele></trkpt>
   <trkpt lon="-1.318126" lat="43.013399"><ele>948.0</ele></trkpt>
   <trkpt lon="-1.317552" lat="43.014066"><ele>950.5</ele></trkpt>
   <trkpt lon="-1.317433" lat="43.014183"><ele>950.75</ele></trkpt>
   <trkpt lon="-1.317418" lat="43.014485"><ele>955.0</ele></trkpt>
   <trkpt lon="-1.317447" lat="43.014575"><ele>957.5</ele></trkpt>
   <trkpt lon="-1.317584" lat="43.014775"><ele>961.0</ele></trkpt>
   <trkpt lon="-1.317632" lat="43.014795"><ele>960.75</ele></trkpt>
   <trkpt lon="-1.317668" lat="43.014843"><ele>961.5</ele></trkpt>
   <trkpt lon="-1.317682" lat="43.014903"><ele>963.25</ele></trkpt>
   <trkpt lon="-1.317719" lat="43.014937"><ele>963.5</ele></trkpt>
   <trkpt lon="-1.317805" lat="43.015097"><ele>966.25</ele></trkpt>
   <trkpt lon="-1.317941" lat="43.015279"><ele>967.75</ele></trkpt>
   <trkpt lon="-1.318019" lat="43.015352"><ele>969.5</ele></trkpt>
   <trkpt lon="-1.318189" lat="43.015428"><ele>970.5</ele></trkpt>
   <trkpt lon="-1.318255" lat="43.015469"><ele>971.5</ele></trkpt>
   <trkpt lon="-1.318501" lat="43.015710"><ele>979.25</ele></trkpt>
   <trkpt lon="-1.318594" lat="43.015792"><ele>980.75</ele></trkpt>
   <trkpt lon="-1.318662" lat="43.015819"><ele>981.0</ele></trkpt>
   <trkpt lon="-1.318890" lat="43.015877"><ele>982.25</ele></trkpt>
   <trkpt lon="-1.319172" lat="43.015963"><ele>986.75</ele></trkpt>
   <trkpt lon="-1.319435" lat="43.016060"><ele>990.5</ele></trkpt>
   <trkpt lon="-1.319561" lat="43.016137"><ele>991.25</ele></trkpt>
   <trkpt lon="-1.319665" lat="43.016223"><ele>992.5</ele></trkpt>
   <trkpt lon="-1.319946" lat="43.016490"><ele>995.25</ele></trkpt>
   <trkpt lon="-1.320213" lat="43.016806"><ele>998.25</ele></trkpt>
   <trkpt lon="-1.320333" lat="43.017030"><ele>1001.5</ele></trkpt>
   <trkpt lon="-1.320458" lat="43.017138"><ele>1003.0</ele></trkpt>
   <trkpt lon="-1.320543" lat="43.017143"><ele>1003.25</ele></trkpt>
   <trkpt lon="-1.320784" lat="43.017101"><ele>1007.5</ele></trkpt>
   <trkpt lon="-1.320899" lat="43.017104"><ele>1008.0</ele></trkpt>
   <trkpt lon="-1.321097" lat="43.017210"><ele>1009.5</ele></trkpt>
   <trkpt lon="-1.321394" lat="43.017402"><ele>1012.75</ele></trkpt>
   <trkpt lon="-1.321696" lat="43.017635"><ele>1021.25</ele></trkpt>
   <trkpt lon="-1.321994" lat="43.017915"><ele>1027.75</ele></trkpt>
   <trkpt lon="-1.322272" lat="43.018216"><ele>1032.0</ele></trkpt>
   <trkpt lon="-1.322655" lat="43.018693"><ele>1039.25</ele></trkpt>
   <trkpt lon="-1.322790" lat="43.018886"><ele>1041.75</ele></trkpt>
   <trkpt lon="-1.323045" lat="43.019063"><ele>1044.75</ele></trkpt>
   <trkpt lon="-1.323105" lat="43.019093"><ele>1045.75</ele></trkpt>
   <trkpt lon="-1.323208" lat="43.019163"><ele>1048.0</ele></trkpt>
   <trkpt lon="-1.323461" lat="43.019410"><ele>1051.25</ele></trkpt>
   <trkpt lon="-1.323578" lat="43.019538"><ele>1052.0</ele></trkpt>
   <trkpt lon="-1.323650" lat="43.019647"><ele>1053.0</ele></trkpt>
   <trkpt lon="-1.323835" lat="43.019803"><ele>1054.75</ele></trkpt>
   <trkpt lon="-1.323935" lat="43.020032"><ele>1056.25</ele></trkpt>
   <trkpt lon="-1.323915" lat="43.020076"><ele>1056.75</ele></trkpt>
   <trkpt lon="-1.323981" lat="43.020083"><ele>1057.0</ele></trkpt>
   <trkpt lon="-1.323922" lat="43.019911"><ele>1055.75</ele></trkpt>
   <trkpt lon="-1.323935" lat="43.019760"><ele>1055.5</ele></trkpt>
   <trkpt lon="-1.324003" lat="43.019722"><ele>1056.5</ele></trkpt>
   <trkpt lon="-1.324129" lat="43.019863"><ele>1057.5</ele></trkpt>
   <trkpt lon="-1.324249" lat="43.019918"><ele>1058.25</ele></trkpt>
   <trkpt lon="-1.324912" lat="43.020336"><ele>1061.25</ele></trkpt>
   <trkpt lon="-1.324947" lat="43.020269"><ele>1063.0</ele></trkpt>
   <trkpt lon="-1.324944" lat="43.020230"><ele>1063.75</ele></trkpt>
   <trkpt lon="-1.324909" lat="43.020192"><ele>1064.0</ele></trkpt>
   <trkpt lon="-1.324770" lat="43.020093"><ele>1063.5</ele></trkpt>
   <trkpt lon="-1.324652" lat="43.019999"><ele>1063.25</ele></trkpt>
   <trkpt lon="-1.324624" lat="43.019952"><ele>1063.25</ele></trkpt>
   <trkpt lon="-1.324635" lat="43.019918"><ele>1064.0</ele></trkpt>
   <trkpt lon="-1.324672" lat="43.019893"><ele>1065.0</ele></trkpt>
   <trkpt lon="-1.324718" lat="43.019887"><ele>1066.0</ele></trkpt>
   <trkpt lon="-1.324768" lat="43.019897"><ele>1066.75</ele></trkpt>
   <trkpt lon="-1.325044" lat="43.020029"><ele>1069.0</ele></trkpt>
   <trkpt lon="-1.325266" lat="43.020105"><ele>1071.5</ele></trkpt>
   <trkpt lon="-1.325413" lat="43.020129"><ele>1073.25</ele></trkpt>
   <trkpt lon="-1.325558" lat="43.020134"><ele>1075.0</ele></trkpt>
   <trkpt lon="-1.325580" lat="43.020124"><ele>1075.25</ele></trkpt>
   <trkpt lon="-1.325671" lat="43.020084"><ele>1076.75</ele></trkpt>
   <trkpt lon="-1.325748" lat="43.019979"><ele>1078.75</ele></trkpt>
   <trkpt lon="-1.325779" lat="43.019852"><ele>1081.5</ele></trkpt>
   <trkpt lon="-1.325791" lat="43.019651"><ele>1085.5</ele></trkpt>
   <trkpt lon="-1.325774" lat="43.019431"><ele>1089.25</ele></trkpt>
   <trkpt lon="-1.325630" lat="43.018640"><ele>1104.25</ele></trkpt>
   <trkpt lon="-1.325370" lat="43.016649"><ele>1134.0</ele></trkpt>
   <trkpt lon="-1.325054" lat="43.015004"><ele>1151.5</ele></trkpt>
   <trkpt lon="-1.325368" lat="43.014874"><ele>1153.25</ele></trkpt>
   <trkpt lon="-1.325776" lat="43.015167"><ele>1161.5</ele></trkpt>
   <trkpt lon="-1.325368" lat="43.014874"><ele>1153.25</ele></trkpt>
   <trkpt lon="-1.325054" lat="43.015004"><ele>1151.5</ele></trkpt>
   <trkpt lon="-1.325370" lat="43.016649"><ele>1134.0</ele></trkpt>
   <trkpt lon="-1.325630" lat="43.018640"><ele>1104.25</ele></trkpt>
   <trkpt lon="-1.325774" lat="43.019431"><ele>1089.25</ele></trkpt>
   <trkpt lon="-1.325791" lat="43.019651"><ele>1085.5</ele></trkpt>
   <trkpt lon="-1.325779" lat="43.019852"><ele>1081.5</ele></trkpt>
   <trkpt lon="-1.325748" lat="43.019979"><ele>1078.75</ele></trkpt>
   <trkpt lon="-1.325671" lat="43.020084"><ele>1076.75</ele></trkpt>
   <trkpt lon="-1.325580" lat="43.020124"><ele>1075.25</ele></trkpt>
   <trkpt lon="-1.325558" lat="43.020134"><ele>1075.0</ele></trkpt>
   <trkpt lon="-1.325413" lat="43.020129"><ele>1073.25</ele></trkpt>
   <trkpt lon="-1.325266" lat="43.020105"><ele>1071.5</ele></trkpt>
   <trkpt lon="-1.325044" lat="43.020029"><ele>1069.0</ele></trkpt>
   <trkpt lon="-1.324768" lat="43.019897"><ele>1066.75</ele></trkpt>
   <trkpt lon="-1.324718" lat="43.019887"><ele>1066.0</ele></trkpt>
   <trkpt lon="-1.324672" lat="43.019893"><ele>1065.0</ele></trkpt>
   <trkpt lon="-1.324635" lat="43.019918"><ele>1064.0</ele></trkpt>
   <trkpt lon="-1.324624" lat="43.019952"><ele>1063.25</ele></trkpt>
   <trkpt lon="-1.324652" lat="43.019999"><ele>1063.25</ele></trkpt>
   <trkpt lon="-1.324770" lat="43.020093"><ele>1063.5</ele></trkpt>
   <trkpt lon="-1.324909" lat="43.020192"><ele>1064.0</ele></trkpt>
   <trkpt lon="-1.324944" lat="43.020230"><ele>1063.75</ele></trkpt>
   <trkpt lon="-1.324947" lat="43.020269"><ele>1063.0</ele></trkpt>
   <trkpt lon="-1.324912" lat="43.020336"><ele>1061.25</ele></trkpt>
   <trkpt lon="-1.324249" lat="43.019918"><ele>1058.25</ele></trkpt>
   <trkpt lon="-1.324129" lat="43.019863"><ele>1057.5</ele></trkpt>
   <trkpt lon="-1.324003" lat="43.019722"><ele>1056.5</ele></trkpt>
   <trkpt lon="-1.323935" lat="43.019760"><ele>1055.5</ele></trkpt>
   <trkpt lon="-1.323922" lat="43.019911"><ele>1055.75</ele></trkpt>
   <trkpt lon="-1.323981" lat="43.020083"><ele>1057.0</ele></trkpt>
   <trkpt lon="-1.323915" lat="43.020076"><ele>1056.75</ele></trkpt>
   <trkpt lon="-1.323935" lat="43.020032"><ele>1056.25</ele></trkpt>
   <trkpt lon="-1.323835" lat="43.019803"><ele>1054.75</ele></trkpt>
   <trkpt lon="-1.323650" lat="43.019647"><ele>1053.0</ele></trkpt>
   <trkpt lon="-1.323578" lat="43.019538"><ele>1052.0</ele></trkpt>
   <trkpt lon="-1.323461" lat="43.019410"><ele>1051.25</ele></trkpt>
   <trkpt lon="-1.323208" lat="43.019163"><ele>1048.0</ele></trkpt>
   <trkpt lon="-1.323105" lat="43.019093"><ele>1045.75</ele></trkpt>
   <trkpt lon="-1.323045" lat="43.019063"><ele>1044.75</ele></trkpt>
   <trkpt lon="-1.322790" lat="43.018886"><ele>1041.75</ele></trkpt>
   <trkpt lon="-1.322655" lat="43.018693"><ele>1039.25</ele></trkpt>
   <trkpt lon="-1.322272" lat="43.018216"><ele>1032.0</ele></trkpt>
   <trkpt lon="-1.321994" lat="43.017915"><ele>1027.75</ele></trkpt>
   <trkpt lon="-1.321696" lat="43.017635"><ele>1021.25</ele></trkpt>
   <trkpt lon="-1.321394" lat="43.017402"><ele>1012.75</ele></trkpt>
   <trkpt lon="-1.321097" lat="43.017210"><ele>1009.5</ele></trkpt>
   <trkpt lon="-1.320899" lat="43.017104"><ele>1008.0</ele></trkpt>
   <trkpt lon="-1.320784" lat="43.017101"><ele>1007.5</ele></trkpt>
   <trkpt lon="-1.320543" lat="43.017143"><ele>1003.25</ele></trkpt>
   <trkpt lon="-1.320458" lat="43.017138"><ele>1003.0</ele></trkpt>
   <trkpt lon="-1.320333" lat="43.017030"><ele>1001.5</ele></trkpt>
   <trkpt lon="-1.320213" lat="43.016806"><ele>998.25</ele></trkpt>
   <trkpt lon="-1.319946" lat="43.016490"><ele>995.25</ele></trkpt>
   <trkpt lon="-1.319665" lat="43.016223"><ele>992.5</ele></trkpt>
   <trkpt lon="-1.319561" lat="43.016137"><ele>991.25</ele></trkpt>
   <trkpt lon="-1.319435" lat="43.016060"><ele>990.5</ele></trkpt>
   <trkpt lon="-1.319172" lat="43.015963"><ele>986.75</ele></trkpt>
   <trkpt lon="-1.318890" lat="43.015877"><ele>982.25</ele></trkpt>
   <trkpt lon="-1.318662" lat="43.015819"><ele>981.0</ele></trkpt>
   <trkpt lon="-1.318594" lat="43.015792"><ele>980.75</ele></trkpt>
   <trkpt lon="-1.318501" lat="43.015710"><ele>979.25</ele></trkpt>
   <trkpt lon="-1.318255" lat="43.015469"><ele>971.5</ele></trkpt>
   <trkpt lon="-1.318189" lat="43.015428"><ele>970.5</ele></trkpt>
   <trkpt lon="-1.318019" lat="43.015352"><ele>969.5</ele></trkpt>
   <trkpt lon="-1.317941" lat="43.015279"><ele>967.75</ele></trkpt>
   <trkpt lon="-1.317805" lat="43.015097"><ele>966.25</ele></trkpt>
   <trkpt lon="-1.317719" lat="43.014937"><ele>963.5</ele></trkpt>
   <trkpt lon="-1.317682" lat="43.014903"><ele>963.25</ele></trkpt>
   <trkpt lon="-1.317668" lat="43.014843"><ele>961.5</ele></trkpt>
   <trkpt lon="-1.317632" lat="43.014795"><ele>960.75</ele></trkpt>
   <trkpt lon="-1.317584" lat="43.014775"><ele>961.0</ele></trkpt>
   <trkpt lon="-1.317447" lat="43.014575"><ele>957.5</ele></trkpt>
   <trkpt lon="-1.317418" lat="43.014485"><ele>955.0</ele></trkpt>
   <trkpt lon="-1.317433" lat="43.014183"><ele>950.75</ele></trkpt>
   <trkpt lon="-1.317552" lat="43.014066"><ele>950.5</ele></trkpt>
   <trkpt lon="-1.318126" lat="43.013399"><ele>948.0</ele></trkpt>
   <trkpt lon="-1.318293" lat="43.013201"><ele>947.25</ele></trkpt>
   <trkpt lon="-1.318339" lat="43.013116"><ele>947.25</ele></trkpt>
   <trkpt lon="-1.318381" lat="43.013025"><ele>948.75</ele></trkpt>
   <trkpt lon="-1.318429" lat="43.012836"><ele>949.25</ele></trkpt>
   <trkpt lon="-1.318459" lat="43.012679"><ele>948.75</ele></trkpt>
   <trkpt lon="-1.318447" lat="43.012311"><ele>946.75</ele></trkpt>
   <trkpt lon="-1.318466" lat="43.012227"><ele>946.75</ele></trkpt>
   <trkpt lon="-1.318734" lat="43.011626"><ele>947.75</ele></trkpt>
   <trkpt lon="-1.318851" lat="43.011311"><ele>947.0</ele></trkpt>
   <trkpt lon="-1.318890" lat="43.011177"><ele>947.25</ele></trkpt>
   <trkpt lon="-1.318922" lat="43.010923"><ele>948.5</ele></trkpt>
   <trkpt lon="-1.318967" lat="43.010728"><ele>950.0</ele></trkpt>
   <trkpt lon="-1.318997" lat="43.010640"><ele>950.5</ele></trkpt>
   <trkpt lon="-1.318922" lat="43.010643"><ele>949.75</ele></trkpt>
   <trkpt lon="-1.318881" lat="43.010633"><ele>949.25</ele></trkpt>
   <trkpt lon="-1.318776" lat="43.010560"><ele>947.75</ele></trkpt>
   <trkpt lon="-1.318720" lat="43.010494"><ele>946.5</ele></trkpt>
   <trkpt lon="-1.318699" lat="43.010411"><ele>945.75</ele></trkpt>
   <trkpt lon="-1.318709" lat="43.010330"><ele>945.5</ele></trkpt>
   <trkpt lon="-1.318748" lat="43.010225"><ele>945.25</ele></trkpt>
   <trkpt lon="-1.318946" lat="43.009924"><ele>943.5</ele></trkpt>
   <trkpt lon="-1.319095" lat="43.009576"><ele>942.25</ele></trkpt>
   <trkpt lon="-1.319204" lat="43.009379"><ele>943.75</ele></trkpt>
   <trkpt lon="-1.319278" lat="43.009149"><ele>945.5</ele></trkpt>
   <trkpt lon="-1.319316" lat="43.008988"><ele>946.25</ele></trkpt>
   <trkpt lon="-1.319293" lat="43.008836"><ele>945.5</ele></trkpt>
   <trkpt lon="-1.319304" lat="43.008757"><ele>945.5</ele></trkpt>
   <trkpt lon="-1.319200" lat="43.008537"><ele>944.5</ele></trkpt>
   <trkpt lon="-1.319165" lat="43.008439"><ele>944.5</ele></trkpt>
   <trkpt lon="-1.319180" lat="43.008369"><ele>944.75</ele></trkpt>
   <trkpt lon="-1.319189" lat="43.008350"><ele>945.0</ele></trkpt>
   <trkpt lon="-1.319217" lat="43.008325"><ele>945.0</ele></trkpt>
   <trkpt lon="-1.319291" lat="43.008301"><ele>945.25</ele></trkpt>
   <trkpt lon="-1.319588" lat="43.008250"><ele>945.75</ele></trkpt>
   <trkpt lon="-1.319644" lat="43.008373"><ele>946.0</ele></trkpt>
   <trkpt lon="-1.319731" lat="43.008516"><ele>947.25</ele></trkpt>
   <trkpt lon="-1.319809" lat="43.008508"><ele>947.25</ele></trkpt>
   <trkpt lon="-1.319870" lat="43.008517"><ele>947.25</ele></trkpt>
   <trkpt lon="-1.319742" lat="43.008247"><ele>945.75</ele></trkpt>
   <trkpt lon="-1.319644" lat="43.008011"><ele>945.5</ele></trkpt>
   <trkpt lon="-1.319580" lat="43.007771"><ele>943.75</ele></trkpt>
   <trkpt lon="-1.319505" lat="43.007363"><ele>942.75</ele></trkpt>
   <trkpt lon="-1.319452" lat="43.007026"><ele>941.25</ele></trkpt>
   <trkpt lon="-1.319428" lat="43.006750"><ele>940.75</ele></trkpt>
   <trkpt lon="-1.319358" lat="43.006235"><ele>939.75</ele></trkpt>
   <trkpt lon="-1.319351" lat="43.005682"><ele>937.25</ele></trkpt>
   <trkpt lon="-1.319390" lat="43.005502"><ele>936.5</ele></trkpt>
   <trkpt lon="-1.319463" lat="43.005327"><ele>936.0</ele></trkpt>
   <trkpt lon="-1.319610" lat="43.005079"><ele>935.75</ele></trkpt>
   <trkpt lon="-1.319954" lat="43.004594"><ele>934.5</ele></trkpt>
   <trkpt lon="-1.320269" lat="43.004038"><ele>932.5</ele></trkpt>
   <trkpt lon="-1.320837" lat="43.003257"><ele>930.5</ele></trkpt>
   <trkpt lon="-1.321145" lat="43.002950"><ele>929.25</ele></trkpt>
   <trkpt lon="-1.321327" lat="43.002794"><ele>927.5</ele></trkpt>
   <trkpt lon="-1.321663" lat="43.002439"><ele>925.0</ele></trkpt>
   <trkpt lon="-1.321967" lat="43.002259"><ele>923.75</ele></trkpt>
   <trkpt lon="-1.322394" lat="43.002075"><ele>923.0</ele></trkpt>
   <trkpt lon="-1.323112" lat="43.001850"><ele>923.25</ele></trkpt>
   <trkpt lon="-1.323572" lat="43.001724"><ele>923.0</ele></trkpt>
   <trkpt lon="-1.324168" lat="43.001598"><ele>921.25</ele></trkpt>
   <trkpt lon="-1.324642" lat="43.001433"><ele>920.5</ele></trkpt>
   <trkpt lon="-1.324925" lat="43.001268"><ele>919.75</ele></trkpt>
   <trkpt lon="-1.325189" lat="43.001065"><ele>919.25</ele></trkpt>
   <trkpt lon="-1.326037" lat="43.000549"><ele>918.5</ele></trkpt>
   <trkpt lon="-1.327004" lat="43.000143"><ele>915.5</ele></trkpt>
   <trkpt lon="-1.327257" lat="43.000026"><ele>915.25</ele></trkpt>
   <trkpt lon="-1.327341" lat="42.999981"><ele>915.0</ele></trkpt>
   <trkpt lon="-1.327455" lat="42.999811"><ele>915.5</ele></trkpt>
   <trkpt lon="-1.327511" lat="42.999583"><ele>916.25</ele></trkpt>
   <trkpt lon="-1.327536" lat="42.999388"><ele>916.5</ele></trkpt>
   <trkpt lon="-1.327570" lat="42.999243"><ele>916.0</ele></trkpt>
   <trkpt lon="-1.327783" lat="42.998658"><ele>914.0</ele></trkpt>
   <trkpt lon="-1.327977" lat="42.998252"><ele>913.0</ele></trkpt>
   <trkpt lon="-1.328137" lat="42.997963"><ele>912.75</ele></trkpt>
   <trkpt lon="-1.328256" lat="42.997809"><ele>912.25</ele></trkpt>
   <trkpt lon="-1.328837" lat="42.997362"><ele>910.25</ele></trkpt>
   <trkpt lon="-1.329169" lat="42.997115"><ele>908.75</ele></trkpt>
   <trkpt lon="-1.329401" lat="42.996971"><ele>908.0</ele></trkpt>
   <trkpt lon="-1.329886" lat="42.996750"><ele>906.0</ele></trkpt>
   <trkpt lon="-1.330264" lat="42.996607"><ele>905.0</ele></trkpt>
   <trkpt lon="-1.330336" lat="42.996568"><ele>904.5</ele></trkpt>
   <trkpt lon="-1.330375" lat="42.996517"><ele>904.25</ele></trkpt>
   <trkpt lon="-1.330362" lat="42.996288"><ele>903.75</ele></trkpt>
   <trkpt lon="-1.330328" lat="42.996116"><ele>903.0</ele></trkpt>
   <trkpt lon="-1.330268" lat="42.995887"><ele>902.25</ele></trkpt>
   <trkpt lon="-1.329886" lat="42.994536"><ele>904.25</ele></trkpt>
   <trkpt lon="-1.329863" lat="42.994418"><ele>904.0</ele></trkpt>
   <trkpt lon="-1.329820" lat="42.994298"><ele>904.0</ele></trkpt>
   <trkpt lon="-1.329778" lat="42.994236"><ele>904.0</ele></trkpt>
   <trkpt lon="-1.329476" lat="42.994021"><ele>903.25</ele></trkpt>
   <trkpt lon="-1.329567" lat="42.993925"><ele>903.0</ele></trkpt>
   <trkpt lon="-1.329137" lat="42.993699"><ele>903.0</ele></trkpt>
   <trkpt lon="-1.329196" lat="42.993578"><ele>902.75</ele></trkpt>
   <trkpt lon="-1.329131" lat="42.993503"><ele>902.5</ele></trkpt>
   <trkpt lon="-1.328549" lat="42.993150"><ele>900.0</ele></trkpt>
   <trkpt lon="-1.328394" lat="42.993024"><ele>899.0</ele></trkpt>
   <trkpt lon="-1.328313" lat="42.992948"><ele>898.75</ele></trkpt>
   <trkpt lon="-1.328270" lat="42.992856"><ele>898.75</ele></trkpt>
   <trkpt lon="-1.328248" lat="42.992814"><ele>898.5</ele></trkpt>
   <trkpt lon="-1.328453" lat="42.992767"><ele>898.75</ele></trkpt>
   <trkpt lon="-1.328729" lat="42.992681"><ele>899.0</ele></trkpt>
   <trkpt lon="-1.329010" lat="42.992573"><ele>899.5</ele></trkpt>
   <trkpt lon="-1.329236" lat="42.992452"><ele>900.0</ele></trkpt>
   <trkpt lon="-1.329552" lat="42.992322"><ele>900.25</ele></trkpt>
   <trkpt lon="-1.329890" lat="42.992212"><ele>899.75</ele></trkpt>
   <trkpt lon="-1.330239" lat="42.992130"><ele>899.5</ele></trkpt>
   <trkpt lon="-1.330470" lat="42.992106"><ele>899.0</ele></trkpt>
   <trkpt lon="-1.330719" lat="42.992095"><ele>898.0</ele></trkpt>
   <trkpt lon="-1.330733" lat="42.992035"><ele>898.0</ele></trkpt>
   <trkpt lon="-1.330792" lat="42.991949"><ele>898.0</ele></trkpt>
   <trkpt lon="-1.331063" lat="42.991681"><ele>897.0</ele></trkpt>
   <trkpt lon="-1.331321" lat="42.991464"><ele>897.0</ele></trkpt>
   <trkpt lon="-1.331639" lat="42.991216"><ele>896.5</ele></trkpt>
   <trkpt lon="-1.333187" lat="42.990116"><ele>894.25</ele></trkpt>
   <trkpt lon="-1.333026" lat="42.989972"><ele>893.75</ele></trkpt>
   <trkpt lon="-1.333012" lat="42.989910"><ele>893.5</ele></trkpt>
   <trkpt lon="-1.333021" lat="42.989843"><ele>893.25</ele></trkpt>
   <trkpt lon="-1.333052" lat="42.989786"><ele>893.0</ele></trkpt>
   <trkpt lon="-1.333459" lat="42.989171"><ele>891.25</ele></trkpt>
   <trkpt lon="-1.333556" lat="42.989035"><ele>891.25</ele></trkpt>
   <trkpt lon="-1.333471" lat="42.988946"><ele>890.5</ele></trkpt>
   <trkpt lon="-1.333408" lat="42.988896"><ele>890.25</ele></trkpt>
   <trkpt lon="-1.333312" lat="42.988781"><ele>890.0</ele></trkpt>
   <trkpt lon="-1.333262" lat="42.988702"><ele>890.0</ele></trkpt>
   <trkpt lon="-1.333251" lat="42.988621"><ele>889.75</ele></trkpt>
   <trkpt lon="-1.333232" lat="42.988395"><ele>890.0</ele></trkpt>
   <trkpt lon="-1.333255" lat="42.988337"><ele>890.0</ele></trkpt>
   <trkpt lon="-1.333610" lat="42.987727"><ele>889.0</ele></trkpt>
   <trkpt lon="-1.333722" lat="42.987494"><ele>889.0</ele></trkpt>
   <trkpt lon="-1.333898" lat="42.987192"><ele>888.75</ele></trkpt>
   <trkpt lon="-1.334050" lat="42.987004"><ele>888.0</ele></trkpt>
   <trkpt lon="-1.334198" lat="42.986852"><ele>888.0</ele></trkpt>
   <trkpt lon="-1.334654" lat="42.986416"><ele>887.0</ele></trkpt>
   <trkpt lon="-1.335338" lat="42.985806"><ele>885.5</ele></trkpt>
   <trkpt lon="-1.335686" lat="42.985508"><ele>885.0</ele></trkpt>
   <trkpt lon="-1.335783" lat="42.985360"><ele>885.0</ele></trkpt>
   <trkpt lon="-1.335903" lat="42.985228"><ele>884.5</ele></trkpt>
   <trkpt lon="-1.336133" lat="42.984919"><ele>883.75</ele></trkpt>
   <trkpt lon="-1.336185" lat="42.984819"><ele>883.75</ele></trkpt>
   <trkpt lon="-1.336301" lat="42.984523"><ele>883.0</ele></trkpt>
   <trkpt lon="-1.337355" lat="42.981309"><ele>881.0</ele></trkpt>
   <trkpt lon="-1.338084" lat="42.979818"><ele>878.25</ele></trkpt>
   <trkpt lon="-1.338245" lat="42.979315"><ele>879.25</ele></trkpt>
   <trkpt lon="-1.338851" lat="42.978193"><ele>878.0</ele></trkpt>
   <trkpt lon="-1.339119" lat="42.977874"><ele>877.0</ele></trkpt>
   <trkpt lon="-1.339500" lat="42.977078"><ele>875.75</ele></trkpt>
   <trkpt lon="-1.339784" lat="42.976348"><ele>875.5</ele></trkpt>
   <trkpt lon="-1.339859" lat="42.976132"><ele>875.25</ele></trkpt>
   <trkpt lon="-1.339885" lat="42.975885"><ele>875.25</ele></trkpt>
   <trkpt lon="-1.339862" lat="42.975255"><ele>874.25</ele></trkpt>
   <trkpt lon="-1.339935" lat="42.974755"><ele>871.0</ele></trkpt>
   <trkpt lon="-1.339972" lat="42.974605"><ele>870.5</ele></trkpt>
   <trkpt lon="-1.340051" lat="42.974515"><ele>870.25</ele></trkpt>
   <trkpt lon="-1.340105" lat="42.974492"><ele>870.0</ele></trkpt>
   <trkpt lon="-1.340199" lat="42.974469"><ele>870.0</ele></trkpt>
   <trkpt lon="-1.340632" lat="42.974473"><ele>869.75</ele></trkpt>
   <trkpt lon="-1.340943" lat="42.974468"><ele>869.25</ele></trkpt>
   <trkpt lon="-1.341039" lat="42.974449"><ele>869.75</ele></trkpt>
   <trkpt lon="-1.341149" lat="42.974384"><ele>870.0</ele></trkpt>
   <trkpt lon="-1.341450" lat="42.974017"><ele>870.0</ele></trkpt>
   <trkpt lon="-1.341724" lat="42.973656"><ele>869.25</ele></trkpt>
   <trkpt lon="-1.341828" lat="42.973610"><ele>869.5</ele></trkpt>
   <trkpt lon="-1.341623" lat="42.973493"><ele>868.25</ele></trkpt>
   <trkpt lon="-1.341270" lat="42.973311"><ele>868.25</ele></trkpt>
   <trkpt lon="-1.341253" lat="42.973301"><ele>868.5</ele></trkpt>
   <trkpt lon="-1.341061" lat="42.973196"><ele>869.75</ele></trkpt>
   <trkpt lon="-1.341117" lat="42.973071"><ele>869.75</ele></trkpt>
   <trkpt lon="-1.340765" lat="42.971839"><ele>870.5</ele></trkpt>
   <trkpt lon="-1.340670" lat="42.971613"><ele>870.75</ele></trkpt>
   <trkpt lon="-1.340479" lat="42.971310"><ele>870.25</ele></trkpt>
   <trkpt lon="-1.340036" lat="42.970831"><ele>869.75</ele></trkpt>
   <trkpt lon="-1.339084" lat="42.969936"><ele>870.75</ele></trkpt>
   <trkpt lon="-1.338585" lat="42.969359"><ele>871.5</ele></trkpt>
   <trkpt lon="-1.338235" lat="42.969015"><ele>872.75</ele></trkpt>
   <trkpt lon="-1.336810" lat="42.967934"><ele>875.5</ele></trkpt>
   <trkpt lon="-1.335380" lat="42.966817"><ele>878.0</ele></trkpt>
   <trkpt lon="-1.334793" lat="42.966277"><ele>879.5</ele></trkpt>
   <trkpt lon="-1.334105" lat="42.965565"><ele>881.75</ele></trkpt>
   <trkpt lon="-1.332942" lat="42.964467"><ele>883.75</ele></trkpt>
   <trkpt lon="-1.332819" lat="42.964448"><ele>883.75</ele></trkpt>
   <trkpt lon="-1.332577" lat="42.964531"><ele>883.5</ele></trkpt>
   <trkpt lon="-1.331852" lat="42.965102"><ele>882.25</ele></trkpt>
   <trkpt lon="-1.331414" lat="42.965263"><ele>882.75</ele></trkpt>
   <trkpt lon="-1.331283" lat="42.965371"><ele>883.5</ele></trkpt>
   <trkpt lon="-1.331280" lat="42.965475"><ele>883.5</ele></trkpt>
   <trkpt lon="-1.331258" lat="42.965560"><ele>883.75</ele></trkpt>
   <trkpt lon="-1.330982" lat="42.966015"><ele>886.5</ele></trkpt>
   <trkpt lon="-1.330912" lat="42.966103"><ele>887.25</ele></trkpt>
   <trkpt lon="-1.330819" lat="42.966187"><ele>887.75</ele></trkpt>
   <trkpt lon="-1.332364" lat="42.967363"><ele>883.75</ele></trkpt>
  </trkseg>
 </trk>
</gpx>
