{
  "type": "FeatureCollection",
  "features": [
    {
      "type": "Feature",
      "properties": {
        "creator": "BRouter-1.7.9",
        "name": "brouter_gravel_0",
        "track-length": "95361",
        "filtered ascend": "2642",
        "plain-ascend": "65",
        "total-time": "23196",
        "total-energy": "3149107",
        "cost": "412902",
        "messages": [
          [
            "Longitude",
            "Latitude",
            "Elevation",
            "Distance",
            "CostPerKm",
            "ElevCost",
            "TurnCost",
            "NodeCost",
            "InitialCost",
            "WayTags",
            "NodeTags",
            "Time",
            "Energy"
          ],
          [
            "-1771275",
            "43183630",
            "836",
            "810",
            "8560",
            "9216",
            "492",
            "0",
            "0",
            "reversedirection=yes highway=path",
            "",
            "427",
            "60439"
          ],
          [
            "-1760647",
            "43184940",
            "652",
            "1838",
            "8560",
            "25441",
            "376",
            "0",
            "0",
            "highway=path",
            "",
            "621",
            "68400"
          ],
          [
            "-1744632",
            "43184581",
            "425",
            "2382",
            "1419",
            "0",
            "325",
            "0",
            "0",
            "highway=track surface=concrete tracktype=grade1",
            "",
            "1298",
            "144896"
          ],
          [
            "-1738376",
            "43186412",
            "323",
            "894",
            "3690",
            "0",
            "112",
            "0",
            "0",
            "highway=unclassified surface=concrete",
            "",
            "1390",
            "144896"
          ],
          [
            "-1731619",
            "43184771",
            "281",
            "2105",
            "3123",
            "0",
            "403",
            "0",
            "0",
            "reversedirection=yes highway=unclassified surface=asphalt",
            "",
            "1897",
            "202717"
          ],
          [
            "-1726469",
            "43193948",
            "256",
            "1744",
            "3123",
            "0",
            "177",
            "0",
            "0",
            "reversedirection=yes highway=unclassified",
            "",
            "2182",
            "236795"
          ],
          [
            "-1725971",
            "43196486",
            "272",
            "352",
            "2642",
            "0",
            "226",
            "0",
            "0",
            "reversedirection=yes highway=residential",
            "",
            "2337",
            "260042"
          ],
          [
            "-1725857",
            "43196648",
            "271",
            "20",
            "2642",
            "0",
            "0",
            "0",
            "0",
            "highway=residential",
            "",
            "2341",
            "260703"
          ],
          [
            "-1725450",
            "43201533",
            "145",
            "684",
            "4891",
            "0",
            "188",
            "0",
            "0",
            "highway=footway surface=paved route=hiking",
            "",
            "2412",
            "261432"
          ],
          [
            "-1725363",
            "43202565",
            "134",
            "118",
            "7806",
            "0",
            "0",
            "0",
            "0",
            "reversedirection=yes highway=unclassified foot=yes bicycle=yes sac_scale=hiking route=hiking",
            "",
            "2424",
            "261432"
          ],
          [
            "-1712593",
            "43206267",
            "126",
            "1190",
            "1419",
            "0",
            "91",
            "0",
            "0",
            "reversedirection=yes highway=track surface=concrete tracktype=grade1",
            "",
            "2566",
            "278370"
          ],
          [
            "-1708779",
            "43207899",
            "128",
            "389",
            "3123",
            "0",
            "56",
            "0",
            "0",
            "reversedirection=yes highway=unclassified",
            "",
            "2615",
            "284636"
          ],
          [
            "-1695073",
            "43223502",
            "182",
            "2767",
            "3930",
            "0",
            "437",
            "0",
            "400",
            "reversedirection=yes highway=tertiary",
            "",
            "3237",
            "377312"
          ],
          [
            "-1694831",
            "43223526",
            "182",
            "20",
            "3930",
            "0",
            "0",
            "0",
            "0",
            "highway=tertiary oneway=yes",
            "",
            "3240",
            "377818"
          ],
          [
            "-1694709",
            "43223653",
            "185",
            "21",
            "3930",
            "0",
            "2",
            "0",
            "0",
            "highway=tertiary maxspeed=40 junction=roundabout",
            "",
            "3244",
            "378370"
          ],
          [
            "-1694688",
            "43223828",
            "183",
            "20",
            "3930",
            "0",
            "5",
            "0",
            "0",
            "highway=tertiary oneway=yes",
            "",
            "3248",
            "379000"
          ],
          [
            "-1687382",
            "43225979",
            "129",
            "885",
            "3930",
            "0",
            "280",
            "0",
            "0",
            "reversedirection=yes highway=tertiary",
            "",
            "3343",
            "382870"
          ],
          [
            "-1686369",
            "43227337",
            "158",
            "241",
            "2882",
            "0",
            "88",
            "0",
            "20",
            "highway=service",
            "",
            "3416",
            "393694"
          ],
          [
            "-1681526",
            "43229269",
            "80",
            "531",
            "1681",
            "0",
            "195",
            "0",
            "0",
            "highway=track surface=unpaved tracktype=grade2",
            "",
            "3483",
            "397730"
          ],
          [
            "-1679220",
            "43228259",
            "61",
            "273",
            "3930",
            "0",
            "98",
            "0",
            "400",
            "reversedirection=yes highway=tertiary",
            "",
            "3512",
            "397730"
          ],
          [
            "-1679224",
            "43227815",
            "63",
            "50",
            "1632",
            "0",
            "53",
            "0",
            "20",
            "highway=unclassified surface=asphalt maxspeed=20 route_bicycle_icn=yes route_bicycle_rcn=yes",
            "",
            "3517",
            "397881"
          ],
          [
            "-1679190",
            "43227821",
            "63",
            "3",
            "3180",
            "0",
            "73",
            "0",
            "0",
            "reversedirection=yes highway=living_street surface=compacted route_bicycle_icn=yes route_bicycle_rcn=yes",
            "",
            "3517",
            "397906"
          ],
          [
            "-1676383",
            "43225322",
            "61",
            "363",
            "1399",
            "0",
            "57",
            "0",
            "0",
            "highway=track surface=compacted maxspeed=20 tracktype=grade2 foot=designated bicycle=designated route_bicycle_icn=yes route_bicycle_rcn=yes",
            "",
            "3558",
            "403909"
          ],
          [
            "-1676073",
            "43224357",
            "62",
            "111",
            "1272",
            "0",
            "0",
            "0",
            "0",
            "highway=track surface=compacted maxspeed=20 tracktype=grade1 foot=designated bicycle=designated route_bicycle_icn=yes route_bicycle_rcn=yes",
            "",
            "3571",
            "405780"
          ],
          [
            "-1671858",
            "43214077",
            "74",
            "2007",
            "1166",
            "0",
            "32",
            "0",
            "0",
            "highway=track surface=asphalt maxspeed=20 tracktype=grade1 foot=designated bicycle=designated route_bicycle_icn=yes route_bicycle_rcn=yes",
            "",
            "3878",
            "451863"
          ],
          [
            "-1672111",
            "43213858",
            "77",
            "32",
            "1283",
            "0",
            "0",
            "0",
            "0",
            "highway=cycleway surface=asphalt tracktype=grade2 route_bicycle_icn=yes route_bicycle_rcn=yes",
            "",
            "3883",
            "452588"
          ],
          [
            "-1672126",
            "43213764",
            "75",
            "11",
            "1166",
            "0",
            "11",
            "0",
            "0",
            "highway=track surface=asphalt maxspeed=20 tracktype=grade1 foot=designated bicycle=designated route_bicycle_icn=yes route_bicycle_rcn=yes",
            "",
            "3885",
            "452880"
          ],
          [
            "-1672080",
            "43211446",
            "76",
            "285",
            "1272",
            "0",
            "12",
            "0",
            "0",
            "highway=track surface=compacted maxspeed=20 tracktype=grade1 foot=designated bicycle=designated route_bicycle_icn=yes route_bicycle_rcn=yes",
            "",
            "3928",
            "459414"
          ],
          [
            "-1672907",
            "43199464",
            "85",
            "2450",
            "1399",
            "0",
            "27",
            "0",
            "0",
            "reversedirection=yes highway=track surface=compacted maxspeed=20 tracktype=grade2 foot=designated bicycle=designated route_bicycle_icn=yes route_bicycle_rcn=yes",
            "",
            "4289",
            "513342"
          ],
          [
            "-1672010",
            "43197598",
            "87",
            "220",
            "1378",
            "0",
            "7",
            "0",
            "0",
            "reversedirection=yes highway=track surface=concrete maxspeed=20 tracktype=grade1 foot=designated bicycle=designated route_bicycle_icn=yes route_bicycle_rcn=yes",
            "",
            "4330",
            "519499"
          ],
          [
            "-1674864",
            "43187518",
            "97",
            "2189",
            "1399",
            "0",
            "74",
            "0",
            "0",
            "reversedirection=yes highway=track surface=compacted maxspeed=20 tracktype=grade2 foot=designated bicycle=designated route_bicycle_icn=yes route_bicycle_rcn=yes",
            "",
            "4669",
            "570190"
          ],
          [
            "-1675153",
            "43167301",
            "105",
            "3393",
            "1378",
            "0",
            "31",
            "0",
            "0",
            "reversedirection=yes highway=track surface=concrete maxspeed=20 tracktype=grade1 foot=designated bicycle=designated route_bicycle_icn=yes route_bicycle_rcn=yes",
            "",
            "5166",
            "644625"
          ],
          [
            "-1672272",
            "43165761",
            "108",
            "294",
            "3032",
            "0",
            "0",
            "0",
            "0",
            "reversedirection=yes highway=residential surface=concrete maxspeed=20 bicycle=yes route_bicycle_icn=yes route_bicycle_rcn=yes",
            "highway=give_way direction=backward",
            "5212",
            "651642"
          ],
          [
            "-1672245",
            "43165739",
            "109",
            "3",
            "3032",
            "0",
            "0",
            "0",
            "0",
            "reversedirection=yes highway=residential surface=concrete maxspeed=20 bicycle=yes route_bicycle_icn=yes route_bicycle_rcn=yes",
            "",
            "5213",
            "651722"
          ],
          [
            "-1672187",
            "43165649",
            "109",
            "11",
            "1632",
            "0",
            "2",
            "0",
            "0",
            "reversedirection=yes highway=unclassified surface=concrete maxspeed=20 tracktype=grade1 bicycle=yes smoothness=good route_bicycle_icn=yes route_bicycle_rcn=yes",
            "highway=stop direction=forward",
            "5215",
            "652056"
          ],
          [
            "-1671711",
            "43164771",
            "114",
            "106",
            "1632",
            "0",
            "0",
            "0",
            "0",
            "reversedirection=yes highway=unclassified surface=concrete maxspeed=20 tracktype=grade1 bicycle=yes smoothness=good route_bicycle_icn=yes route_bicycle_rcn=yes",
            "",
            "5239",
            "655705"
          ],
          [
            "-1671312",
            "43163988",
            "113",
            "93",
            "1378",
            "0",
            "0",
            "0",
            "0",
            "reversedirection=yes highway=track surface=concrete maxspeed=20 tracktype=grade1 foot=designated bicycle=designated route_bicycle_icn=yes route_bicycle_rcn=yes",
            "",
            "5257",
            "658355"
          ],
          [
            "-1667978",
            "43143073",
            "125",
            "2414",
            "1166",
            "0",
            "14",
            "0",
            "0",
            "reversedirection=yes highway=track surface=concrete maxspeed=20 tracktype=grade1 foot=designated bicycle=designated smoothness=good route_bicycle_icn=yes route_bicycle_rcn=yes",
            "",
            "5617",
            "712120"
          ],
          [
            "-1667482",
            "43142620",
            "128",
            "65",
            "1378",
            "0",
            "0",
            "0",
            "0",
            "reversedirection=yes highway=track surface=concrete maxspeed=20 tracktype=grade1 foot=designated bicycle=designated route_bicycle_icn=yes route_bicycle_rcn=yes",
            "",
            "5637",
            "715158"
          ],
          [
            "-1665926",
            "43135390",
            "120",
            "837",
            "3307",
            "0",
            "15",
            "0",
            "0",
            "reversedirection=yes highway=cycleway surface=concrete maxspeed=20 tracktype=grade1 foot=designated bicycle=designated route_bicycle_icn=yes route_bicycle_rcn=yes",
            "",
            "5753",
            "732443"
          ],
          [
            "-1665788",
            "43135081",
            "116",
            "36",
            "1929",
            "0",
            "7",
            "0",
            "0",
            "reversedirection=yes highway=unclassified surface=concrete tracktype=grade1 route_bicycle_icn=yes route_bicycle_rcn=yes",
            "",
            "5757",
            "733048"
          ],
          [
            "-1665917",
            "43133455",
            "120",
            "183",
            "2565",
            "0",
            "5",
            "0",
            "0",
            "reversedirection=yes highway=residential surface=asphalt bicycle=yes route_bicycle_icn=yes route_bicycle_rcn=yes",
            "estimated_crossing_class=5",
            "5780",
            "736524"
          ],
          [
            "-1665947",
            "43133423",
            "120",
            "4",
            "10074",
            "0",
            "15",
            "0",
            "400",
            "reversedirection=yes highway=primary surface=asphalt bicycle=yes route_bicycle_icn=yes route_bicycle_rcn=yes",
            "estimated_crossing_class=5",
            "5780",
            "736608"
          ],
          [
            "-1665893",
            "43133348",
            "120",
            "9",
            "2565",
            "0",
            "34",
            "20",
            "20",
            "reversedirection=yes highway=residential bicycle=yes route_bicycle_icn=yes route_bicycle_rcn=yes",
            "highway=crossing crossing=uncontrolled",
            "5782",
            "736795"
          ],
          [
            "-1664663",
            "43131642",
            "120",
            "215",
            "2565",
            "0",
            "0",
            "0",
            "0",
            "reversedirection=yes highway=residential bicycle=yes route_bicycle_icn=yes route_bicycle_rcn=yes",
            "",
            "5811",
            "741279"
          ],
          [
            "-1664574",
            "43131501",
            "121",
            "17",
            "2565",
            "0",
            "0",
            "0",
            "0",
            "reversedirection=yes highway=residential route_bicycle_icn=yes route_bicycle_rcn=yes",
            "",
            "5814",
            "741680"
          ],
          [
            "-1663037",
            "43130215",
            "121",
            "241",
            "2642",
            "0",
            "55",
            "0",
            "0",
            "reversedirection=yes highway=residential",
            "",
            "5849",
            "746864"
          ],
          [
            "-1662660",
            "43129840",
            "121",
            "52",
            "2449",
            "0",
            "26",
            "0",
            "0",
            "reversedirection=yes highway=track tracktype=grade2 bicycle=yes mtb:scale=0 route_bicycle_icn=yes route_bicycle_rcn=yes",
            "",
            "5856",
            "747971"
          ],
          [
            "-1662306",
            "43129612",
            "121",
            "38",
            "4198",
            "0",
            "7",
            "0",
            "0",
            "reversedirection=yes highway=service bicycle=yes mtb:scale=0 route_bicycle_icn=yes route_bicycle_rcn=yes",
            "",
            "5862",
            "748834"
          ],
          [
            "-1661978",
            "43129432",
            "120",
            "33",
            "6106",
            "0",
            "1",
            "0",
            "0",
            "reversedirection=yes highway=path tracktype=grade1 foot=designated bicycle=designated segregated=no mtb:scale=0 route_bicycle_icn=yes route_bicycle_rcn=yes",
            "",
            "5866",
            "749443"
          ],
          [
            "-1647654",
            "43127639",
            "132",
            "1227",
            "4579",
            "0",
            "8",
            "0",
            "0",
            "reversedirection=yes highway=path surface=compacted tracktype=grade1 foot=designated bicycle=designated segregated=no mtb:scale=0 route_bicycle_icn=yes route_bicycle_rcn=yes",
            "",
            "6059",
            "778397"
          ],
          [
            "-1645076",
            "43128246",
            "130",
            "231",
            "3307",
            "0",
            "21",
            "0",
            "0",
            "reversedirection=yes highway=cycleway surface=concrete tracktype=grade1 foot=designated bicycle=designated segregated=no route_bicycle_icn=yes route_bicycle_rcn=yes",
            "",
            "6096",
            "784032"
          ],
          [
            "-1642726",
            "43129652",
            "131",
            "249",
            "1310",
            "0",
            "17",
            "0",
            "0",
            "reversedirection=yes highway=cycleway",
            "",
            "6130",
            "789031"
          ],
          [
            "-1642856",
            "43129829",
            "129",
            "22",
            "2642",
            "0",
            "58",
            "0",
            "0",
            "reversedirection=yes highway=residential",
            "",
            "6132",
            "789376"
          ],
          [
            "-1643192",
            "43130291",
            "128",
            "58",
            "2642",
            "0",
            "0",
            "0",
            "0",
            "highway=residential",
            "",
            "6138",
            "790288"
          ],
          [
            "-1640211",
            "43130595",
            "130",
            "255",
            "2565",
            "0",
            "97",
            "0",
            "0",
            "reversedirection=yes highway=residential bicycle=yes route_bicycle_icn=yes route_bicycle_rcn=yes",
            "",
            "6175",
            "795828"
          ],
          [
            "-1638593",
            "43130540",
            "132",
            "132",
            "2565",
            "0",
            "2",
            "0",
            "0",
            "reversedirection=yes highway=residential foot=designated bicycle=designated route_bicycle_icn=yes route_bicycle_rcn=yes",
            "",
            "6196",
            "798945"
          ],
          [
            "-1625428",
            "43130984",
            "149",
            "1143",
            "1632",
            "0",
            "103",
            "0",
            "0",
            "reversedirection=yes highway=unclassified foot=yes bicycle=yes route_bicycle_icn=yes route_bicycle_rcn=yes",
            "",
            "6443",
            "836003"
          ],
          [
            "-1625520",
            "43131112",
            "147",
            "16",
            "1632",
            "0",
            "0",
            "0",
            "0",
            "reversedirection=yes highway=unclassified route_bicycle_icn=yes route_bicycle_rcn=yes",
            "",
            "6445",
            "836044"
          ],
          [
            "-1623597",
            "43133604",
            "139",
            "365",
            "1632",
            "0",
            "82",
            "0",
            "0",
            "reversedirection=yes highway=unclassified foot=yes bicycle=yes route_bicycle_icn=yes route_bicycle_rcn=yes",
            "",
            "6484",
            "839786"
          ],
          [
            "-1620597",
            "43135460",
            "144",
            "335",
            "1632",
            "0",
            "26",
            "0",
            "0",
            "reversedirection=yes highway=unclassified route_bicycle_icn=yes route_bicycle_rcn=yes",
            "",
            "6527",
            "846314"
          ],
          [
            "-1620067",
            "43135888",
            "144",
            "65",
            "2565",
            "0",
            "3",
            "0",
            "0",
            "reversedirection=yes highway=residential foot=designated bicycle=designated route_bicycle_icn=yes route_bicycle_rcn=yes",
            "",
            "6537",
            "847821"
          ],
          [
            "-1620098",
            "43135951",
            "143",
            "7",
            "2565",
            "0",
            "33",
            "0",
            "0",
            "reversedirection=yes highway=residential route_bicycle_icn=yes route_bicycle_rcn=yes",
            "",
            "6538",
            "847958"
          ],
          [
            "-1619297",
            "43136674",
            "143",
            "109",
            "3002",
            "0",
            "67",
            "0",
            "0",
            "reversedirection=yes highway=living_street",
            "",
            "6554",
            "850280"
          ],
          [
            "-1611620",
            "43137276",
            "143",
            "628",
            "3930",
            "0",
            "74",
            "0",
            "400",
            "reversedirection=yes highway=tertiary",
            "",
            "6641",
            "863310"
          ],
          [
            "-1611322",
            "43137362",
            "143",
            "26",
            "3930",
            "0",
            "1",
            "0",
            "0",
            "reversedirection=yes highway=tertiary maxspeed=40",
            "",
            "6644",
            "863786"
          ],
          [
            "-1611266",
            "43137380",
            "143",
            "5",
            "3930",
            "0",
            "0",
            "20",
            "0",
            "reversedirection=yes highway=tertiary maxspeed=40 access=permissive foot=yes bicycle=yes",
            "highway=crossing",
            "6645",
            "863882"
          ],
          [
            "-1610899",
            "43137498",
            "143",
            "35",
            "3930",
            "0",
            "38",
            "0",
            "0",
            "reversedirection=yes highway=tertiary maxspeed=40 access=permissive foot=yes bicycle=yes",
            "highway=stop direction=forward",
            "6649",
            "864587"
          ],
          [
            "-1610704",
            "43137604",
            "144",
            "20",
            "3930",
            "0",
            "3",
            "0",
            "0",
            "reversedirection=yes highway=tertiary maxspeed=40 access=permissive foot=yes bicycle=yes",
            "",
            "6652",
            "865007"
          ],
          [
            "-1610504",
            "43137712",
            "144",
            "20",
            "3930",
            "0",
            "0",
            "20",
            "0",
            "reversedirection=yes highway=tertiary access=permissive foot=yes bicycle=yes",
            "highway=crossing crossing=uncontrolled",
            "6655",
            "865425"
          ],
          [
            "-1608740",
            "43138671",
            "146",
            "178",
            "3930",
            "0",
            "0",
            "0",
            "0",
            "reversedirection=yes highway=tertiary access=permissive foot=yes bicycle=yes",
            "",
            "6684",
            "869741"
          ],
          [
            "-1606954",
            "43139609",
            "148",
            "179",
            "3930",
            "0",
            "0",
            "0",
            "0",
            "reversedirection=yes highway=tertiary",
            "",
            "6712",
            "874065"
          ],
          [
            "-1605648",
            "43140363",
            "150",
            "136",
            "3930",
            "0",
            "1",
            "0",
            "0",
            "highway=tertiary",
            "",
            "6735",
            "877489"
          ],
          [
            "-1602856",
            "43139311",
            "162",
            "270",
            "3002",
            "0",
            "81",
            "0",
            "20",
            "highway=living_street",
            "",
            "6791",
            "885835"
          ],
          [
            "-1598063",
            "43140471",
            "238",
            "602",
            "3123",
            "0",
            "132",
            "0",
            "0",
            "reversedirection=yes highway=unclassified",
            "",
            "7209",
            "948593"
          ],
          [
            "-1597936",
            "43139486",
            "244",
            "116",
            "5110",
            "318",
            "13",
            "0",
            "0",
            "reversedirection=yes highway=track",
            "",
            "7282",
            "959545"
          ],
          [
            "-1598205",
            "43137772",
            "271",
            "217",
            "5110",
            "1935",
            "33",
            "0",
            "0",
            "highway=track",
            "",
            "7433",
            "982097"
          ],
          [
            "-1597288",
            "43133273",
            "353",
            "535",
            "2882",
            "0",
            "38",
            "0",
            "0",
            "highway=service",
            "",
            "7957",
            "1060827"
          ],
          [
            "-1589073",
            "43131130",
            "325",
            "802",
            "3690",
            "0",
            "73",
            "0",
            "0",
            "reversedirection=yes highway=unclassified surface=concrete",
            "",
            "8073",
            "1074338"
          ],
          [
            "-1589041",
            "43131008",
            "325",
            "14",
            "1845",
            "0",
            "0",
            "0",
            "0",
            "reversedirection=yes highway=track surface=concrete",
            "",
            "8075",
            "1074502"
          ],
          [
            "-1571832",
            "43119043",
            "353",
            "2232",
            "3690",
            "0",
            "81",
            "0",
            "0",
            "reversedirection=yes highway=unclassified surface=concrete",
            "",
            "8578",
            "1141794"
          ],
          [
            "-1571161",
            "43119285",
            "356",
            "65",
            "3123",
            "0",
            "22",
            "0",
            "0",
            "reversedirection=yes highway=residential surface=concrete",
            "",
            "8609",
            "1146398"
          ],
          [
            "-1570172",
            "43118435",
            "346",
            "128",
            "2642",
            "0",
            "40",
            "0",
            "0",
            "reversedirection=yes highway=residential surface=asphalt",
            "",
            "8631",
            "1149619"
          ],
          [
            "-1569558",
            "43118081",
            "346",
            "65",
            "2642",
            "0",
            "7",
            "0",
            "0",
            "highway=residential surface=asphalt oneway=no",
            "",
            "8638",
            "1150546"
          ],
          [
            "-1568908",
            "43117876",
            "352",
            "59",
            "3123",
            "0",
            "37",
            "0",
            "0",
            "reversedirection=yes highway=residential surface=concrete",
            "",
            "8647",
            "1151865"
          ],
          [
            "-1566506",
            "43118073",
            "387",
            "204",
            "3690",
            "0",
            "8",
            "0",
            "0",
            "reversedirection=yes highway=unclassified surface=concrete",
            "",
            "8791",
            "1173447"
          ],
          [
            "-1550282",
            "43127701",
            "193",
            "4439",
            "3816",
            "0",
            "241",
            "0",
            "400",
            "highway=tertiary route_bicycle_lcn=yes",
            "",
            "9298",
            "1202893"
          ],
          [
            "-1547004",
            "43130947",
            "212",
            "480",
            "3930",
            "0",
            "91",
            "20",
            "0",
            "highway=tertiary",
            "highway=crossing",
            "9385",
            "1215626"
          ],
          [
            "-1545627",
            "43131533",
            "201",
            "129",
            "3930",
            "0",
            "1",
            "20",
            "0",
            "highway=tertiary",
            "highway=crossing",
            "9403",
            "1218377"
          ],
          [
            "-1544326",
            "43132178",
            "193",
            "128",
            "3930",
            "0",
            "0",
            "20",
            "0",
            "highway=tertiary",
            "highway=crossing",
            "9417",
            "1218506"
          ],
          [
            "-1543591",
            "43132546",
            "195",
            "73",
            "3930",
            "0",
            "0",
            "20",
            "0",
            "highway=tertiary",
            "highway=crossing",
            "9425",
            "1219678"
          ],
          [
            "-1528336",
            "43137802",
            "188",
            "1389",
            "3930",
            "0",
            "2",
            "0",
            "0",
            "highway=tertiary",
            "",
            "9599",
            "1245621"
          ],
          [
            "-1525504",
            "43139198",
            "191",
            "278",
            "4324",
            "0",
            "0",
            "20",
            "0",
            "highway=tertiary surface=asphalt",
            "highway=crossing",
            "9642",
            "1252045"
          ],
          [
            "-1523084",
            "43140508",
            "193",
            "246",
            "4324",
            "0",
            "1",
            "20",
            "0",
            "highway=tertiary surface=asphalt",
            "highway=crossing",
            "9680",
            "1257716"
          ],
          [
            "-1522321",
            "43141135",
            "193",
            "93",
            "4324",
            "0",
            "0",
            "20",
            "0",
            "highway=tertiary surface=asphalt",
            "highway=crossing",
            "9694",
            "1259804"
          ],
          [
            "-1520897",
            "43142311",
            "195",
            "174",
            "4324",
            "0",
            "0",
            "20",
            "0",
            "highway=tertiary surface=asphalt",
            "highway=crossing",
            "9721",
            "1263800"
          ],
          [
            "-1520295",
            "43142809",
            "195",
            "74",
            "4324",
            "0",
            "0",
            "20",
            "0",
            "highway=tertiary surface=asphalt",
            "highway=crossing",
            "9732",
            "1265541"
          ],
          [
            "-1519715",
            "43143297",
            "196",
            "71",
            "4324",
            "0",
            "0",
            "0",
            "0",
            "highway=tertiary surface=asphalt",
            "",
            "9743",
            "1267219"
          ],
          [
            "-1519607",
            "43143391",
            "196",
            "14",
            "3930",
            "0",
            "0",
            "20",
            "0",
            "highway=tertiary surface=asphalt smoothness=excellent",
            "highway=crossing",
            "9746",
            "1267577"
          ],
          [
            "-1518730",
            "43144204",
            "198",
            "115",
            "3930",
            "0",
            "0",
            "20",
            "0",
            "highway=tertiary surface=asphalt smoothness=excellent",
            "highway=crossing",
            "9765",
            "1270457"
          ],
          [
            "-1518649",
            "43144287",
            "197",
            "11",
            "3930",
            "0",
            "0",
            "0",
            "0",
            "highway=tertiary surface=asphalt smoothness=excellent",
            "",
            "9767",
            "1270706"
          ],
          [
            "-1518591",
            "43144246",
            "197",
            "7",
            "2642",
            "0",
            "74",
            "20",
            "20",
            "highway=residential oneway=no",
            "highway=crossing",
            "9768",
            "1270870"
          ],
          [
            "-1516083",
            "43144804",
            "201",
            "264",
            "2642",
            "0",
            "55",
            "0",
            "0",
            "highway=residential oneway=no",
            "",
            "9813",
            "1277584"
          ],
          [
            "-1514159",
            "43142600",
            "218",
            "311",
            "2642",
            "0",
            "120",
            "0",
            "0",
            "highway=residential foot=yes oneway=no",
            "",
            "9899",
            "1290492"
          ],
          [
            "-1510548",
            "43141694",
            "251",
            "340",
            "3123",
            "0",
            "15",
            "0",
            "0",
            "reversedirection=yes highway=unclassified oneway=no",
            "",
            "10059",
            "1314533"
          ],
          [
            "-1507344",
            "43142266",
            "231",
            "438",
            "2642",
            "0",
            "188",
            "0",
            "0",
            "reversedirection=yes highway=residential oneway=no",
            "",
            "10148",
            "1326125"
          ],
          [
            "-1505050",
            "43142743",
            "216",
            "212",
            "3123",
            "0",
            "12",
            "0",
            "0",
            "reversedirection=yes highway=unclassified oneway=no",
            "",
            "10170",
            "1326887"
          ],
          [
            "-1468183",
            "43121299",
            "384",
            "5049",
            "3930",
            "0",
            "306",
            "0",
            "400",
            "highway=tertiary",
            "",
            "11894",
            "1570034"
          ],
          [
            "-1465614",
            "43121947",
            "392",
            "256",
            "3123",
            "0",
            "55",
            "0",
            "20",
            "highway=unclassified",
            "",
            "11943",
            "1577392"
          ],
          [
            "-1443135",
            "43118152",
            "590",
            "2822",
            "3123",
            "0",
            "637",
            "139",
            "0",
            "highway=unclassified surface=asphalt",
            "barrier=cattle_grid",
            "13211",
            "1767398"
          ],
          [
            "-1440484",
            "43119010",
            "640",
            "397",
            "3144",
            "0",
            "150",
            "50",
            "0",
            "highway=service surface=compacted",
            "barrier=gate foot=yes",
            "13519",
            "1813693"
          ],
          [
            "-1440441",
            "43119013",
            "641",
            "4",
            "3144",
            "0",
            "0",
            "0",
            "0",
            "highway=service surface=compacted",
            "",
            "13522",
            "1814147"
          ],
          [
            "-1439108",
            "43112122",
            "688",
            "882",
            "2702",
            "2703",
            "179",
            "0",
            "0",
            "reversedirection=yes highway=path surface=ground tracktype=grade4 smoothness=bad",
            "",
            "13889",
            "1869099"
          ],
          [
            "-1440814",
            "43110328",
            "688",
            "246",
            "5110",
            "0",
            "8",
            "0",
            "0",
            "reversedirection=yes highway=track",
            "",
            "13928",
            "1874948"
          ],
          [
            "-1434441",
            "43102781",
            "505",
            "1489",
            "2096",
            "24079",
            "530",
            "0",
            "0",
            "highway=track surface=dirt tracktype=grade3 foot=yes bicycle=yes",
            "",
            "14088",
            "1880139"
          ],
          [
            "-1430890",
            "43100016",
            "413",
            "433",
            "3459",
            "0",
            "25",
            "0",
            "0",
            "highway=service tracktype=grade3 foot=yes bicycle=yes",
            "",
            "14133",
            "1880139"
          ],
          [
            "-1429076",
            "43098406",
            "375",
            "263",
            "2882",
            "0",
            "68",
            "0",
            "0",
            "highway=service",
            "",
            "14160",
            "1880139"
          ],
          [
            "-1428217",
            "43098532",
            "369",
            "73",
            "3002",
            "0",
            "10",
            "0",
            "0",
            "highway=living_street",
            "",
            "14167",
            "1880139"
          ],
          [
            "-1428725",
            "43089083",
            "403",
            "1155",
            "3123",
            "0",
            "183",
            "0",
            "0",
            "reversedirection=yes highway=unclassified",
            "",
            "14416",
            "1915489"
          ],
          [
            "-1428874",
            "43088729",
            "408",
            "41",
            "3123",
            "0",
            "0",
            "0",
            "0",
            "highway=unclassified",
            "estimated_crossing_class=1",
            "14442",
            "1919427"
          ],
          [
            "-1426905",
            "43085772",
            "384",
            "372",
            "8254",
            "0",
            "22",
            "0",
            "400",
            "reversedirection=yes highway=secondary",
            "estimated_crossing_class=1",
            "14501",
            "1925834"
          ],
          [
            "-1426653",
            "43085810",
            "382",
            "22",
            "8254",
            "0",
            "24",
            "0",
            "0",
            "reversedirection=yes highway=secondary",
            "",
            "14504",
            "1925834"
          ],
          [
            "-1426613",
            "43085826",
            "382",
            "4",
            "9079",
            "0",
            "0",
            "0",
            "0",
            "reversedirection=yes highway=secondary surface=asphalt",
            "estimated_crossing_class=1",
            "14504",
            "1925834"
          ],
          [
            "-1423544",
            "43084576",
            "388",
            "304",
            "3603",
            "0",
            "79",
            "0",
            "20",
            "highway=service service=alley",
            "highway=stop direction=forward",
            "14542",
            "1930325"
          ],
          [
            "-1423500",
            "43084581",
            "388",
            "4",
            "3603",
            "0",
            "0",
            "0",
            "0",
            "highway=service service=alley",
            "",
            "14542",
            "1930431"
          ],
          [
            "-1417337",
            "43072378",
            "417",
            "1502",
            "3930",
            "0",
            "81",
            "0",
            "400",
            "highway=tertiary",
            "",
            "15063",
            "2003782"
          ],
          [
            "-1416901",
            "43070838",
            "417",
            "189",
            "3930",
            "0",
            "13",
            "20",
            "0",
            "highway=tertiary maxspeed=50",
            "highway=crossing crossing=uncontrolled",
            "15090",
            "2007893"
          ],
          [
            "-1416196",
            "43069477",
            "415",
            "171",
            "3930",
            "0",
            "21",
            "0",
            "0",
            "highway=tertiary maxspeed=50",
            "",
            "15114",
            "2011417"
          ],
          [
            "-1407756",
            "43063374",
            "433",
            "1000",
            "3123",
            "0",
            "67",
            "0",
            "20",
            "highway=unclassified surface=asphalt",
            "",
            "15291",
            "2037988"
          ],
          [
            "-1406284",
            "43063953",
            "441",
            "141",
            "3123",
            "0",
            "67",
            "0",
            "0",
            "highway=unclassified",
            "",
            "15334",
            "2044384"
          ],
          [
            "-1400036",
            "43060235",
            "470",
            "768",
            "3747",
            "0",
            "164",
            "0",
            "0",
            "reversedirection=yes highway=unclassified surface=asphalt tracktype=grade3 foot=yes bicycle=yes",
            "",
            "15558",
            "2078015"
          ],
          [
            "-1396209",
            "43060136",
            "477",
            "337",
            "3459",
            "0",
            "32",
            "0",
            "0",
            "reversedirection=yes highway=service surface=asphalt tracktype=grade3 foot=yes bicycle=yes",
            "",
            "15630",
            "2088872"
          ],
          [
            "-1396527",
            "43059417",
            "504",
            "336",
            "3773",
            "0",
            "101",
            "0",
            "0",
            "reversedirection=yes highway=service surface=compacted tracktype=grade3 foot=yes bicycle=yes",
            "",
            "15774",
            "2110430"
          ],
          [
            "-1393076",
            "43043525",
            "552",
            "2128",
            "3459",
            "0",
            "188",
            "0",
            "0",
            "reversedirection=yes highway=service surface=asphalt tracktype=grade3 foot=yes bicycle=yes",
            "",
            "16270",
            "2184777"
          ],
          [
            "-1365223",
            "43030726",
            "1090",
            "4833",
            "1572",
            "0",
            "1299",
            "0",
            "0",
            "reversedirection=yes highway=track surface=compacted tracktype=grade3 foot=yes bicycle=yes",
            "",
            "19672",
            "2693894"
          ],
          [
            "-1353969",
            "43028507",
            "1183",
            "1139",
            "3123",
            "0",
            "229",
            "0",
            "0",
            "highway=unclassified",
            "",
            "20230",
            "2777668"
          ],
          [
            "-1353821",
            "43028363",
            "1184",
            "20",
            "3123",
            "0",
            "6",
            "0",
            "0",
            "highway=unclassified bicycle=yes",
            "",
            "20242",
            "2779482"
          ],
          [
            "-1353760",
            "43028272",
            "1184",
            "11",
            "3123",
            "0",
            "1",
            "139",
            "0",
            "highway=unclassified surface=asphalt bicycle=yes",
            "barrier=cattle_grid",
            "20248",
            "2780369"
          ],
          [
            "-1347911",
            "43026841",
            "1137",
            "515",
            "3123",
            "0",
            "12",
            "0",
            "0",
            "highway=unclassified surface=asphalt bicycle=yes",
            "",
            "20320",
            "2785617"
          ],
          [
            "-1346214",
            "43026395",
            "1109",
            "148",
            "3690",
            "0",
            "1",
            "0",
            "0",
            "highway=unclassified surface=concrete bicycle=yes",
            "",
            "20335",
            "2785617"
          ],
          [
            "-1325068",
            "43020435",
            "1063",
            "2033",
            "3123",
            "0",
            "58",
            "139",
            "0",
            "highway=unclassified surface=asphalt bicycle=yes",
            "barrier=cattle_grid",
            "20600",
            "2813995"
          ],
          [
            "-1324129",
            "43019863",
            "1057",
            "100",
            "3123",
            "0",
            "0",
            "0",
            "0",
            "highway=unclassified surface=asphalt bicycle=yes",
            "",
            "20611",
            "2815668"
          ],
          [
            "-1324003",
            "43019722",
            "1056",
            "19",
            "33920",
            "0",
            "6",
            "0",
            "0",
            "reversedirection=yes highway=trunk foot=yes bicycle=yes route_bicycle_lcn=yes",
            "",
            "20613",
            "2815925"
          ],
          [
            "-1323981",
            "43020083",
            "1057",
            "44",
            "3816",
            "0",
            "94",
            "0",
            "400",
            "highway=tertiary route_bicycle_lcn=yes",
            "",
            "20618",
            "2816545"
          ],
          [
            "-1323915",
            "43020076",
            "1056",
            "5",
            "21290",
            "0",
            "89",
            "0",
            "20",
            "reversedirection=yes highway=path surface=grass sac_scale=hiking",
            "",
            "20618",
            "2816633"
          ],
          [
            "-1323461",
            "43019410",
            "1051",
            "85",
            "4504",
            "0",
            "95",
            "50",
            "0",
            "highway=path surface=gravel sac_scale=hiking",
            "barrier=gate bicycle=yes foot=yes",
            "20627",
            "2817044"
          ],
          [
            "-1320333",
            "43017030",
            "1001",
            "384",
            "4504",
            "6706",
            "40",
            "0",
            "0",
            "highway=path surface=gravel sac_scale=hiking",
            "ford=yes",
            "20667",
            "2817044"
          ],
          [
            "-1317433",
            "43014183",
            "950",
            "417",
            "4504",
            "7111",
            "53",
            "0",
            "0",
            "highway=path surface=gravel sac_scale=hiking",
            "",
            "20709",
            "2817044"
          ],
          [
            "-1318890",
            "43011177",
            "947",
            "361",
            "2457",
            "0",
            "14",
            "50",
            "0",
            "highway=track surface=compacted tracktype=grade4 smoothness=bad",
            "barrier=gate",
            "20748",
            "2820233"
          ],
          [
            "-1318997",
            "43010640",
            "950",
            "60",
            "1801",
            "0",
            "0",
            "0",
            "0",
            "highway=track surface=compacted tracktype=grade2 smoothness=bad",
            "",
            "20756",
            "2821286"
          ],
          [
            "-1319495",
            "43010529",
            "956",
            "45",
            "2882",
            "0",
            "70",
            "0",
            "0",
            "highway=service surface=asphalt",
            "",
            "20764",
            "2822598"
          ],
          [
            "-1319499",
            "43010376",
            "954",
            "17",
            "5939",
            "0",
            "59",
            "0",
            "0",
            "highway=footway surface=sett",
            "",
            "20767",
            "2822955"
          ],
          [
            "-1319655",
            "43010086",
            "953",
            "35",
            "5590",
            "0",
            "4",
            "0",
            "0",
            "highway=footway",
            "",
            "20774",
            "2824041"
          ],
          [
            "-1319723",
            "43009976",
            "953",
            "15",
            "14848",
            "0",
            "37",
            "0",
            "0",
            "reversedirection=yes highway=pedestrian surface=sett",
            "",
            "20777",
            "2824472"
          ],
          [
            "-1319723",
            "43009919",
            "953",
            "6",
            "14848",
            "0",
            "0",
            "0",
            "0",
            "highway=pedestrian surface=sett",
            "",
            "20778",
            "2824620"
          ],
          [
            "-1319738",
            "43009700",
            "951",
            "24",
            "4640",
            "0",
            "0",
            "0",
            "0",
            "highway=living_street surface=sett",
            "",
            "20781",
            "2825079"
          ],
          [
            "-1319723",
            "43009919",
            "953",
            "24",
            "4640",
            "0",
            "0",
            "0",
            "0",
            "reversedirection=yes highway=living_street surface=sett",
            "",
            "20785",
            "2825705"
          ],
          [
            "-1319723",
            "43009976",
            "953",
            "6",
            "14848",
            "0",
            "0",
            "0",
            "0",
            "reversedirection=yes highway=pedestrian surface=sett",
            "",
            "20786",
            "2825871"
          ],
          [
            "-1319655",
            "43010086",
            "953",
            "15",
            "14848",
            "0",
            "31",
            "0",
            "0",
            "highway=pedestrian surface=sett",
            "",
            "20789",
            "2826278"
          ],
          [
            "-1319499",
            "43010376",
            "954",
            "35",
            "5590",
            "0",
            "6",
            "0",
            "0",
            "reversedirection=yes highway=footway",
            "",
            "20795",
            "2827233"
          ],
          [
            "-1319495",
            "43010529",
            "956",
            "17",
            "5939",
            "0",
            "4",
            "0",
            "0",
            "reversedirection=yes highway=footway surface=sett",
            "",
            "20798",
            "2827584"
          ],
          [
            "-1318997",
            "43010640",
            "950",
            "45",
            "2882",
            "0",
            "111",
            "0",
            "0",
            "reversedirection=yes highway=service surface=asphalt",
            "",
            "20803",
            "2828326"
          ],
          [
            "-1318890",
            "43011177",
            "947",
            "60",
            "1801",
            "0",
            "18",
            "50",
            "0",
            "reversedirection=yes highway=track surface=compacted tracktype=grade2 smoothness=bad",
            "barrier=gate",
            "20809",
            "2829333"
          ],
          [
            "-1317433",
            "43014183",
            "950",
            "361",
            "2457",
            "0",
            "3",
            "0",
            "0",
            "reversedirection=yes highway=track surface=compacted tracktype=grade4 smoothness=bad",
            "",
            "20857",
            "2836386"
          ],
          [
            "-1320333",
            "43017030",
            "1001",
            "417",
            "4504",
            "2876",
            "61",
            "0",
            "0",
            "reversedirection=yes highway=path surface=gravel sac_scale=hiking",
            "ford=yes",
            "21107",
            "2873988"
          ],
          [
            "-1323461",
            "43019410",
            "1051",
            "384",
            "4504",
            "3513",
            "43",
            "50",
            "0",
            "reversedirection=yes highway=path surface=gravel sac_scale=hiking",
            "barrier=gate bicycle=yes foot=yes",
            "21405",
            "2918579"
          ],
          [
            "-1323915",
            "43020076",
            "1056",
            "85",
            "4504",
            "336",
            "19",
            "0",
            "0",
            "reversedirection=yes highway=path surface=gravel sac_scale=hiking",
            "",
            "21454",
            "2926018"
          ],
          [
            "-1323981",
            "43020083",
            "1057",
            "5",
            "21290",
            "14",
            "76",
            "0",
            "0",
            "highway=path surface=grass sac_scale=hiking",
            "",
            "21457",
            "2926391"
          ],
          [
            "-1324003",
            "43019722",
            "1056",
            "44",
            "3816",
            "0",
            "114",
            "0",
            "400",
            "reversedirection=yes highway=tertiary route_bicycle_lcn=yes",
            "",
            "21472",
            "2928704"
          ],
          [
            "-1324129",
            "43019863",
            "1057",
            "19",
            "33920",
            "0",
            "69",
            "0",
            "20",
            "highway=trunk foot=yes bicycle=yes route_bicycle_lcn=yes",
            "",
            "21479",
            "2929723"
          ],
          [
            "-1324912",
            "43020336",
            "1061",
            "83",
            "3123",
            "0",
            "6",
            "0",
            "0",
            "reversedirection=yes highway=unclassified surface=asphalt bicycle=yes",
            "",
            "21510",
            "2934387"
          ],
          [
            "-1324770",
            "43020093",
            "1063",
            "33",
            "2882",
            "0",
            "102",
            "50",
            "0",
            "highway=service",
            "barrier=gate",
            "21522",
            "2936139"
          ],
          [
            "-1325054",
            "43015004",
            "1151",
            "687",
            "2882",
            "0",
            "71",
            "0",
            "0",
            "highway=service",
            "",
            "22069",
            "3018204"
          ],
          [
            "-1325776",
            "43015167",
            "1161",
            "76",
            "5110",
            "528",
            "88",
            "0",
            "0",
            "highway=track",
            "",
            "22101",
            "3023115"
          ],
          [
            "-1325054",
            "43015004",
            "1151",
            "76",
            "5110",
            "0",
            "47",
            "0",
            "0",
            "reversedirection=yes highway=track",
            "",
            "22109",
            "3023806"
          ],
          [
            "-1324770",
            "43020093",
            "1063",
            "687",
            "2882",
            "0",
            "112",
            "50",
            "0",
            "reversedirection=yes highway=service",
            "barrier=gate",
            "22180",
            "3023806"
          ],
          [
            "-1324912",
            "43020336",
            "1061",
            "33",
            "2882",
            "0",
            "15",
            "0",
            "0",
            "reversedirection=yes highway=service",
            "",
            "22183",
            "3023806"
          ],
          [
            "-1324129",
            "43019863",
            "1057",
            "83",
            "3123",
            "0",
            "87",
            "0",
            "0",
            "highway=unclassified surface=asphalt bicycle=yes",
            "",
            "22192",
            "3023806"
          ],
          [
            "-1324003",
            "43019722",
            "1056",
            "19",
            "33920",
            "0",
            "6",
            "0",
            "0",
            "reversedirection=yes highway=trunk foot=yes bicycle=yes route_bicycle_lcn=yes",
            "",
            "22194",
            "3023806"
          ],
          [
            "-1323981",
            "43020083",
            "1057",
            "44",
            "3816",
            "0",
            "94",
            "0",
            "400",
            "highway=tertiary route_bicycle_lcn=yes",
            "",
            "22198",
            "3023833"
          ],
          [
            "-1323915",
            "43020076",
            "1056",
            "5",
            "21290",
            "0",
            "89",
            "0",
            "20",
            "reversedirection=yes highway=path surface=grass sac_scale=hiking",
            "",
            "22199",
            "3023848"
          ],
          [
            "-1323461",
            "43019410",
            "1051",
            "85",
            "4504",
            "374",
            "95",
            "50",
            "0",
            "highway=path surface=gravel sac_scale=hiking",
            "barrier=gate bicycle=yes foot=yes",
            "22208",
            "3023848"
          ],
          [
            "-1320333",
            "43017030",
            "1001",
            "384",
            "4504",
            "7033",
            "40",
            "0",
            "0",
            "highway=path surface=gravel sac_scale=hiking",
            "ford=yes",
            "22247",
            "3023848"
          ],
          [
            "-1317433",
            "43014183",
            "950",
            "417",
            "4504",
            "7111",
            "53",
            "0",
            "0",
            "highway=path surface=gravel sac_scale=hiking",
            "",
            "22290",
            "3023848"
          ],
          [
            "-1318890",
            "43011177",
            "947",
            "361",
            "2457",
            "0",
            "14",
            "50",
            "0",
            "highway=track surface=compacted tracktype=grade4 smoothness=bad",
            "barrier=gate",
            "22329",
            "3027037"
          ],
          [
            "-1318997",
            "43010640",
            "950",
            "60",
            "1801",
            "0",
            "0",
            "0",
            "0",
            "highway=track surface=compacted tracktype=grade2 smoothness=bad",
            "",
            "22336",
            "3028091"
          ],
          [
            "-1319293",
            "43008836",
            "945",
            "224",
            "2882",
            "0",
            "106",
            "0",
            "0",
            "highway=service surface=asphalt",
            "",
            "22361",
            "3031344"
          ],
          [
            "-1319588",
            "43008250",
            "945",
            "92",
            "2565",
            "0",
            "25",
            "0",
            "0",
            "reversedirection=yes highway=residential surface=asphalt route_bicycle_icn=yes",
            "",
            "22372",
            "3032990"
          ],
          [
            "-1319731",
            "43008516",
            "947",
            "31",
            "23320",
            "0",
            "59",
            "0",
            "0",
            "highway=trunk surface=asphalt route_bicycle_icn=yes",
            "",
            "22377",
            "3033737"
          ],
          [
            "-1319870",
            "43008517",
            "947",
            "11",
            "2915",
            "0",
            "50",
            "0",
            "0",
            "reversedirection=yes highway=living_street surface=asphalt route_bicycle_icn=yes",
            "",
            "22379",
            "3034016"
          ],
          [
            "-1330264",
            "42996607",
            "905",
            "1741",
            "1654",
            "0",
            "115",
            "0",
            "0",
            "highway=track surface=compacted route_bicycle_icn=yes",
            "",
            "22566",
            "3056330"
          ],
          [
            "-1330362",
            "42996288",
            "903",
            "38",
            "4961",
            "108",
            "15",
            "0",
            "0",
            "highway=track route_bicycle_icn=yes",
            "",
            "22570",
            "3056565"
          ],
          [
            "-1329476",
            "42994021",
            "903",
            "267",
            "1632",
            "0",
            "4",
            "0",
            "0",
            "highway=unclassified route_bicycle_icn=yes",
            "",
            "22603",
            "3061023"
          ],
          [
            "-1329567",
            "42993925",
            "903",
            "13",
            "33920",
            "0",
            "54",
            "0",
            "0",
            "reversedirection=yes highway=trunk foot=yes bicycle=yes route_bicycle_icn=yes",
            "",
            "22605",
            "3061253"
          ],
          [
            "-1329196",
            "42993578",
            "902",
            "57",
            "3603",
            "0",
            "111",
            "0",
            "0",
            "highway=service service=driveway",
            "",
            "22612",
            "3062295"
          ],
          [
            "-1328248",
            "42992814",
            "898",
            "118",
            "5110",
            "0",
            "31",
            "0",
            "0",
            "reversedirection=yes highway=track",
            "",
            "22624",
            "3063659"
          ],
          [
            "-1330719",
            "42992095",
            "898",
            "220",
            "1845",
            "0",
            "70",
            "0",
            "0",
            "reversedirection=yes highway=track surface=concrete",
            "",
            "22648",
            "3067054"
          ],
          [
            "-1333187",
            "42990116",
            "894",
            "301",
            "2565",
            "0",
            "54",
            "0",
            "0",
            "highway=residential surface=asphalt route_bicycle_icn=yes",
            "",
            "22684",
            "3072406"
          ],
          [
            "-1333556",
            "42989035",
            "891",
            "135",
            "2642",
            "0",
            "71",
            "0",
            "0",
            "highway=residential",
            "",
            "22699",
            "3074639"
          ],
          [
            "-1333232",
            "42988395",
            "890",
            "79",
            "2162",
            "0",
            "39",
            "0",
            "0",
            "highway=residential maxspeed=30",
            "",
            "22707",
            "3075918"
          ],
          [
            "-1335686",
            "42985508",
            "885",
            "382",
            "1399",
            "0",
            "4",
            "0",
            "0",
            "reversedirection=yes highway=track surface=compacted maxspeed=20 tracktype=grade2 route_bicycle_icn=yes",
            "",
            "22750",
            "3082324"
          ],
          [
            "-1340632",
            "42974473",
            "869",
            "1331",
            "1399",
            "0",
            "21",
            "0",
            "0",
            "reversedirection=yes highway=track surface=compacted tracktype=grade2 route_bicycle_icn=yes",
            "",
            "22903",
            "3105231"
          ],
          [
            "-1341828",
            "42973610",
            "869",
            "149",
            "1791",
            "0",
            "19",
            "0",
            "0",
            "reversedirection=yes highway=track surface=concrete route_bicycle_icn=yes",
            "estimated_crossing_class=2",
            "22921",
            "3108011"
          ],
          [
            "-1341623",
            "42973493",
            "868",
            "21",
            "10376",
            "0",
            "88",
            "0",
            "400",
            "highway=primary surface=asphalt",
            "",
            "22924",
            "3108359"
          ],
          [
            "-1341270",
            "42973311",
            "868",
            "35",
            "9433",
            "0",
            "0",
            "0",
            "0",
            "highway=primary",
            "",
            "22928",
            "3108968"
          ],
          [
            "-1341253",
            "42973301",
            "868",
            "2",
            "10272",
            "0",
            "0",
            "0",
            "0",
            "highway=primary surface=paved maxspeed=80 access=yes oneway=no",
            "estimated_crossing_class=1",
            "22928",
            "3109005"
          ],
          [
            "-1341061",
            "42973196",
            "869",
            "20",
            "10272",
            "0",
            "0",
            "0",
            "0",
            "highway=primary surface=paved maxspeed=80 access=yes oneway=no",
            "estimated_crossing_class=1",
            "22930",
            "3109280"
          ],
          [
            "-1335380",
            "42966817",
            "878",
            "869",
            "1310",
            "0",
            "53",
            "0",
            "20",
            "highway=track tracktype=grade1",
            "",
            "23057",
            "3128356"
          ],
          [
            "-1331283",
            "42965371",
            "883",
            "504",
            "1310",
            "0",
            "40",
            "0",
            "0",
            "highway=track surface=unpaved maxspeed=20 tracktype=grade1 access=yes oneway=no",
            "",
            "23148",
            "3141992"
          ],
          [
            "-1330819",
            "42966187",
            "887",
            "100",
            "5110",
            "0",
            "17",
            "0",
            "0",
            "highway=track surface=unpaved access=yes foot=yes oneway=no",
            "estimated_crossing_class=1",
            "23165",
            "3144501"
          ],
          [
            "-1332364",
            "42967363",
            "883",
            "182",
            "10272",
            "0",
            "57",
            "0",
            "400",
            "reversedirection=yes highway=primary surface=paved maxspeed=80 access=yes oneway=no",
            "",
            "23196",
            "3149107"
          ]
        ],
        "times": [
          0.251,
          2.246,
          9.643,
          30.613,
          82.088,
          87.141,
          100.311,
          117.42,
          123.022,
          134.215,
          204.285,
          229.445,
          250.025,
          273.314,
          280.063,
          288.925,
          302.297,
          313.239,
          325.79,
          331.934,
          334.918,
          339.196,
          346.219,
          356.571,
          366.803,
          384.801,
          388.642,
          393.385,
          396.33,
          398.364,
          402.923,
          408.786,
          413.208,
          415.471,
          419.586,
          422.671,
          427.197,
          430.283,
          431.826,
          434.191,
          436.351,
          437.997,
          438.511,
          439.746,
          440.363,
          441.288,
          442.111,
          442.934,
          443.14,
          443.86,
          444.066,
          444.683,
          449.826,
          450.751,
          452.294,
          453.94,
          455.688,
          456.306,
          459.083,
          463.711,
          464.74,
          465.871,
          466.283,
          466.797,
          468.031,
          470.191,
          470.706,
          471.837,
          472.763,
          475.951,
          477.288,
          478.008,
          479.346,
          479.654,
          480.289,
          480.762,
          481.893,
          484.053,
          484.816,
          486.047,
          489.939,
          490.72,
          495.658,
          500.363,
          504.025,
          505.195,
          505.748,
          507.085,
          507.702,
          509.451,
          510.685,
          511.096,
          512.433,
          514.491,
          516.136,
          516.856,
          517.165,
          517.679,
          518.296,
          518.708,
          519.222,
          520.456,
          521.485,
          521.69,
          522.616,
          524.57,
          524.776,
          525.29,
          526.01,
          526.833,
          527.039,
          527.553,
          528.17,
          528.582,
          529.096,
          529.405,
          529.713,
          530.022,
          530.536,
          530.845,
          532.182,
          534.342,
          537.016,
          539.793,
          541.748,
          545.039,
          547.302,
          548.742,
          549.256,
          549.976,
          551.108,
          553.885,
          554.502,
          555.119,
          557.073,
          558.822,
          560.468,
          562.422,
          563.759,
          566.433,
          566.742,
          567.873,
          568.388,
          568.696,
          569.005,
          569.416,
          569.758,
          570.014,
          570.398,
          578.524,
          580.684,
          582.946,
          584.489,
          586.168,
          589.076,
          590.661,
          591.587,
          592.307,
          594.091,
          595.428,
          598.205,
          599.645,
          600.982,
          602.731,
          604.126,
          607.47,
          608.294,
          609.323,
          610.865,
          613.334,
          614.774,
          617.757,
          618.477,
          619.505,
          620.534,
          621.871,
          622.797,
          623.722,
          624.352,
          625.236,
          625.877,
          627.619,
          629.87,
          633.521,
          645.352,
          656.48,
          659.486,
          663.376,
          671.29,
          692.885,
          703.869,
          710.497,
          714.441,
          721.095,
          741.419,
          758.149,
          772.651,
          786.476,
          794.255,
          813.332,
          829.79,
          845.225,
          859.361,
          873.234,
          887.698,
          909.53,
          968.312,
          1005.923,
          1028.598,
          1034.295,
          1043.194,
          1062.104,
          1083.106,
          1095.138,
          1098.181,
          1109.228,
          1114.411,
          1119.261,
          1123.473,
          1127.039,
          1132.403,
          1133.432,
          1136.723,
          1138.369,
          1140.22,
          1141.66,
          1142.997,
          1144.232,
          1146.083,
          1146.906,
          1147.626,
          1148.449,
          1150.917,
          1153.077,
          1155.957,
          1162.849,
          1164.495,
          1168.198,
          1170.152,
          1172.209,
          1174.369,
          1175.912,
          1178.278,
          1178.586,
          1178.998,
          1180.952,
          1182.495,
          1183.215,
          1183.832,
          1184.346,
          1184.758,
          1186.095,
          1187.329,
          1188.666,
          1189.18,
          1190.62,
          1193.089,
          1193.5,
          1194.118,
          1194.838,
          1195.66,
          1196.895,
          1203.683,
          1206.769,
          1208.415,
          1210.266,
          1212.015,
          1213.249,
          1214.997,
          1218.186,
          1221.066,
          1223.74,
          1226.312,
          1229.192,
          1231.043,
          1234.849,
          1239.889,
          1241.637,
          1243.592,
          1246.677,
          1250.689,
          1251.718,
          1253.157,
          1254.083,
          1255.523,
          1257.58,
          1258.814,
          1261.386,
          1262.517,
          1263.649,
          1264.574,
          1265.912,
          1266.22,
          1267.043,
          1267.969,
          1271.774,
          1273.009,
          1274.449,
          1275.271,
          1278.563,
          1279.489,
          1282.883,
          1283.911,
          1285.249,
          1286.38,
          1288.951,
          1292.346,
          1293.169,
          1296.974,
          1298.414,
          1299.751,
          1301.808,
          1303.557,
          1304.688,
          1305.717,
          1309.008,
          1309.728,
          1311.374,
          1312.3,
          1317.751,
          1318.574,
          1319.294,
          1320.323,
          1322.38,
          1324.026,
          1325.568,
          1327.625,
          1331.843,
          1333.385,
          1336.985,
          1341.203,
          1344.494,
          1345.728,
          1346.757,
          1347.477,
          1349.74,
          1352.105,
          1355.705,
          1358.277,
          1360.642,
          1363.522,
          1367.637,
          1370.62,
          1373.088,
          1375.351,
          1375.968,
          1377.408,
          1380.905,
          1390.368,
          1392.528,
          1394.277,
          1397.465,
          1399.317,
          1399.934,
          1400.551,
          1401.271,
          1401.991,
          1403.02,
          1406.003,
          1408.883,
          1409.808,
          1410.734,
          1415.774,
          1416.494,
          1418.243,
          1419.065,
          1420.094,
          1422.048,
          1423.077,
          1425.751,
          1428.117,
          1430.174,
          1431.717,
          1432.745,
          1433.98,
          1435.008,
          1435.42,
          1436.243,
          1440.974,
          1442.928,
          1443.854,
          1444.574,
          1445.294,
          1447.865,
          1451.054,
          1454.448,
          1458.254,
          1461.957,
          1465.351,
          1475.637,
          1483.043,
          1487.157,
          1490.448,
          1492.608,
          1497.237,
          1499.294,
          1501.763,
          1502.38,
          1503.1,
          1503.614,
          1504.54,
          1506.494,
          1507.317,
          1508.963,
          1509.786,
          1510.711,
          1511.534,
          1520.472,
          1524.484,
          1527.154,
          1533.973,
          1541.281,
          1544.403,
          1547.97,
          1550.639,
          1553.762,
          1556.278,
          1565.491,
          1577.734,
          1579.401,
          1580.322,
          1580.842,
          1593.723,
          1600.694,
          1606.455,
          1609.543,
          1611.705,
          1615.361,
          1621.306,
          1629.855,
          1641.743,
          1651.23,
          1656.075,
          1661.347,
          1679.682,
          1688.214,
          1698.601,
          1709.394,
          1721.761,
          1732.255,
          1744.769,
          1769.004,
          1783.614,
          1793.164,
          1799.712,
          1811.828,
          1873.184,
          1888.67,
          1893.072,
          1897.748,
          1900.311,
          1904.286,
          1907.688,
          1909.414,
          1911.971,
          1913.888,
          1922.307,
          1923.822,
          1927.125,
          1928.565,
          1929.285,
          1930.005,
          1931.445,
          1933.123,
          1934.871,
          1936.826,
          1942.586,
          1946.454,
          1949.98,
          1952.654,
          1954.711,
          1960.06,
          1963.391,
          1965.962,
          1967.197,
          1969.357,
          1971.909,
          1973.966,
          1976.229,
          1977.668,
          1979.211,
          1983.136,
          1984.927,
          1986.326,
          1988.102,
          1992.113,
          1995.816,
          1999.519,
          2000.651,
          2001.679,
          2002.399,
          2003.942,
          2008.365,
          2012.273,
          2014.639,
          2017.005,
          2021.839,
          2025.028,
          2027.085,
          2027.908,
          2028.936,
          2029.759,
          2030.685,
          2032.403,
          2034.253,
          2036.207,
          2038.264,
          2040.142,
          2041.91,
          2063.52,
          2067.603,
          2070.757,
          2077.066,
          2078.135,
          2079.045,
          2080.361,
          2081.381,
          2082.182,
          2083.548,
          2094.686,
          2106.355,
          2114.87,
          2128.726,
          2141.621,
          2161.389,
          2182.358,
          2198.246,
          2215.304,
          2242.698,
          2259.071,
          2276.978,
          2279.068,
          2287.01,
          2292.064,
          2302.662,
          2310.397,
          2317.614,
          2321.595,
          2328.011,
          2330.767,
          2334.296,
          2337.327,
          2341.737,
          2344.989,
          2346.018,
          2347.069,
          2347.995,
          2349.023,
          2349.743,
          2350.463,
          2351.08,
          2351.492,
          2352.52,
          2354.577,
          2356.737,
          2358.486,
          2359.103,
          2359.617,
          2361.366,
          2362.497,
          2363.629,
          2366.714,
          2370.314,
          2371.446,
          2373.606,
          2375.149,
          2376.177,
          2377.206,
          2378.749,
          2380.395,
          2382.76,
          2384.509,
          2385.435,
          2386.875,
          2388.932,
          2390.166,
          2391.709,
          2392.532,
          2393.046,
          2394.692,
          2396.44,
          2396.749,
          2397.16,
          2397.983,
          2402.303,
          2406.932,
          2408.063,
          2409.812,
          2410.943,
          2411.766,
          2412.486,
          2412.897,
          2414.132,
          2417.011,
          2418.04,
          2418.966,
          2419.789,
          2422.874,
          2424.623,
          2425.343,
          2426.269,
          2433.674,
          2437.583,
          2439.332,
          2440.257,
          2441.286,
          2443.652,
          2445.915,
          2447.149,
          2447.869,
          2451.282,
          2452.507,
          2454.051,
          2456.023,
          2457.913,
          2460.252,
          2460.931,
          2462.717,
          2476.746,
          2482.074,
          2483.327,
          2485.335,
          2486.848,
          2487.705,
          2488.527,
          2490.395,
          2491.261,
          2492.009,
          2493.649,
          2495.079,
          2497.848,
          2499.033,
          2501.25,
          2502.112,
          2502.804,
          2503.386,
          2505.958,
          2507.011,
          2513.531,
          2518.054,
          2520.317,
          2522.656,
          2525.231,
          2535.111,
          2536.346,
          2537.698,
          2539.706,
          2541.573,
          2543.651,
          2545.811,
          2547.12,
          2548.766,
          2550.412,
          2552.16,
          2553.703,
          2555.966,
          2558.546,
          2560.736,
          2563.102,
          2566.347,
          2567.438,
          2571.165,
          2577.85,
          2579.599,
          2580.319,
          2580.525,
          2580.73,
          2582.17,
          2582.993,
          2585.873,
          2587.416,
          2592.456,
          2593.942,
          2596.037,
          2597.937,
          2599.863,
          2601.568,
          2605.504,
          2614.48,
          2615.538,
          2629.357,
          2633.065,
          2637.692,
          2647.376,
          2649.973,
          2653.059,
          2654.396,
          2662.447,
          2663,
          2663.592,
          2664.822,
          2666.262,
          2666.93,
          2668.621,
          2670.203,
          2675.038,
          2678.364,
          2684.519,
          2691.013,
          2694.76,
          2696.879,
          2698.586,
          2703.132,
          2704.881,
          2705.806,
          2707.184,
          2708.11,
          2708.949,
          2710.8,
          2713.61,
          2715.678,
          2717.313,
          2718.759,
          2719.993,
          2722.24,
          2723.371,
          2724.557,
          2725.849,
          2727.432,
          2735.133,
          2737.249,
          2741.97,
          2760.904,
          2765.434,
          2766.953,
          2769.074,
          2772.31,
          2776.367,
          2779.701,
          2782.904,
          2786.454,
          2790.882,
          2793.109,
          2798.253,
          2800.06,
          2800.471,
          2800.574,
          2801.396,
          2802.033,
          2802.865,
          2803.736,
          2805.115,
          2807.097,
          2808.945,
          2810.384,
          2812.41,
          2813.858,
          2815.123,
          2817.031,
          2819.029,
          2821.449,
          2823.385,
          2825.738,
          2828.115,
          2838.071,
          2847.809,
          2851.304,
          2855.124,
          2861.05,
          2869.302,
          2875.449,
          2883.387,
          2888.998,
          2895.671,
          2900.323,
          2906.544,
          2908.061,
          2908.628,
          2912.279,
          2915.224,
          2925.311,
          2937.136,
          2942.151,
          2946.508,
          2974.701,
          2982.963,
          2986.555,
          2989.853,
          2994.142,
          3016.262,
          3019.889,
          3024.545,
          3030.696,
          3033.183,
          3035.054,
          3051.336,
          3057.065,
          3059.82,
          3061.565,
          3064.832,
          3067.712,
          3071.642,
          3078.314,
          3086.56,
          3088.774,
          3090.812,
          3093.53,
          3096.875,
          3101.958,
          3110.105,
          3116.306,
          3120.663,
          3135.915,
          3139.66,
          3142.611,
          3145.595,
          3147.167,
          3150.858,
          3174.55,
          3180.346,
          3198.978,
          3202.479,
          3205.922,
          3213.098,
          3221.785,
          3231.168,
          3234.352,
          3237.353,
          3240.726,
          3241.219,
          3241.759,
          3242.377,
          3243.048,
          3243.482,
          3243.934,
          3244.406,
          3248.606,
          3253.854,
          3254.772,
          3255.609,
          3256.601,
          3257.387,
          3258.348,
          3259.247,
          3262.847,
          3263.875,
          3265.007,
          3266.138,
          3267.269,
          3270.252,
          3274.264,
          3274.999,
          3276.953,
          3278.393,
          3278.804,
          3279.216,
          3280.45,
          3282.199,
          3287.753,
          3288.884,
          3296.701,
          3298.244,
          3300.199,
          3300.919,
          3301.844,
          3302.873,
          3304.416,
          3306.826,
          3308.034,
          3309.332,
          3310.463,
          3312.109,
          3313.343,
          3314.372,
          3315.606,
          3317.046,
          3317.972,
          3319.103,
          3321.675,
          3323.218,
          3324.349,
          3325.686,
          3328.36,
          3329.183,
          3330.006,
          3330.932,
          3331.96,
          3335.252,
          3339.572,
          3343.172,
          3343.995,
          3344.765,
          3346.288,
          3347,
          3347.718,
          3350.225,
          3352.662,
          3354.925,
          3355.373,
          3356.051,
          3357.019,
          3357.935,
          3359.201,
          3361.806,
          3385.174,
          3388.504,
          3393.222,
          3399.771,
          3403.801,
          3405.991,
          3410.637,
          3412.146,
          3414.32,
          3416.113,
          3421.2,
          3425.489,
          3432.008,
          3434.512,
          3438.824,
          3440.731,
          3443.016,
          3445.793,
          3447.131,
          3448.468,
          3450.011,
          3451.245,
          3452.171,
          3453.919,
          3455.977,
          3458.136,
          3462.354,
          3463.999,
          3465.645,
          3467.599,
          3469.656,
          3471.302,
          3472.845,
          3474.491,
          3475.931,
          3477.679,
          3479.017,
          3481.177,
          3482.205,
          3483.954,
          3484.571,
          3486.011,
          3487.759,
          3488.171,
          3489.508,
          3490.434,
          3490.639,
          3491.154,
          3492.08,
          3492.697,
          3493.314,
          3494.034,
          3494.754,
          3497.531,
          3498.251,
          3499.28,
          3502.159,
          3503.908,
          3505.039,
          3506.479,
          3507.919,
          3508.434,
          3511.519,
          3512.034,
          3513.062,
          3515.531,
          3516.457,
          3517.177,
          3517.485,
          3522.409,
          3524.569,
          3525.803,
          3527.758,
          3531.187,
          3545.777,
          3547.801,
          3548.452,
          3553.345,
          3554.888,
          3556.981,
          3558.421,
          3560.272,
          3564.181,
          3567.694,
          3571.297,
          3574.509,
          3579.407,
          3585.094,
          3594.377,
          3601.083,
          3608.289,
          3610.152,
          3612.764,
          3616.575,
          3620.699,
          3623.919,
          3647.964,
          3649.874,
          3652.695,
          3658.914,
          3663.277,
          3669.117,
          3673.564,
          3678.268,
          3680.25,
          3704.533,
          3708.087,
          3712.98,
          3715.073,
          3717.927,
          3722.405,
          3725.177,
          3740.547,
          3750.156,
          3755.902,
          3759.86,
          3764.012,
          3771.822,
          3785.797,
          3796.307,
          3798.115,
          3802.238,
          3805.357,
          3807.938,
          3810.592,
          3813.93,
          3817.035,
          3824.71,
          3834.586,
          3844.586,
          3849.255,
          3853.426,
          3859.062,
          3866.22,
          3877.059,
          3878.493,
          3883.329,
          3885.273,
          3901.802,
          3905.87,
          3911.308,
          3916.328,
          3919.862,
          3922.842,
          3927.37,
          3928.828,
          3936.568,
          3945.956,
          3953.842,
          3966.975,
          3972.635,
          3976.477,
          3982.682,
          3994.526,
          4003.649,
          4008.906,
          4012.245,
          4020.198,
          4028.665,
          4032.449,
          4036.892,
          4046.823,
          4053.451,
          4057.518,
          4069.265,
          4076.573,
          4082.455,
          4083.891,
          4088.42,
          4093.062,
          4097.821,
          4104.152,
          4106.761,
          4112.362,
          4130.486,
          4141.559,
          4159.331,
          4166.647,
          4171.659,
          4180.405,
          4187.205,
          4201.541,
          4210.892,
          4217.153,
          4220.639,
          4225.165,
          4228.389,
          4236.195,
          4240.514,
          4244.792,
          4248.811,
          4254.413,
          4262.323,
          4267.703,
          4273.478,
          4279.238,
          4283.123,
          4287.726,
          4289.173,
          4290.755,
          4310.662,
          4330.211,
          4343.261,
          4350.464,
          4358.312,
          4364.006,
          4370.139,
          4373.837,
          4379.956,
          4384.148,
          4390.403,
          4393.39,
          4398.708,
          4407.007,
          4411.084,
          4415.086,
          4426.128,
          4429.743,
          4432.019,
          4435.037,
          4437.208,
          4443.126,
          4446.541,
          4447.753,
          4451.102,
          4466.25,
          4486.021,
          4490.951,
          4498.072,
          4501.712,
          4505.83,
          4513.232,
          4514.949,
          4516.653,
          4520.241,
          4525.29,
          4528.64,
          4531.347,
          4532.043,
          4534.118,
          4535.506,
          4538.855,
          4562.773,
          4570.141,
          4589.019,
          4596.33,
          4598.713,
          4602.232,
          4612.695,
          4622.022,
          4625.316,
          4628.407,
          4630.835,
          4633.594,
          4636.577,
          4640.41,
          4642.158,
          4643.752,
          4645.843,
          4647.011,
          4649.715,
          4653.491,
          4659.001,
          4664.377,
          4669.221,
          4675.763,
          4698.612,
          4707.499,
          4718.202,
          4721.424,
          4723.637,
          4724.999,
          4727.289,
          4732.133,
          4734.819,
          4737.747,
          4741.032,
          4744.681,
          4762.919,
          4766.926,
          4792.455,
          4807.815,
          4810.127,
          4813.213,
          4817.204,
          4821.092,
          4822.062,
          4823.107,
          4825.417,
          4832.123,
          4835.825,
          4850.2,
          4870.859,
          4873.563,
          4874.745,
          4876.503,
          4879.185,
          4882.679,
          4884.79,
          4888.302,
          4891.464,
          4894.676,
          4898.576,
          4902.557,
          4905.357,
          4907.966,
          4912.059,
          4914.274,
          4916.872,
          4920.94,
          4926.504,
          4942.875,
          4954.244,
          4961.579,
          4968.69,
          4976.083,
          4991.091,
          4997.724,
          4999.927,
          5001.367,
          5002.865,
          5003.817,
          5007.185,
          5010.918,
          5019.553,
          5032.179,
          5036.744,
          5040.722,
          5052.186,
          5057.583,
          5059.472,
          5061.572,
          5064.183,
          5072.013,
          5086.286,
          5100.965,
          5107.731,
          5111.349,
          5114.577,
          5122.671,
          5136.404,
          5138.97,
          5141.333,
          5142.914,
          5146.777,
          5149.975,
          5153.233,
          5157.148,
          5166.061,
          5168.34,
          5173.365,
          5178.448,
          5182.641,
          5188.21,
          5193.667,
          5196.079,
          5200.463,
          5207.281,
          5208.95,
          5212.834,
          5213.372,
          5215.594,
          5217.225,
          5232.897,
          5239.917,
          5246.608,
          5257.587,
          5266.226,
          5270.597,
          5272.951,
          5274.905,
          5278.318,
          5282.124,
          5308.585,
          5318.379,
          5324.03,
          5335.071,
          5346.615,
          5354.395,
          5372.616,
          5379.95,
          5392.609,
          5402.152,
          5407.516,
          5414.76,
          5421.239,
          5436.255,
          5456.412,
          5460.938,
          5462.934,
          5468.91,
          5484.208,
          5488.638,
          5491.82,
          5499.194,
          5507.587,
          5514.856,
          5522.651,
          5529.102,
          5536.104,
          5540.58,
          5546.618,
          5551.628,
          5560.193,
          5566.652,
          5581.074,
          5584.467,
          5587.081,
          5591.035,
          5595.277,
          5617.439,
          5637.692,
          5639.497,
          5643.425,
          5653.777,
          5656.106,
          5668.514,
          5671.73,
          5674.171,
          5677.421,
          5683.621,
          5694.22,
          5696.483,
          5700.353,
          5705.477,
          5716.95,
          5724.794,
          5734.615,
          5739.788,
          5742.664,
          5748.291,
          5749.613,
          5752.411,
          5753.104,
          5757.135,
          5759.852,
          5767.85,
          5769.8,
          5773.604,
          5776.681,
          5780.306,
          5780.862,
          5782.111,
          5797.692,
          5800.711,
          5807.795,
          5811.994,
          5814.67,
          5821.042,
          5821.339,
          5829.481,
          5835.86,
          5849.222,
          5852.413,
          5856.605,
          5857.836,
          5859.963,
          5862.357,
          5866.418,
          5872.626,
          5879.092,
          5880.978,
          5882.408,
          5883.914,
          5886.655,
          5889.489,
          5892.326,
          5895.705,
          5898.6,
          5900.671,
          5902.792,
          5905.019,
          5908.689,
          5913.34,
          5917.546,
          5922.677,
          5926.027,
          5937.19,
          5939.803,
          5943.526,
          5946.399,
          5949.298,
          5954.992,
          5956.318,
          5962.291,
          5967.901,
          5971.365,
          5974.543,
          5979.399,
          5983.129,
          5995.715,
          5999.959,
          6002.065,
          6005.195,
          6011.926,
          6016.643,
          6019.904,
          6022.09,
          6024.723,
          6027.672,
          6034.752,
          6039.322,
          6046.417,
          6048.992,
          6050.917,
          6053.229,
          6055.327,
          6059.42,
          6062.387,
          6070.245,
          6073.861,
          6077.417,
          6080.617,
          6082.732,
          6087.152,
          6091.958,
          6095.797,
          6096.978,
          6100.567,
          6102.759,
          6107.168,
          6108.425,
          6115.832,
          6122.151,
          6124.482,
          6126.599,
          6130.301,
          6132.602,
          6138.684,
          6141.222,
          6142.818,
          6152.471,
          6155.767,
          6156.359,
          6158.048,
          6161.492,
          6168.003,
          6172.479,
          6175.61,
          6177.105,
          6185.813,
          6196.39,
          6199.069,
          6225.246,
          6237.278,
          6254.504,
          6264.704,
          6302.222,
          6321.685,
          6322.69,
          6329.622,
          6332.872,
          6339.425,
          6343.322,
          6347.536,
          6352.736,
          6357.1,
          6363.504,
          6369.355,
          6374.007,
          6379.969,
          6388.452,
          6393.526,
          6394.199,
          6395.04,
          6402.861,
          6411.967,
          6421.267,
          6430.242,
          6432.089,
          6434.961,
          6436.504,
          6437.533,
          6440.622,
          6442.241,
          6443.704,
          6445.35,
          6446.893,
          6450.995,
          6456.596,
          6458.942,
          6461.21,
          6463.612,
          6465.566,
          6467.658,
          6468.543,
          6470.086,
          6472.246,
          6473.686,
          6476.052,
          6479.035,
          6484.383,
          6491.535,
          6497.003,
          6499.19,
          6506.243,
          6510.847,
          6514.995,
          6520.455,
          6524.069,
          6527.903,
          6532.487,
          6536.899,
          6537.945,
          6538.863,
          6552.172,
          6553.121,
          6554.333,
          6556.755,
          6579.589,
          6599.76,
          6605.015,
          6609.935,
          6627.17,
          6635.162,
          6639.926,
          6641.186,
          6642.703,
          6644.361,
          6645.002,
          6647.012,
          6647.952,
          6648.624,
          6649.7,
          6652.5,
          6654.313,
          6655.288,
          6658.73,
          6664.229,
          6677.185,
          6681.94,
          6684.062,
          6699.511,
          6699.961,
          6703.666,
          6712.89,
          6717.048,
          6725.941,
          6728.021,
          6730.751,
          6735.711,
          6738.395,
          6741.725,
          6744.849,
          6748.057,
          6750.56,
          6757.099,
          6759.922,
          6762.956,
          6768.294,
          6773.19,
          6778.542,
          6782.702,
          6785.677,
          6791.349,
          6795.702,
          6805.816,
          6814.607,
          6834.3,
          6869.153,
          6874.048,
          6878.407,
          6883.702,
          6895.949,
          6899.595,
          6902.945,
          6904.952,
          6906.592,
          6909.791,
          6915.772,
          6928.956,
          6949.062,
          6962.801,
          6968.437,
          6987.542,
          6995.048,
          7041.941,
          7051.524,
          7058.779,
          7065.479,
          7072.436,
          7080.622,
          7092.575,
          7109.579,
          7128.477,
          7149.688,
          7190.97,
          7209.72,
          7215.379,
          7223.919,
          7232.502,
          7247.723,
          7260.459,
          7272.878,
          7282.731,
          7298.699,
          7317.646,
          7336.405,
          7352.289,
          7368.73,
          7385.267,
          7399.503,
          7402.784,
          7410.999,
          7433.076,
          7441.941,
          7450.348,
          7454.473,
          7463.271,
          7513.074,
          7544.203,
          7556.345,
          7576.556,
          7624.401,
          7651.981,
          7697.831,
          7719.42,
          7751.697,
          7765.315,
          7786.485,
          7795.855,
          7813.066,
          7831.806,
          7850.229,
          7875.021,
          7923.796,
          7929.845,
          7934.007,
          7939.577,
          7949.662,
          7957.939,
          7983.595,
          7993.603,
          7999.827,
          8004.228,
          8008.491,
          8013.149,
          8017.204,
          8019.623,
          8021.016,
          8023.798,
          8026.042,
          8032.82,
          8039.3,
          8044.096,
          8045.125,
          8054.279,
          8056.954,
          8058.599,
          8060.142,
          8062.199,
          8068.885,
          8069.502,
          8070.119,
          8070.736,
          8072.793,
          8073.616,
          8075.056,
          8084.257,
          8090.144,
          8101.678,
          8103.111,
          8104.426,
          8107.345,
          8110.906,
          8113.946,
          8117.238,
          8119.707,
          8121.661,
          8122.998,
          8124.334,
          8126.083,
          8129.58,
          8136.574,
          8138.94,
          8141.1,
          8142.643,
          8143.774,
          8144.597,
          8147.168,
          8150.769,
          8154.369,
          8161.937,
          8162.774,
          8165.543,
          8168.26,
          8171.061,
          8174.661,
          8177.076,
          8179.149,
          8180.589,
          8182.852,
          8185.115,
          8186.452,
          8188.612,
          8189.538,
          8190.772,
          8192.418,
          8193.858,
          8197.149,
          8207.332,
          8208.414,
          8212.114,
          8212.81,
          8213.511,
          8215.225,
          8225.265,
          8242.224,
          8246.597,
          8250.13,
          8258.42,
          8264.292,
          8265.157,
          8266.356,
          8268.137,
          8277.911,
          8289.184,
          8292.104,
          8299.4,
          8306.477,
          8311.818,
          8314.284,
          8321.229,
          8326.613,
          8341.762,
          8345.372,
          8347.779,
          8354.107,
          8359.288,
          8368.622,
          8379.181,
          8392.151,
          8410.861,
          8422.938,
          8436.509,
          8459.6,
          8470.092,
          8480.751,
          8487.418,
          8497.051,
          8505.993,
          8511.849,
          8513.711,
          8516.764,
          8522.344,
          8525.802,
          8527.721,
          8528.575,
          8531.025,
          8533.436,
          8537.468,
          8542.06,
          8544.403,
          8549.219,
          8554.065,
          8564.816,
          8573.123,
          8578.462,
          8585.662,
          8596.58,
          8600.316,
          8606.641,
          8609.156,
          8611.965,
          8614.215,
          8616.641,
          8619.414,
          8623.674,
          8627.058,
          8629.526,
          8631.172,
          8632.2,
          8635.311,
          8637.882,
          8638.602,
          8639.257,
          8641.172,
          8642.909,
          8644.405,
          8647.399,
          8655.937,
          8658.599,
          8667.878,
          8680.815,
          8694.379,
          8719.155,
          8735.663,
          8740.54,
          8764.093,
          8780.184,
          8791.269,
          8820.336,
          8829.524,
          8837.69,
          8840.707,
          8855.258,
          8859.475,
          8861.494,
          8865.162,
          8871.23,
          8873.391,
          8876.682,
          8885.425,
          8893.756,
          8895.916,
          8897.15,
          8918.133,
          8920.602,
          8922.128,
          8923.646,
          8924.869,
          8926.83,
          8928.541,
          8931.402,
          8932.646,
          8934.909,
          8937.966,
          8939.949,
          8942.308,
          8954.275,
          8957.875,
          8959.212,
          8960.24,
          8961.063,
          8961.783,
          8962.709,
          8963.224,
          8964.149,
          8965.692,
          8970.732,
          8978.035,
          8985.235,
          8986.881,
          8988.835,
          8995.418,
          8998.504,
          9002.516,
          9005.807,
          9009.818,
          9011.567,
          9012.391,
          9013.11,
          9013.934,
          9014.653,
          9016.094,
          9018.768,
          9020.722,
          9022.162,
          9024.425,
          9026.379,
          9030.185,
          9031.83,
          9033.373,
          9035.944,
          9038.413,
          9041.087,
          9046.538,
          9047.772,
          9049.109,
          9056.823,
          9064.229,
          9066.08,
          9067.521,
          9068.755,
          9070.195,
          9072.458,
          9076.675,
          9080.378,
          9091.384,
          9092.31,
          9093.544,
          9095.293,
          9101.425,
          9106.882,
          9110.907,
          9113.058,
          9114.395,
          9122.089,
          9131.552,
          9133.7,
          9136.536,
          9150.216,
          9153.302,
          9157.242,
          9159.711,
          9162.899,
          9166.396,
          9168.659,
          9171.745,
          9175.448,
          9177.711,
          9180.488,
          9183.162,
          9185.631,
          9188.613,
          9190.567,
          9191.904,
          9193.345,
          9207.333,
          9210.728,
          9212.682,
          9213.916,
          9215.15,
          9216.591,
          9217.825,
          9219.368,
          9223.688,
          9225.54,
          9227.083,
          9228.215,
          9229.655,
          9231.507,
          9232.741,
          9233.976,
          9234.799,
          9235.416,
          9235.931,
          9236.65,
          9239.222,
          9242.41,
          9244.056,
          9245.393,
          9246.421,
          9248.89,
          9258.044,
          9259.484,
          9260.719,
          9261.953,
          9263.599,
          9265.348,
          9273.679,
          9279.851,
          9286.022,
          9288.285,
          9289.726,
          9290.96,
          9294.354,
          9296.926,
          9298.88,
          9300.423,
          9304.217,
          9306.767,
          9308.931,
          9311.57,
          9312.302,
          9316.388,
          9321.458,
          9324.235,
          9325.206,
          9331.283,
          9335.98,
          9348.967,
          9354.896,
          9358.365,
          9374.875,
          9376.289,
          9378.115,
          9380.705,
          9383.746,
          9385.657,
          9388.67,
          9391.334,
          9398.089,
          9400.011,
          9403.337,
          9403.993,
          9404.919,
          9412.839,
          9417.159,
          9417.982,
          9421.175,
          9425.258,
          9429.945,
          9431.393,
          9434.272,
          9438.284,
          9448.354,
          9453.085,
          9454.945,
          9457.958,
          9479.275,
          9486.307,
          9490.771,
          9495.034,
          9504.393,
          9512.754,
          9515.176,
          9515.646,
          9516.331,
          9518.662,
          9528.771,
          9543.02,
          9548.189,
          9555.04,
          9560.431,
          9565.797,
          9581.985,
          9599.938,
          9603.897,
          9610.436,
          9639.786,
          9642.763,
          9649.499,
          9663.502,
          9671.3,
          9676.65,
          9679.126,
          9680.57,
          9694.491,
          9695.693,
          9696.784,
          9698.784,
          9711.571,
          9718.315,
          9721.131,
          9722.055,
          9725.836,
          9728.157,
          9731.938,
          9732.738,
          9740.268,
          9743.925,
          9746.307,
          9758.339,
          9765.511,
          9767.17,
          9768.264,
          9780.064,
          9787.681,
          9793.472,
          9813.018,
          9818.596,
          9819.953,
          9822.781,
          9824.011,
          9827.78,
          9837.825,
          9860.172,
          9883.532,
          9887.845,
          9891.57,
          9894.446,
          9899.062,
          9903.223,
          9905.502,
          9911.392,
          9916.77,
          9920.773,
          9923.658,
          9930.063,
          9941.389,
          9949.1,
          9954.291,
          9961.864,
          9972.146,
          9985.086,
          10004.93,
          10059.324,
          10075.973,
          10083.157,
          10094.625,
          10098.603,
          10103.779,
          10105.549,
          10110.975,
          10114.398,
          10116.981,
          10119.902,
          10122.785,
          10125.355,
          10127.851,
          10131.926,
          10132.404,
          10135.125,
          10136.359,
          10136.874,
          10137.285,
          10137.8,
          10139.034,
          10140.475,
          10143.148,
          10144.794,
          10145.72,
          10146.852,
          10147.983,
          10148.807,
          10150.967,
          10154.053,
          10155.698,
          10157.241,
          10158.476,
          10159.504,
          10160.019,
          10160.944,
          10170.613,
          10172.259,
          10175.756,
          10182.622,
          10185.091,
          10189.186,
          10196.015,
          10206.926,
          10209.666,
          10212.575,
          10218.256,
          10223.25,
          10225.663,
          10229.606,
          10242.714,
          10244.699,
          10249.428,
          10257.922,
          10260.218,
          10264.553,
          10270.953,
          10275.603,
          10278.78,
          10289.481,
          10292.99,
          10294.411,
          10296.487,
          10301.451,
          10316.547,
          10320.544,
          10324.835,
          10330.49,
          10339.941,
          10341.739,
          10344.058,
          10359.321,
          10362.694,
          10365.268,
          10380.688,
          10387.674,
          10403.181,
          10411.154,
          10424.83,
          10432.187,
          10436.449,
          10447.756,
          10450.016,
          10453.07,
          10456.629,
          10461.806,
          10470.242,
          10476.042,
          10486.892,
          10490.95,
          10494.599,
          10499.595,
          10504.247,
          10507.101,
          10510.305,
          10520.012,
          10527.882,
          10535.359,
          10555.059,
          10570.426,
          10590.221,
          10604.764,
          10618.151,
          10625.445,
          10630.166,
          10634.581,
          10639.146,
          10680.104,
          10718.869,
          10753.787,
          10763.595,
          10790.66,
          10816.056,
          10835.066,
          10848.418,
          10858.303,
          10865.769,
          10871.31,
          10876.906,
          10885.494,
          10898.353,
          10914.74,
          10924.705,
          10930.021,
          10933.998,
          10954.78,
          10963.502,
          10978.621,
          10992.552,
          11002.892,
          11011.289,
          11027.213,
          11047.19,
          11066.148,
          11075.062,
          11084.801,
          11119.924,
          11128.701,
          11139.391,
          11148.037,
          11187.431,
          11196.669,
          11223.144,
          11225.883,
          11228.325,
          11231.819,
          11235.438,
          11241.106,
          11258.222,
          11276.082,
          11293.845,
          11317.712,
          11320.498,
          11323.248,
          11326.353,
          11329.795,
          11334.655,
          11342.004,
          11351.058,
          11357.752,
          11363.51,
          11370.989,
          11411.111,
          11431.894,
          11489.486,
          11500.258,
          11509.48,
          11520.565,
          11531.133,
          11545.815,
          11567.725,
          11585.958,
          11599.763,
          11609.8,
          11622.135,
          11641.697,
          11668.72,
          11679.317,
          11684.993,
          11690.259,
          11695.48,
          11704.023,
          11713.412,
          11731.914,
          11735.354,
          11738.891,
          11740.73,
          11744.611,
          11747.589,
          11750.132,
          11754.675,
          11757.115,
          11759.398,
          11761.25,
          11762.779,
          11764.08,
          11765.829,
          11768.503,
          11769.943,
          11771.486,
          11773.852,
          11776.32,
          11778.892,
          11780.229,
          11781.36,
          11785.475,
          11787.737,
          11793.497,
          11797.2,
          11802.755,
          11804.915,
          11808.104,
          11811.601,
          11813.35,
          11815.407,
          11817.053,
          11824.047,
          11828.984,
          11830.63,
          11832.379,
          11834.539,
          11837.11,
          11838.653,
          11839.888,
          11841.739,
          11842.665,
          11843.693,
          11846.573,
          11848.733,
          11850.482,
          11852.025,
          11853.979,
          11855.214,
          11858.196,
          11860.048,
          11862.002,
          11864.779,
          11867.659,
          11869.819,
          11870.888,
          11871.352,
          11873.353,
          11876.058,
          11876.597,
          11877.008,
          11877.316,
          11878.472,
          11881.249,
          11889.661,
          11894.879,
          11895.495,
          11904.321,
          11908.922,
          11911.085,
          11914.411,
          11915.908,
          11917.727,
          11919.854,
          11922,
          11923.968,
          11925.955,
          11928.37,
          11935.726,
          11937.655,
          11940.253,
          11942.333,
          11943.223,
          11943.926,
          11960.529,
          11981.893,
          11992.634,
          12003.166,
          12017.079,
          12044.588,
          12052.082,
          12069.2,
          12088.182,
          12094.097,
          12098.64,
          12105.95,
          12108.731,
          12110.377,
          12110.892,
          12111.715,
          12113.658,
          12115.083,
          12116.316,
          12117.777,
          12118.817,
          12119.608,
          12120.668,
          12122.458,
          12124.67,
          12126.77,
          12129.625,
          12132.396,
          12134.841,
          12136.693,
          12138.821,
          12144.848,
          12147.309,
          12149.385,
          12151.717,
          12155.006,
          12162.595,
          12180.373,
          12224.935,
          12232.758,
          12267.066,
          12296.459,
          12299.053,
          12302.094,
          12304.768,
          12307.457,
          12317.268,
          12324.944,
          12332.989,
          12357.943,
          12375.056,
          12378.52,
          12383.485,
          12386.871,
          12390.997,
          12395.525,
          12401.514,
          12439.6,
          12447.145,
          12453.016,
          12461.101,
          12472.944,
          12481.646,
          12491.864,
          12495.612,
          12500.137,
          12512.54,
          12541.898,
          12544.814,
          12546.136,
          12547.275,
          12549.624,
          12552.644,
          12554.943,
          12557.847,
          12561.14,
          12565.929,
          12566.569,
          12571.56,
          12577.484,
          12578.402,
          12583.631,
          12587.641,
          12607.007,
          12624.963,
          12645.125,
          12664.86,
          12681.556,
          12690.118,
          12698.589,
          12710.029,
          12722.391,
          12738.557,
          12749.077,
          12763.966,
          12767.738,
          12771.147,
          12779.424,
          12792.228,
          12798.474,
          12803.64,
          12811.971,
          12829.564,
          12845.793,
          12856.009,
          12903.754,
          12936.51,
          12979.741,
          13015.409,
          13022.895,
          13029.165,
          13041.768,
          13050.307,
          13057.318,
          13064.261,
          13071.969,
          13075.846,
          13079.735,
          13086.549,
          13091.951,
          13110.474,
          13152.451,
          13155.617,
          13159.224,
          13165.12,
          13171.884,
          13180.016,
          13183.494,
          13186.172,
          13188.623,
          13193.092,
          13198.18,
          13200.593,
          13202.559,
          13211.132,
          13226.257,
          13251.627,
          13272.208,
          13286.124,
          13301.49,
          13321.88,
          13347.533,
          13351.436,
          13353.819,
          13357.122,
          13387.89,
          13400.566,
          13430.075,
          13441.233,
          13451.733,
          13469.935,
          13473.179,
          13475.414,
          13497.118,
          13499.891,
          13503.774,
          13506.85,
          13511.483,
          13513.959,
          13519.758,
          13522.783,
          13525.696,
          13532.496,
          13545.29,
          13603.897,
          13610.531,
          13621.233,
          13627.631,
          13634.011,
          13639.154,
          13649.204,
          13657.739,
          13661.567,
          13667.462,
          13677.187,
          13684.053,
          13686.865,
          13695.423,
          13726.436,
          13732.03,
          13748.52,
          13755.7,
          13760.237,
          13770.717,
          13779.725,
          13784.419,
          13797.819,
          13806.366,
          13815.775,
          13837.403,
          13847.682,
          13855.642,
          13862.999,
          13865.491,
          13867.598,
          13868.948,
          13886.79,
          13889.093,
          13890.077,
          13892.336,
          13897.048,
          13907.817,
          13910.714,
          13914.724,
          13925.784,
          13928.083,
          13932.908,
          13940.114,
          13944.9,
          13946.918,
          13948.551,
          13949.66,
          13950.483,
          13952.455,
          13953.228,
          13959.808,
          13963.716,
          13965.562,
          13967.312,
          13969.985,
          13971.528,
          13972.763,
          13975.745,
          13977.494,
          13979.243,
          13983.769,
          13985.209,
          13986.854,
          13988.191,
          13989.117,
          13989.734,
          13990.763,
          13992.408,
          13993.54,
          13993.849,
          13994.26,
          13997.037,
          13999.402,
          14003.208,
          14003.928,
          14005.265,
          14009.894,
          14011.848,
          14013.082,
          14015.756,
          14018.019,
          14019.15,
          14020.487,
          14020.898,
          14022.03,
          14022.854,
          14025.116,
          14026.042,
          14026.659,
          14026.968,
          14027.482,
          14028.202,
          14032.625,
          14033.448,
          14033.963,
          14034.374,
          14034.785,
          14036.02,
          14040.34,
          14040.957,
          14041.472,
          14042.191,
          14044.043,
          14046.717,
          14048.157,
          14050.009,
          14052.374,
          14053.197,
          14053.712,
          14054.74,
          14059.883,
          14061.734,
          14063.483,
          14066.055,
          14067.495,
          14069.347,
          14072.946,
          14073.357,
          14073.872,
          14075.106,
          14077.164,
          14080.661,
          14083.541,
          14084.467,
          14084.878,
          14085.289,
          14088.478,
          14090.432,
          14092.386,
          14096.5,
          14097.94,
          14102.157,
          14104.42,
          14107.094,
          14109.356,
          14113.162,
          14116.968,
          14118.717,
          14120.774,
          14122.832,
          14123.552,
          14127.975,
          14131.986,
          14133.015,
          14134.146,
          14135.381,
          14137.746,
          14138.878,
          14140.112,
          14142.17,
          14142.993,
          14145.256,
          14146.079,
          14146.594,
          14149.885,
          14151.325,
          14152.045,
          14152.971,
          14154.616,
          14159.245,
          14160.068,
          14160.788,
          14162.022,
          14164.08,
          14164.8,
          14167.577,
          14171.383,
          14175.703,
          14178.666,
          14181.067,
          14184.067,
          14186.01,
          14190.273,
          14193.234,
          14195.989,
          14205.808,
          14208.57,
          14212.589,
          14218.164,
          14223.563,
          14228.695,
          14241.96,
          14251.852,
          14255.931,
          14262.266,
          14267.206,
          14269.902,
          14273.809,
          14276.088,
          14279.259,
          14285.459,
          14289.471,
          14290.705,
          14295.025,
          14297.699,
          14303.199,
          14304.354,
          14306.181,
          14309.192,
          14311.558,
          14312.916,
          14314.175,
          14316.881,
          14319.658,
          14322.641,
          14324.409,
          14325.293,
          14328.833,
          14330.249,
          14330.606,
          14331.381,
          14333.952,
          14335.498,
          14337.002,
          14342.397,
          14344.893,
          14350.019,
          14397.955,
          14405.481,
          14416.513,
          14442.763,
          14446.828,
          14458.289,
          14461.505,
          14469.958,
          14477.394,
          14479.205,
          14483.023,
          14486.212,
          14489.194,
          14494.44,
          14499.789,
          14500.921,
          14501.847,
          14502.155,
          14502.979,
          14504.11,
          14504.521,
          14511.516,
          14515.083,
          14517.179,
          14518.302,
          14521.154,
          14523.874,
          14525.828,
          14527.269,
          14528.811,
          14530.258,
          14532.233,
          14538.284,
          14539.796,
          14542.01,
          14542.71,
          14549.631,
          14551.005,
          14554.312,
          14556.309,
          14557.777,
          14559.384,
          14561.531,
          14571.997,
          14575.581,
          14577.23,
          14589.067,
          14603.954,
          14614.746,
          14625.438,
          14806.648,
          14820.268,
          14832.888,
          14894.211,
          14915.552,
          14927.635,
          14932.97,
          14938.757,
          14950.105,
          14951.826,
          14965.426,
          14967.258,
          14972.552,
          14982.584,
          14989.56,
          14995.834,
          14997.686,
          14998.817,
          15003.755,
          15004.681,
          15005.709,
          15008.589,
          15010.44,
          15013.423,
          15015.994,
          15017.64,
          15018.874,
          15019.902,
          15021.445,
          15022.062,
          15023.399,
          15024.468,
          15025.281,
          15027.978,
          15033.224,
          15034.125,
          15035.597,
          15040.739,
          15042.569,
          15045.491,
          15051.315,
          15055.374,
          15061.15,
          15063.361,
          15065.12,
          15067.464,
          15073.577,
          15074.79,
          15077.085,
          15078.492,
          15080.98,
          15086.584,
          15090.083,
          15090.762,
          15091.603,
          15099.735,
          15101.713,
          15104.339,
          15104.926,
          15105.382,
          15106.049,
          15106.921,
          15108.762,
          15110.375,
          15111.077,
          15111.667,
          15112.261,
          15114.253,
          15116.374,
          15118.443,
          15125.951,
          15129.801,
          15132.905,
          15136.835,
          15140.703,
          15142.676,
          15155.237,
          15156.681,
          15158.315,
          15160.799,
          15163.533,
          15166.268,
          15174.431,
          15182.295,
          15187.524,
          15191.319,
          15197.055,
          15198.982,
          15202.534,
          15204.975,
          15207.894,
          15212.137,
          15214.515,
          15215.918,
          15217.283,
          15220.336,
          15225.836,
          15227.828,
          15231.681,
          15234.181,
          15239.132,
          15247.659,
          15250.817,
          15253.338,
          15254.487,
          15256.011,
          15263.164,
          15266.95,
          15270.21,
          15283.783,
          15285.337,
          15291.379,
          15292.915,
          15306.032,
          15309.365,
          15313.006,
          15315.759,
          15320.77,
          15322.384,
          15328.786,
          15334.014,
          15338.144,
          15340.564,
          15345.203,
          15349.644,
          15355.143,
          15361.159,
          15364.54,
          15367.67,
          15372.7,
          15376.933,
          15381.752,
          15388.327,
          15395.298,
          15408.223,
          15438.31,
          15442.816,
          15451.166,
          15461.843,
          15465.338,
          15467.751,
          15475.375,
          15485.035,
          15488.475,
          15497.11,
          15502.268,
          15510.693,
          15512.896,
          15516.368,
          15517.653,
          15518.411,
          15519.467,
          15537.147,
          15545.46,
          15558.197,
          15566.797,
          15572.624,
          15580.643,
          15582.532,
          15586.725,
          15602.549,
          15605.359,
          15606.292,
          15607.854,
          15610.456,
          15615.778,
          15621.619,
          15622.441,
          15623.375,
          15624.801,
          15627.721,
          15629.31,
          15630.565,
          15634.012,
          15640.799,
          15645.841,
          15654.057,
          15666.713,
          15673.524,
          15674.564,
          15675.823,
          15677.634,
          15678.656,
          15682.771,
          15690.951,
          15696.264,
          15708.089,
          15730.885,
          15756.595,
          15762.673,
          15766.822,
          15769.931,
          15774.271,
          15785.119,
          15795.701,
          15806.999,
          15812.302,
          15820.098,
          15823.771,
          15832.253,
          15842.489,
          15861.271,
          15889.632,
          15898.206,
          15903.389,
          15908.033,
          15912.972,
          15918.988,
          15920.87,
          15926.603,
          15930.793,
          15933.025,
          15934.503,
          15936.57,
          15937.899,
          15940.555,
          15942.313,
          15947.684,
          15948.213,
          15949.406,
          15951.048,
          15954.22,
          15959.648,
          15961.544,
          15966.884,
          15970.323,
          15984.44,
          15990.993,
          15999.161,
          16001.156,
          16002.776,
          16005.377,
          16007.521,
          16008.724,
          16011.808,
          16017.738,
          16019.767,
          16022.209,
          16026.748,
          16029.031,
          16035.732,
          16037.123,
          16038.343,
          16042.859,
          16047.07,
          16054.922,
          16059.353,
          16064.178,
          16071.319,
          16078.285,
          16080.172,
          16084.538,
          16086.308,
          16087.74,
          16089.077,
          16090.648,
          16094.736,
          16098.567,
          16102.321,
          16112.076,
          16120.475,
          16131.616,
          16136.156,
          16139.68,
          16143.952,
          16161.454,
          16170.135,
          16179.419,
          16185.668,
          16188.84,
          16199.544,
          16205.102,
          16220.925,
          16229.606,
          16238.87,
          16242.878,
          16249.65,
          16254.524,
          16259.374,
          16262.786,
          16267.56,
          16270.552,
          16280.653,
          16288.901,
          16311.308,
          16316.318,
          16330.086,
          16339.457,
          16342.605,
          16351.488,
          16360.291,
          16367.366,
          16377.342,
          16384.613,
          16392.479,
          16396.242,
          16404.012,
          16431.482,
          16443.404,
          16466.07,
          16479.078,
          16486.658,
          16490.199,
          16503.107,
          16511.535,
          16522.127,
          16534.375,
          16539.121,
          16544.912,
          16548.799,
          16569.152,
          16571.227,
          16572.775,
          16578.17,
          16588.504,
          16592.719,
          16599.408,
          16607.102,
          16613.545,
          16620.197,
          16624.145,
          16641.793,
          16652.824,
          16677.502,
          16688.906,
          16694.459,
          16701.83,
          16718.504,
          16731.986,
          16740.078,
          16748.658,
          16784.133,
          16800.02,
          16806.688,
          16812.18,
          16817.908,
          16827.588,
          16836.898,
          16851.412,
          17010.664,
          17025.527,
          17056.625,
          17090.117,
          17146.381,
          17182.643,
          17206.816,
          17231.461,
          17256.5,
          17301.232,
          17316.832,
          17339.057,
          17344.857,
          17358.119,
          17378.555,
          17394.914,
          17413.459,
          17432.328,
          17439.184,
          17446.07,
          17482.85,
          17507.252,
          17528.938,
          17542.566,
          17559.932,
          17589.873,
          17596.727,
          17604.133,
          17627.521,
          17654.307,
          17670.602,
          17685.689,
          17697.043,
          17738.508,
          17764.932,
          17788.746,
          17800.426,
          17819.623,
          17827.621,
          17838.428,
          17852.623,
          17866.01,
          17879.578,
          17891.428,
          17896.506,
          17904.293,
          17913.072,
          17922.328,
          17935.699,
          17985.965,
          18002.109,
          18018.633,
          18061.35,
          18156.779,
          18175,
          18191.174,
          18218.773,
          18235.148,
          18248.457,
          18291.879,
          18301.096,
          18306.195,
          18311.617,
          18316.664,
          18324.664,
          18334.615,
          18339.645,
          18368.494,
          18382.738,
          18400.223,
          18408.16,
          18421.295,
          18427.768,
          18457.457,
          18461.807,
          18479.975,
          18491.914,
          18496.064,
          18505.303,
          18520.25,
          18523.635,
          18529.869,
          18533.023,
          18539.299,
          18544.273,
          18547.537,
          18555.209,
          18558.332,
          18592.4,
          18609.83,
          18621.199,
          18630.754,
          18637.359,
          18641.674,
          18643.73,
          18645.994,
          18649.184,
          18654.682,
          18707.016,
          18818.83,
          18858.336,
          18884.742,
          18915.984,
          18942.801,
          18954.676,
          18965.984,
          18985.311,
          19000.486,
          19098.178,
          19116.844,
          19142.521,
          19168.27,
          19200.279,
          19215.928,
          19231.072,
          19235.885,
          19242.355,
          19271.057,
          19279.438,
          19287.562,
          19293.908,
          19302.471,
          19308.408,
          19346.822,
          19370.84,
          19385.83,
          19394.986,
          19401.973,
          19411.432,
          19426.957,
          19459.152,
          19479.965,
          19486.324,
          19501.285,
          19524.416,
          19622.904,
          19638.398,
          19655.158,
          19660.596,
          19662.896,
          19669.037,
          19672.092,
          19675.748,
          19677.375,
          19681.443,
          19685.229,
          19703.451,
          19738.059,
          19763.596,
          19797.117,
          19820.66,
          19874.299,
          19893.707,
          19915.611,
          19930.049,
          19937.131,
          19956.629,
          19984.957,
          20022.625,
          20027.615,
          20032.256,
          20039.365,
          20049.527,
          20065.963,
          20107.334,
          20140.609,
          20149.318,
          20168.744,
          20176.576,
          20179.486,
          20181.564,
          20185.512,
          20209.141,
          20211.932,
          20214.074,
          20216.254,
          20221.047,
          20230.545,
          20242.637,
          20248.551,
          20254.203,
          20265.248,
          20272.293,
          20280.346,
          20287.648,
          20293.1,
          20300.607,
          20309.041,
          20311.922,
          20320.664,
          20324.779,
          20328.482,
          20335.889,
          20343.191,
          20345.66,
          20349.672,
          20354.918,
          20359.033,
          20363.867,
          20365.514,
          20370.143,
          20372.406,
          20379.195,
          20384.955,
          20390.098,
          20397.043,
          20400.811,
          20409.721,
          20426.402,
          20430.488,
          20454.373,
          20457.365,
          20467.279,
          20471.385,
          20476.764,
          20483.572,
          20488.469,
          20491.975,
          20499.154,
          20508.873,
          20514.16,
          20515.189,
          20516.629,
          20519.51,
          20527.943,
          20532.777,
          20535.35,
          20536.893,
          20538.23,
          20550.969,
          20554.672,
          20557.471,
          20559.482,
          20561.066,
          20565.283,
          20573.021,
          20589.705,
          20594.91,
          20600.242,
          20602.02,
          20610.084,
          20611.396,
          20613.352,
          20614.072,
          20615.82,
          20618.227,
          20618.814,
          20619.367,
          20622.145,
          20624.51,
          20625.848,
          20627.596,
          20631.094,
          20632.225,
          20632.842,
          20635.824,
          20638.293,
          20644.566,
          20648.682,
          20652.693,
          20656.396,
          20659.688,
          20661.744,
          20662.67,
          20664.727,
          20665.447,
          20667.094,
          20669.871,
          20674.088,
          20677.895,
          20679.232,
          20680.57,
          20683.039,
          20685.611,
          20687.668,
          20688.285,
          20689.52,
          20692.914,
          20693.635,
          20695.281,
          20696.311,
          20698.676,
          20700.631,
          20701.145,
          20701.865,
          20702.482,
          20702.895,
          20705.467,
          20706.496,
          20709.994,
          20711.641,
          20720.691,
          20723.365,
          20724.395,
          20725.525,
          20727.736,
          20729.598,
          20733.814,
          20734.74,
          20743.021,
          20747.135,
          20748.977,
          20751.857,
          20754.738,
          20756.166,
          20756.979,
          20757.623,
          20758.264,
          20764.914,
          20767.293,
          20774.531,
          20775.135,
          20775.928,
          20777.406,
          20778.395,
          20781.451,
          20785.627,
          20786.732,
          20788.176,
          20788.92,
          20789.445,
          20795.811,
          20798.152,
          20801.664,
          20802.119,
          20802.574,
          20803.098,
          20804.125,
          20806.889,
          20809.945,
          20811.596,
          20816.139,
          20824.309,
          20825.414,
          20829.982,
          20832.236,
          20834.73,
          20835.861,
          20836.891,
          20839.938,
          20854.553,
          20857.098,
          20863.488,
          20866.258,
          20876.504,
          20877.902,
          20880.152,
          20883.301,
          20885.502,
          20895.754,
          20907.803,
          20913.268,
          20921.893,
          20925.678,
          20953.26,
          20962.322,
          20966.566,
          20980.43,
          21000.281,
          21020.068,
          21029.582,
          21038.887,
          21064.895,
          21090.852,
          21107.771,
          21117.264,
          21121.096,
          21135.246,
          21141.049,
          21153.912,
          21175.297,
          21207.844,
          21244.834,
          21279.08,
          21331.133,
          21347.797,
          21367.932,
          21371.797,
          21379.707,
          21405.043,
          21415.67,
          21423.445,
          21437.203,
          21452.113,
          21454.637,
          21457.119,
          21464.76,
          21470.154,
          21472.541,
          21479.332,
          21483.582,
          21510.42,
          21513.334,
          21514.883,
          21516.814,
          21522.096,
          21526.066,
          21527.658,
          21528.83,
          21530.174,
          21531.688,
          21533.314,
          21545.959,
          21556.156,
          21562.586,
          21569.492,
          21570.6,
          21576.084,
          21584.656,
          21594.887,
          21613.08,
          21633.721,
          21731.689,
          21953.887,
          22069.191,
          22078.334,
          22101.924,
          22106.758,
          22109.74,
          22128.77,
          22151.604,
          22160.758,
          22163.227,
          22165.49,
          22166.93,
          22168.268,
          22169.193,
          22169.398,
          22170.633,
          22171.867,
          22173.924,
          22176.701,
          22177.113,
          22177.523,
          22177.936,
          22178.348,
          22178.963,
          22180.404,
          22182.049,
          22182.564,
          22182.975,
          22183.799,
          22191.102,
          22192.336,
          22194.289,
          22195.01,
          22196.758,
          22198.814,
          22199.33,
          22199.844,
          22202.621,
          22204.986,
          22206.324,
          22208.072,
          22211.57,
          22212.701,
          22213.318,
          22216.301,
          22218.77,
          22225.043,
          22229.158,
          22233.17,
          22236.873,
          22240.164,
          22242.221,
          22243.146,
          22245.203,
          22245.924,
          22247.57,
          22250.348,
          22254.564,
          22258.369,
          22259.707,
          22261.043,
          22263.512,
          22266.084,
          22268.141,
          22268.758,
          22269.992,
          22273.387,
          22274.107,
          22275.752,
          22276.781,
          22279.146,
          22281.102,
          22281.615,
          22282.336,
          22282.953,
          22283.363,
          22285.936,
          22286.963,
          22290.461,
          22292.107,
          22301.158,
          22303.832,
          22304.861,
          22305.992,
          22308.203,
          22310.064,
          22314.281,
          22315.207,
          22323.488,
          22327.602,
          22329.443,
          22332.324,
          22335.205,
          22336.631,
          22337.389,
          22337.857,
          22339.092,
          22340.246,
          22341.285,
          22342.305,
          22343.643,
          22347.449,
          22351.666,
          22354.629,
          22357.432,
          22359.668,
          22361.605,
          22362.65,
          22365.396,
          22366.604,
          22367.527,
          22367.77,
          22368.254,
          22369.139,
          22372.574,
          22374.572,
          22377.555,
          22378.576,
          22379.418,
          22383.566,
          22386.992,
          22389.797,
          22394.529,
          22399.602,
          22403.492,
          22410.057,
          22416.33,
          22418.387,
          22420.445,
          22423.529,
          22429.805,
          22436.695,
          22446.775,
          22451.096,
          22453.461,
          22458.398,
          22461.689,
          22465.805,
          22472.51,
          22477.01,
          22482.256,
          22486.678,
          22489.66,
          22492.865,
          22502.584,
          22511.945,
          22514.514,
          22515.371,
          22517.838,
          22521.328,
          22523.59,
          22525.236,
          22533.07,
          22538.412,
          22542.447,
          22544.693,
          22551.791,
          22555.803,
          22558.373,
          22563.207,
          22566.809,
          22567.527,
          22568.145,
          22570.717,
          22572.67,
          22575.346,
          22594.967,
          22596.635,
          22598.443,
          22599.482,
          22603.525,
          22605.061,
          22610.309,
          22612.004,
          22613.188,
          22619.564,
          22621.52,
          22622.65,
          22623.781,
          22624.295,
          22626.188,
          22628.904,
          22632.172,
          22634.537,
          22637.682,
          22640.842,
          22644.104,
          22646.137,
          22648.193,
          22648.912,
          22650.066,
          22653.873,
          22657.318,
          22661.439,
          22684.529,
          22687.162,
          22688.018,
          22688.848,
          22689.658,
          22697.484,
          22699.416,
          22700.684,
          22701.521,
          22703.086,
          22704.158,
          22705.111,
          22707.938,
          22708.75,
          22716.906,
          22720.135,
          22724.451,
          22727.15,
          22729.598,
          22736.312,
          22745.68,
          22750.641,
          22752.771,
          22754.811,
          22759.041,
          22760.406,
          22764.074,
          22807.701,
          22827.338,
          22833.25,
          22847.941,
          22852.596,
          22862.809,
          22872.928,
          22875.998,
          22879.518,
          22887.654,
          22894.453,
          22896.451,
          22897.84,
          22898.404,
          22899.32,
          22903.328,
          22906.137,
          22907.127,
          22908.684,
          22914.99,
          22920.57,
          22921.865,
          22924.186,
          22928.24,
          22928.486,
          22930.543,
          22932.117,
          22949.762,
          22953.324,
          22958.057,
          22965.977,
          22984.15,
          22995.754,
          23004.102,
          23028.465,
          23057.701,
          23071.229,
          23090.551,
          23119.096,
          23120.625,
          23123.803,
          23139.029,
          23145.707,
          23148.602,
          23150.688,
          23152.461,
          23161.201,
          23163.109,
          23165.326,
          23196.037
        ]
      },
      "geometry": {
        "type": "LineString",
        "coordinates": [
          [
            -1.778939,
            43.182966,
            818.5
          ],
          [
            -1.778916,
            43.183009,
            821.5
          ],
          [
            -1.778751,
            43.183007,
            825.25
          ],
          [
            -1.778444,
            43.182985,
            832.25
          ],
          [
            -1.777891,
            43.182888,
            843.25
          ],
          [
            -1.77786,
            43.182927,
            845.75
          ],
          [
            -1.777906,
            43.183026,
            848.75
          ],
          [
            -1.777996,
            43.183142,
            852.0
          ],
          [
            -1.778019,
            43.183188,
            853.5
          ],
          [
            -1.777914,
            43.183201,
            857.0
          ],
          [
            -1.777318,
            43.183026,
            866.0
          ],
          [
            -1.777069,
            43.182938,
            870.0
          ],
          [
            -1.776869,
            43.182879,
            873.75
          ],
          [
            -1.776646,
            43.1828,
            877.75
          ],
          [
            -1.776586,
            43.18283,
            879.5
          ],
          [
            -1.77659,
            43.1829,
            880.5
          ],
          [
            -1.776659,
            43.183004,
            881.0
          ],
          [
            -1.7767,
            43.18311,
            881.0
          ],
          [
            -1.77678,
            43.18324,
            880.75
          ],
          [
            -1.776665,
            43.183241,
            880.5
          ],
          [
            -1.77663,
            43.18328,
            879.75
          ],
          [
            -1.77655,
            43.18324,
            879.25
          ],
          [
            -1.77644,
            43.18316,
            880.25
          ],
          [
            -1.77631,
            43.18303,
            882.25
          ],
          [
            -1.77616,
            43.1829,
            883.25
          ],
          [
            -1.775355,
            43.18257,
            879.75
          ],
          [
            -1.775092,
            43.182509,
            879.25
          ],
          [
            -1.774828,
            43.182497,
            877.75
          ],
          [
            -1.77457,
            43.18251,
            875.75
          ],
          [
            -1.77436,
            43.18255,
            874.25
          ],
          [
            -1.773894,
            43.182707,
            870.5
          ],
          [
            -1.773238,
            43.182894,
            865.75
          ],
          [
            -1.772762,
            43.183055,
            861.0
          ],
          [
            -1.772532,
            43.183166,
            857.5
          ],
          [
            -1.7721,
            43.18333,
            851.0
          ],
          [
            -1.771758,
            43.183442,
            845.0
          ],
          [
            -1.771275,
            43.18363,
            836.75
          ],
          [
            -1.770947,
            43.183748,
            831.0
          ],
          [
            -1.770778,
            43.183794,
            828.75
          ],
          [
            -1.770499,
            43.183847,
            825.75
          ],
          [
            -1.770265,
            43.183917,
            822.0
          ],
          [
            -1.77008,
            43.183952,
            819.5
          ],
          [
            -1.770023,
            43.183959,
            818.75
          ],
          [
            -1.769877,
            43.183944,
            817.0
          ],
          [
            -1.769806,
            43.183929,
            816.0
          ],
          [
            -1.769708,
            43.183895,
            814.25
          ],
          [
            -1.769632,
            43.183851,
            811.5
          ],
          [
            -1.769537,
            43.183861,
            807.75
          ],
          [
            -1.769523,
            43.183848,
            807.0
          ],
          [
            -1.769532,
            43.183787,
            807.75
          ],
          [
            -1.769521,
            43.183775,
            807.25
          ],
          [
            -1.769454,
            43.183762,
            804.25
          ],
          [
            -1.769132,
            43.183379,
            790.25
          ],
          [
            -1.769057,
            43.183318,
            787.75
          ],
          [
            -1.768948,
            43.183209,
            785.0
          ],
          [
            -1.768852,
            43.183086,
            781.5
          ],
          [
            -1.768774,
            43.182944,
            777.5
          ],
          [
            -1.768762,
            43.182891,
            776.75
          ],
          [
            -1.768791,
            43.182646,
            774.25
          ],
          [
            -1.768909,
            43.182246,
            762.0
          ],
          [
            -1.768913,
            43.182156,
            763.25
          ],
          [
            -1.768874,
            43.182064,
            765.0
          ],
          [
            -1.768847,
            43.182032,
            765.0
          ],
          [
            -1.768801,
            43.182002,
            764.0
          ],
          [
            -1.768673,
            43.181943,
            759.75
          ],
          [
            -1.768483,
            43.181812,
            760.5
          ],
          [
            -1.768432,
            43.181795,
            761.25
          ],
          [
            -1.768295,
            43.181784,
            761.5
          ],
          [
            -1.768186,
            43.181791,
            761.5
          ],
          [
            -1.767815,
            43.181846,
            758.0
          ],
          [
            -1.767653,
            43.181843,
            758.75
          ],
          [
            -1.767563,
            43.181833,
            759.75
          ],
          [
            -1.767404,
            43.181804,
            761.0
          ],
          [
            -1.767366,
            43.18179,
            761.5
          ],
          [
            -1.767312,
            43.181755,
            762.75
          ],
          [
            -1.767273,
            43.181738,
            763.5
          ],
          [
            -1.767147,
            43.181705,
            762.0
          ],
          [
            -1.766916,
            43.181611,
            760.5
          ],
          [
            -1.766849,
            43.181593,
            763.0
          ],
          [
            -1.76673,
            43.181586,
            765.75
          ],
          [
            -1.766499,
            43.181626,
            768.75
          ],
          [
            -1.766458,
            43.181641,
            768.75
          ],
          [
            -1.765964,
            43.181872,
            764.25
          ],
          [
            -1.765597,
            43.182033,
            762.75
          ],
          [
            -1.765283,
            43.182186,
            761.75
          ],
          [
            -1.765172,
            43.18223,
            761.5
          ],
          [
            -1.765125,
            43.182255,
            761.0
          ],
          [
            -1.765017,
            43.182337,
            758.75
          ],
          [
            -1.764958,
            43.182374,
            757.75
          ],
          [
            -1.764784,
            43.182463,
            755.75
          ],
          [
            -1.764655,
            43.182521,
            754.0
          ],
          [
            -1.764611,
            43.182533,
            753.5
          ],
          [
            -1.764446,
            43.182545,
            753.5
          ],
          [
            -1.76421,
            43.182597,
            750.25
          ],
          [
            -1.76402,
            43.182582,
            748.0
          ],
          [
            -1.763938,
            43.182598,
            745.5
          ],
          [
            -1.763919,
            43.182619,
            744.25
          ],
          [
            -1.76391,
            43.18266,
            742.25
          ],
          [
            -1.763938,
            43.182712,
            740.5
          ],
          [
            -1.763962,
            43.18274,
            739.75
          ],
          [
            -1.764007,
            43.182773,
            738.75
          ],
          [
            -1.764125,
            43.182836,
            737.5
          ],
          [
            -1.764186,
            43.182909,
            734.75
          ],
          [
            -1.76418,
            43.182923,
            734.0
          ],
          [
            -1.764091,
            43.182966,
            731.25
          ],
          [
            -1.763884,
            43.18304,
            726.25
          ],
          [
            -1.763863,
            43.183054,
            725.0
          ],
          [
            -1.763838,
            43.183099,
            722.75
          ],
          [
            -1.763837,
            43.183166,
            720.25
          ],
          [
            -1.763786,
            43.183232,
            717.0
          ],
          [
            -1.763783,
            43.183247,
            716.5
          ],
          [
            -1.763798,
            43.183287,
            715.5
          ],
          [
            -1.763788,
            43.183339,
            713.5
          ],
          [
            -1.763757,
            43.183362,
            712.5
          ],
          [
            -1.76371,
            43.183386,
            711.25
          ],
          [
            -1.763679,
            43.183392,
            710.75
          ],
          [
            -1.763641,
            43.18339,
            710.5
          ],
          [
            -1.763604,
            43.18338,
            710.25
          ],
          [
            -1.763557,
            43.183358,
            709.0
          ],
          [
            -1.763529,
            43.183337,
            708.25
          ],
          [
            -1.763443,
            43.183236,
            706.0
          ],
          [
            -1.763323,
            43.183065,
            702.25
          ],
          [
            -1.76316,
            43.182864,
            701.75
          ],
          [
            -1.762969,
            43.18267,
            701.75
          ],
          [
            -1.762818,
            43.182538,
            700.25
          ],
          [
            -1.762673,
            43.18227,
            692.75
          ],
          [
            -1.76255,
            43.182096,
            688.25
          ],
          [
            -1.762504,
            43.181973,
            687.75
          ],
          [
            -1.762477,
            43.181936,
            687.0
          ],
          [
            -1.762422,
            43.181891,
            686.0
          ],
          [
            -1.762315,
            43.181829,
            684.25
          ],
          [
            -1.762035,
            43.181707,
            683.75
          ],
          [
            -1.761976,
            43.181675,
            684.25
          ],
          [
            -1.761923,
            43.18164,
            683.75
          ],
          [
            -1.76178,
            43.181509,
            680.5
          ],
          [
            -1.761687,
            43.181377,
            678.0
          ],
          [
            -1.761624,
            43.181237,
            673.5
          ],
          [
            -1.761589,
            43.181072,
            671.5
          ],
          [
            -1.761529,
            43.180967,
            670.0
          ],
          [
            -1.761428,
            43.180749,
            668.5
          ],
          [
            -1.76142,
            43.180721,
            668.5
          ],
          [
            -1.761418,
            43.180624,
            669.75
          ],
          [
            -1.76139,
            43.180588,
            668.5
          ],
          [
            -1.761361,
            43.180566,
            670.0
          ],
          [
            -1.761328,
            43.180554,
            671.75
          ],
          [
            -1.76128,
            43.180556,
            674.0
          ],
          [
            -1.761242,
            43.180567,
            675.75
          ],
          [
            -1.761222,
            43.180581,
            676.5
          ],
          [
            -1.761214,
            43.180611,
            676.5
          ],
          [
            -1.76112,
            43.181322,
            665.0
          ],
          [
            -1.76107,
            43.181508,
            664.25
          ],
          [
            -1.761038,
            43.181701,
            664.75
          ],
          [
            -1.761017,
            43.181835,
            665.5
          ],
          [
            -1.761016,
            43.181976,
            666.0
          ],
          [
            -1.761069,
            43.182223,
            668.5
          ],
          [
            -1.761055,
            43.182354,
            668.25
          ],
          [
            -1.761066,
            43.182438,
            667.0
          ],
          [
            -1.761055,
            43.182499,
            667.0
          ],
          [
            -1.76098,
            43.182634,
            668.0
          ],
          [
            -1.760956,
            43.182749,
            667.0
          ],
          [
            -1.760881,
            43.182984,
            666.0
          ],
          [
            -1.760852,
            43.183105,
            666.0
          ],
          [
            -1.760844,
            43.183223,
            665.75
          ],
          [
            -1.760857,
            43.183379,
            665.5
          ],
          [
            -1.760884,
            43.183485,
            666.25
          ],
          [
            -1.761004,
            43.183725,
            663.25
          ],
          [
            -1.76101,
            43.18379,
            663.0
          ],
          [
            -1.760978,
            43.183878,
            664.25
          ],
          [
            -1.760911,
            43.184007,
            663.75
          ],
          [
            -1.760787,
            43.184206,
            663.5
          ],
          [
            -1.760734,
            43.184322,
            662.75
          ],
          [
            -1.76068,
            43.18458,
            658.5
          ],
          [
            -1.760653,
            43.184642,
            657.5
          ],
          [
            -1.76064,
            43.18473,
            655.5
          ],
          [
            -1.760637,
            43.184824,
            654.25
          ],
          [
            -1.760647,
            43.18494,
            652.5
          ],
          [
            -1.760611,
            43.184861,
            654.0
          ],
          [
            -1.760565,
            43.184786,
            655.75
          ],
          [
            -1.760546,
            43.184732,
            656.5
          ],
          [
            -1.760537,
            43.184669,
            657.75
          ],
          [
            -1.760557,
            43.184616,
            659.5
          ],
          [
            -1.760569,
            43.184513,
            662.0
          ],
          [
            -1.760576,
            43.184422,
            664.0
          ],
          [
            -1.760615,
            43.184255,
            666.5
          ],
          [
            -1.760642,
            43.183995,
            672.0
          ],
          [
            -1.760642,
            43.183797,
            675.5
          ],
          [
            -1.760627,
            43.183741,
            676.5
          ],
          [
            -1.760589,
            43.183682,
            678.0
          ],
          [
            -1.760494,
            43.183596,
            680.75
          ],
          [
            -1.760298,
            43.183366,
            684.25
          ],
          [
            -1.760209,
            43.183242,
            686.25
          ],
          [
            -1.760174,
            43.183159,
            687.25
          ],
          [
            -1.760163,
            43.183107,
            688.0
          ],
          [
            -1.76018,
            43.183021,
            689.0
          ],
          [
            -1.760247,
            43.182793,
            693.25
          ],
          [
            -1.760254,
            43.182603,
            696.5
          ],
          [
            -1.7602,
            43.182455,
            700.0
          ],
          [
            -1.760121,
            43.182324,
            702.5
          ],
          [
            -1.760055,
            43.182262,
            704.25
          ],
          [
            -1.759983,
            43.182078,
            707.25
          ],
          [
            -1.759913,
            43.181926,
            710.25
          ],
          [
            -1.75988,
            43.181776,
            712.75
          ],
          [
            -1.759867,
            43.181629,
            714.75
          ],
          [
            -1.759807,
            43.181498,
            717.75
          ],
          [
            -1.759762,
            43.181366,
            720.75
          ],
          [
            -1.759719,
            43.181169,
            724.25
          ],
          [
            -1.759578,
            43.180705,
            733.25
          ],
          [
            -1.759492,
            43.180359,
            738.5
          ],
          [
            -1.759381,
            43.180144,
            741.75
          ],
          [
            -1.759326,
            43.180095,
            743.0
          ],
          [
            -1.759233,
            43.180041,
            745.5
          ],
          [
            -1.759066,
            43.179896,
            748.0
          ],
          [
            -1.758853,
            43.179737,
            750.25
          ],
          [
            -1.758698,
            43.179661,
            752.25
          ],
          [
            -1.758646,
            43.179652,
            752.75
          ],
          [
            -1.758449,
            43.179609,
            752.0
          ],
          [
            -1.758353,
            43.179549,
            751.0
          ],
          [
            -1.758226,
            43.179448,
            748.25
          ],
          [
            -1.758093,
            43.17931,
            746.75
          ],
          [
            -1.757932,
            43.179162,
            742.75
          ],
          [
            -1.757638,
            43.17879,
            740.0
          ],
          [
            -1.757554,
            43.178729,
            738.5
          ],
          [
            -1.757207,
            43.1786,
            730.0
          ],
          [
            -1.757033,
            43.178525,
            728.25
          ],
          [
            -1.756853,
            43.178437,
            726.25
          ],
          [
            -1.756718,
            43.178362,
            724.5
          ],
          [
            -1.756598,
            43.178285,
            722.25
          ],
          [
            -1.756507,
            43.178202,
            720.25
          ],
          [
            -1.756416,
            43.178052,
            718.5
          ],
          [
            -1.756389,
            43.177987,
            720.0
          ],
          [
            -1.756354,
            43.17793,
            721.75
          ],
          [
            -1.756276,
            43.177893,
            721.25
          ],
          [
            -1.755978,
            43.17787,
            716.75
          ],
          [
            -1.755721,
            43.177874,
            712.5
          ],
          [
            -1.755383,
            43.177858,
            708.0
          ],
          [
            -1.754562,
            43.177891,
            692.5
          ],
          [
            -1.754372,
            43.17788,
            691.25
          ],
          [
            -1.753935,
            43.177889,
            688.75
          ],
          [
            -1.753704,
            43.177913,
            686.75
          ],
          [
            -1.753483,
            43.177984,
            682.0
          ],
          [
            -1.753244,
            43.178044,
            678.25
          ],
          [
            -1.753059,
            43.178071,
            675.75
          ],
          [
            -1.752773,
            43.178056,
            673.75
          ],
          [
            -1.752736,
            43.178062,
            673.0
          ],
          [
            -1.752685,
            43.178071,
            671.75
          ],
          [
            -1.752449,
            43.178073,
            668.25
          ],
          [
            -1.752266,
            43.178036,
            666.25
          ],
          [
            -1.752186,
            43.178005,
            665.5
          ],
          [
            -1.752124,
            43.177972,
            664.75
          ],
          [
            -1.752068,
            43.177966,
            663.25
          ],
          [
            -1.752034,
            43.177994,
            661.75
          ],
          [
            -1.75206,
            43.178109,
            659.5
          ],
          [
            -1.752094,
            43.178214,
            656.0
          ],
          [
            -1.752166,
            43.178317,
            653.0
          ],
          [
            -1.752208,
            43.178352,
            651.75
          ],
          [
            -1.752333,
            43.178432,
            649.5
          ],
          [
            -1.752598,
            43.17853,
            645.75
          ],
          [
            -1.752629,
            43.178562,
            643.75
          ],
          [
            -1.752621,
            43.178614,
            640.75
          ],
          [
            -1.752569,
            43.178659,
            637.75
          ],
          [
            -1.752472,
            43.178687,
            636.0
          ],
          [
            -1.752329,
            43.178704,
            634.5
          ],
          [
            -1.751515,
            43.178702,
            625.0
          ],
          [
            -1.751144,
            43.178713,
            619.75
          ],
          [
            -1.750942,
            43.178725,
            616.75
          ],
          [
            -1.750727,
            43.178765,
            612.75
          ],
          [
            -1.750545,
            43.178835,
            609.75
          ],
          [
            -1.750423,
            43.178901,
            608.0
          ],
          [
            -1.750267,
            43.179007,
            603.5
          ],
          [
            -1.749957,
            43.179172,
            597.75
          ],
          [
            -1.749692,
            43.179335,
            591.25
          ],
          [
            -1.749455,
            43.179492,
            585.5
          ],
          [
            -1.749207,
            43.179626,
            581.0
          ],
          [
            -1.74891,
            43.179747,
            577.5
          ],
          [
            -1.748736,
            43.179846,
            574.0
          ],
          [
            -1.7484,
            43.180073,
            566.0
          ],
          [
            -1.747972,
            43.180382,
            555.0
          ],
          [
            -1.747834,
            43.180491,
            551.25
          ],
          [
            -1.74765,
            43.180599,
            547.5
          ],
          [
            -1.747374,
            43.180777,
            540.5
          ],
          [
            -1.746991,
            43.180994,
            531.5
          ],
          [
            -1.746917,
            43.181061,
            528.75
          ],
          [
            -1.74682,
            43.181169,
            524.75
          ],
          [
            -1.746765,
            43.181244,
            522.5
          ],
          [
            -1.746662,
            43.18134,
            519.75
          ],
          [
            -1.746478,
            43.181461,
            514.5
          ],
          [
            -1.746354,
            43.181518,
            511.75
          ],
          [
            -1.746071,
            43.181608,
            506.25
          ],
          [
            -1.745958,
            43.181657,
            503.25
          ],
          [
            -1.745855,
            43.181724,
            500.25
          ],
          [
            -1.745788,
            43.181784,
            498.25
          ],
          [
            -1.745671,
            43.181864,
            495.25
          ],
          [
            -1.745647,
            43.181882,
            494.75
          ],
          [
            -1.745597,
            43.181941,
            493.0
          ],
          [
            -1.745558,
            43.182013,
            491.75
          ],
          [
            -1.745445,
            43.182333,
            483.0
          ],
          [
            -1.745409,
            43.182442,
            479.5
          ],
          [
            -1.745381,
            43.182568,
            475.5
          ],
          [
            -1.745375,
            43.182642,
            473.0
          ],
          [
            -1.745315,
            43.182928,
            465.25
          ],
          [
            -1.745284,
            43.183005,
            463.75
          ],
          [
            -1.745163,
            43.183292,
            453.75
          ],
          [
            -1.745112,
            43.183374,
            451.25
          ],
          [
            -1.745032,
            43.183478,
            448.75
          ],
          [
            -1.744978,
            43.183573,
            447.25
          ],
          [
            -1.744888,
            43.183785,
            441.25
          ],
          [
            -1.744752,
            43.184064,
            436.5
          ],
          [
            -1.744726,
            43.184132,
            436.0
          ],
          [
            -1.744666,
            43.184459,
            427.5
          ],
          [
            -1.744632,
            43.184581,
            425.25
          ],
          [
            -1.744589,
            43.184695,
            423.75
          ],
          [
            -1.744528,
            43.184865,
            422.25
          ],
          [
            -1.74449,
            43.185014,
            421.75
          ],
          [
            -1.744434,
            43.185102,
            420.0
          ],
          [
            -1.744371,
            43.185182,
            417.0
          ],
          [
            -1.744152,
            43.185424,
            411.0
          ],
          [
            -1.744126,
            43.185487,
            410.0
          ],
          [
            -1.744143,
            43.18563,
            408.5
          ],
          [
            -1.744161,
            43.18571,
            407.0
          ],
          [
            -1.744108,
            43.186183,
            399.25
          ],
          [
            -1.744108,
            43.186255,
            398.5
          ],
          [
            -1.744082,
            43.186311,
            398.0
          ],
          [
            -1.744015,
            43.186389,
            397.5
          ],
          [
            -1.743777,
            43.186423,
            396.5
          ],
          [
            -1.743646,
            43.186321,
            396.0
          ],
          [
            -1.743578,
            43.186196,
            396.0
          ],
          [
            -1.743551,
            43.186015,
            396.0
          ],
          [
            -1.743538,
            43.185643,
            394.25
          ],
          [
            -1.7435,
            43.185507,
            392.0
          ],
          [
            -1.743354,
            43.185215,
            384.75
          ],
          [
            -1.743064,
            43.184908,
            376.5
          ],
          [
            -1.742769,
            43.184713,
            369.75
          ],
          [
            -1.742657,
            43.184649,
            369.0
          ],
          [
            -1.742534,
            43.184664,
            366.25
          ],
          [
            -1.742467,
            43.184708,
            364.5
          ],
          [
            -1.742321,
            43.18487,
            361.25
          ],
          [
            -1.742182,
            43.185054,
            355.0
          ],
          [
            -1.742015,
            43.185348,
            351.75
          ],
          [
            -1.741881,
            43.185555,
            348.5
          ],
          [
            -1.741699,
            43.185718,
            345.75
          ],
          [
            -1.741425,
            43.185877,
            340.0
          ],
          [
            -1.74101,
            43.186066,
            338.5
          ],
          [
            -1.740681,
            43.186173,
            337.25
          ],
          [
            -1.740415,
            43.186276,
            336.5
          ],
          [
            -1.740157,
            43.186349,
            334.0
          ],
          [
            -1.740087,
            43.186362,
            333.0
          ],
          [
            -1.739923,
            43.186391,
            331.75
          ],
          [
            -1.73951,
            43.186391,
            330.25
          ],
          [
            -1.738376,
            43.186412,
            323.75
          ],
          [
            -1.738612,
            43.186335,
            322.0
          ],
          [
            -1.738814,
            43.186294,
            320.5
          ],
          [
            -1.739188,
            43.186243,
            319.75
          ],
          [
            -1.739391,
            43.186176,
            318.5
          ],
          [
            -1.73943,
            43.186125,
            316.5
          ],
          [
            -1.739441,
            43.186071,
            316.75
          ],
          [
            -1.739418,
            43.186014,
            317.5
          ],
          [
            -1.739356,
            43.185969,
            316.75
          ],
          [
            -1.739259,
            43.185912,
            314.75
          ],
          [
            -1.738935,
            43.185797,
            308.25
          ],
          [
            -1.738652,
            43.185661,
            305.5
          ],
          [
            -1.738555,
            43.185628,
            304.75
          ],
          [
            -1.738442,
            43.185609,
            304.25
          ],
          [
            -1.737852,
            43.185533,
            298.25
          ],
          [
            -1.737768,
            43.185544,
            296.75
          ],
          [
            -1.737596,
            43.18563,
            295.0
          ],
          [
            -1.737505,
            43.185662,
            294.5
          ],
          [
            -1.737384,
            43.185662,
            291.5
          ],
          [
            -1.73718,
            43.185578,
            291.0
          ],
          [
            -1.73707,
            43.185549,
            290.5
          ],
          [
            -1.736756,
            43.185522,
            286.75
          ],
          [
            -1.736491,
            43.18545,
            284.75
          ],
          [
            -1.736253,
            43.185398,
            282.0
          ],
          [
            -1.736084,
            43.185349,
            280.75
          ],
          [
            -1.735994,
            43.18529,
            280.25
          ],
          [
            -1.735899,
            43.18521,
            279.0
          ],
          [
            -1.735809,
            43.185145,
            278.5
          ],
          [
            -1.735764,
            43.185131,
            277.75
          ],
          [
            -1.735672,
            43.185122,
            275.75
          ],
          [
            -1.73515,
            43.184957,
            269.0
          ],
          [
            -1.734931,
            43.184905,
            265.75
          ],
          [
            -1.734839,
            43.184855,
            265.25
          ],
          [
            -1.73479,
            43.184802,
            265.0
          ],
          [
            -1.73477,
            43.184743,
            265.5
          ],
          [
            -1.734741,
            43.184519,
            263.0
          ],
          [
            -1.73475,
            43.184242,
            260.5
          ],
          [
            -1.734801,
            43.18395,
            257.5
          ],
          [
            -1.734866,
            43.18362,
            255.75
          ],
          [
            -1.734917,
            43.183301,
            250.0
          ],
          [
            -1.735024,
            43.183013,
            247.0
          ],
          [
            -1.735441,
            43.182167,
            242.25
          ],
          [
            -1.735672,
            43.181544,
            232.5
          ],
          [
            -1.735791,
            43.181199,
            227.5
          ],
          [
            -1.735953,
            43.180934,
            227.25
          ],
          [
            -1.736023,
            43.180756,
            225.25
          ],
          [
            -1.736074,
            43.180353,
            219.0
          ],
          [
            -1.736115,
            43.180176,
            216.5
          ],
          [
            -1.7362,
            43.179969,
            215.25
          ],
          [
            -1.736202,
            43.179913,
            214.75
          ],
          [
            -1.736181,
            43.179851,
            213.5
          ],
          [
            -1.73615,
            43.179812,
            212.25
          ],
          [
            -1.736083,
            43.179753,
            210.75
          ],
          [
            -1.735899,
            43.179648,
            210.5
          ],
          [
            -1.735802,
            43.179622,
            210.25
          ],
          [
            -1.735602,
            43.179602,
            210.5
          ],
          [
            -1.735501,
            43.179609,
            211.0
          ],
          [
            -1.735394,
            43.17963,
            211.75
          ],
          [
            -1.735314,
            43.179678,
            212.0
          ],
          [
            -1.734829,
            43.18024,
            217.75
          ],
          [
            -1.73462,
            43.180552,
            215.5
          ],
          [
            -1.734483,
            43.180756,
            215.5
          ],
          [
            -1.734226,
            43.181096,
            218.0
          ],
          [
            -1.733963,
            43.181396,
            219.25
          ],
          [
            -1.733797,
            43.181543,
            221.5
          ],
          [
            -1.733637,
            43.181658,
            223.25
          ],
          [
            -1.733498,
            43.181715,
            223.75
          ],
          [
            -1.733321,
            43.181723,
            224.5
          ],
          [
            -1.73318,
            43.181695,
            224.5
          ],
          [
            -1.732963,
            43.181578,
            229.5
          ],
          [
            -1.732654,
            43.181396,
            230.5
          ],
          [
            -1.732584,
            43.181374,
            229.5
          ],
          [
            -1.732529,
            43.181392,
            227.5
          ],
          [
            -1.732492,
            43.181404,
            227.25
          ],
          [
            -1.732422,
            43.181749,
            231.75
          ],
          [
            -1.732334,
            43.18192,
            233.5
          ],
          [
            -1.732233,
            43.18205,
            234.25
          ],
          [
            -1.732134,
            43.182114,
            233.75
          ],
          [
            -1.732026,
            43.182141,
            233.25
          ],
          [
            -1.731913,
            43.182092,
            235.5
          ],
          [
            -1.731789,
            43.182022,
            238.5
          ],
          [
            -1.73164,
            43.181925,
            241.0
          ],
          [
            -1.731505,
            43.181823,
            246.25
          ],
          [
            -1.731354,
            43.181779,
            247.75
          ],
          [
            -1.73127,
            43.181782,
            248.25
          ],
          [
            -1.73121,
            43.181835,
            248.5
          ],
          [
            -1.731247,
            43.182097,
            250.0
          ],
          [
            -1.731285,
            43.182226,
            251.0
          ],
          [
            -1.73134,
            43.182369,
            253.25
          ],
          [
            -1.731439,
            43.182511,
            254.75
          ],
          [
            -1.73159,
            43.182643,
            257.5
          ],
          [
            -1.731762,
            43.182733,
            258.75
          ],
          [
            -1.731953,
            43.182846,
            260.75
          ],
          [
            -1.732258,
            43.183106,
            264.0
          ],
          [
            -1.732397,
            43.183284,
            267.0
          ],
          [
            -1.73244,
            43.18342,
            268.25
          ],
          [
            -1.732429,
            43.183521,
            269.5
          ],
          [
            -1.732377,
            43.183691,
            271.75
          ],
          [
            -1.732026,
            43.184387,
            280.25
          ],
          [
            -1.731844,
            43.184655,
            281.0
          ],
          [
            -1.731759,
            43.184732,
            281.25
          ],
          [
            -1.731619,
            43.184771,
            281.75
          ],
          [
            -1.731526,
            43.184783,
            281.0
          ],
          [
            -1.731338,
            43.184756,
            280.0
          ],
          [
            -1.731123,
            43.184703,
            279.0
          ],
          [
            -1.731005,
            43.184695,
            278.75
          ],
          [
            -1.730874,
            43.184715,
            277.5
          ],
          [
            -1.730745,
            43.184756,
            276.25
          ],
          [
            -1.729945,
            43.185115,
            270.0
          ],
          [
            -1.729771,
            43.185138,
            269.25
          ],
          [
            -1.729392,
            43.185107,
            268.75
          ],
          [
            -1.729214,
            43.185107,
            267.25
          ],
          [
            -1.729135,
            43.185138,
            267.0
          ],
          [
            -1.729086,
            43.185187,
            267.25
          ],
          [
            -1.729065,
            43.185308,
            267.25
          ],
          [
            -1.729101,
            43.185437,
            267.75
          ],
          [
            -1.729222,
            43.185564,
            265.5
          ],
          [
            -1.729401,
            43.185671,
            264.25
          ],
          [
            -1.72997,
            43.185951,
            263.5
          ],
          [
            -1.730295,
            43.186133,
            264.75
          ],
          [
            -1.730488,
            43.186341,
            265.0
          ],
          [
            -1.730556,
            43.186571,
            265.5
          ],
          [
            -1.730507,
            43.186751,
            265.25
          ],
          [
            -1.73028,
            43.187185,
            264.5
          ],
          [
            -1.730139,
            43.187386,
            263.0
          ],
          [
            -1.729965,
            43.187567,
            263.25
          ],
          [
            -1.729894,
            43.187662,
            263.25
          ],
          [
            -1.729834,
            43.187844,
            262.25
          ],
          [
            -1.729827,
            43.188041,
            260.5
          ],
          [
            -1.729838,
            43.188219,
            259.25
          ],
          [
            -1.729739,
            43.188407,
            258.5
          ],
          [
            -1.729643,
            43.188516,
            257.75
          ],
          [
            -1.729562,
            43.188637,
            257.5
          ],
          [
            -1.729484,
            43.188963,
            260.75
          ],
          [
            -1.72946,
            43.18911,
            260.75
          ],
          [
            -1.729442,
            43.189223,
            260.25
          ],
          [
            -1.729457,
            43.189342,
            258.75
          ],
          [
            -1.729491,
            43.18969,
            255.25
          ],
          [
            -1.729484,
            43.19001,
            252.25
          ],
          [
            -1.729395,
            43.190323,
            249.5
          ],
          [
            -1.729367,
            43.190423,
            248.5
          ],
          [
            -1.729304,
            43.1905,
            247.25
          ],
          [
            -1.729229,
            43.190539,
            245.75
          ],
          [
            -1.729045,
            43.190516,
            244.0
          ],
          [
            -1.728564,
            43.190364,
            240.0
          ],
          [
            -1.728111,
            43.190289,
            234.75
          ],
          [
            -1.727831,
            43.19032,
            233.25
          ],
          [
            -1.727566,
            43.19039,
            231.0
          ],
          [
            -1.727046,
            43.190569,
            226.75
          ],
          [
            -1.726787,
            43.190776,
            220.75
          ],
          [
            -1.726713,
            43.190948,
            219.0
          ],
          [
            -1.726733,
            43.191021,
            217.5
          ],
          [
            -1.726798,
            43.191102,
            215.5
          ],
          [
            -1.726858,
            43.191161,
            219.25
          ],
          [
            -1.726954,
            43.191192,
            221.75
          ],
          [
            -1.727113,
            43.1912,
            225.5
          ],
          [
            -1.727297,
            43.191164,
            225.0
          ],
          [
            -1.727516,
            43.191097,
            221.25
          ],
          [
            -1.727757,
            43.191076,
            221.75
          ],
          [
            -1.727959,
            43.191102,
            222.75
          ],
          [
            -1.728107,
            43.191207,
            225.0
          ],
          [
            -1.728932,
            43.192157,
            232.0
          ],
          [
            -1.729024,
            43.192312,
            231.0
          ],
          [
            -1.729086,
            43.192476,
            230.0
          ],
          [
            -1.729163,
            43.192834,
            230.0
          ],
          [
            -1.729162,
            43.192897,
            230.0
          ],
          [
            -1.729151,
            43.192948,
            230.0
          ],
          [
            -1.729121,
            43.193016,
            230.5
          ],
          [
            -1.729079,
            43.193055,
            230.75
          ],
          [
            -1.729041,
            43.193091,
            230.5
          ],
          [
            -1.728943,
            43.193122,
            230.25
          ],
          [
            -1.728309,
            43.193197,
            235.75
          ],
          [
            -1.727881,
            43.19328,
            239.5
          ],
          [
            -1.727583,
            43.193357,
            241.0
          ],
          [
            -1.727272,
            43.19347,
            245.75
          ],
          [
            -1.727021,
            43.193571,
            249.0
          ],
          [
            -1.726745,
            43.193734,
            253.75
          ],
          [
            -1.726469,
            43.193948,
            256.25
          ],
          [
            -1.726235,
            43.194108,
            258.75
          ],
          [
            -1.726001,
            43.194309,
            261.0
          ],
          [
            -1.725736,
            43.194652,
            265.25
          ],
          [
            -1.725548,
            43.194863,
            268.0
          ],
          [
            -1.725362,
            43.195176,
            268.75
          ],
          [
            -1.725406,
            43.195214,
            268.0
          ],
          [
            -1.725582,
            43.195366,
            269.0
          ],
          [
            -1.725749,
            43.195429,
            269.5
          ],
          [
            -1.72599,
            43.195582,
            272.0
          ],
          [
            -1.725847,
            43.195729,
            273.0
          ],
          [
            -1.725851,
            43.195898,
            274.0
          ],
          [
            -1.725862,
            43.196001,
            274.5
          ],
          [
            -1.725874,
            43.196181,
            274.5
          ],
          [
            -1.725866,
            43.196268,
            274.25
          ],
          [
            -1.726084,
            43.196348,
            272.25
          ],
          [
            -1.725971,
            43.196486,
            272.25
          ],
          [
            -1.725857,
            43.196648,
            271.0
          ],
          [
            -1.725977,
            43.19688,
            267.5
          ],
          [
            -1.72601,
            43.196969,
            265.5
          ],
          [
            -1.72599,
            43.197058,
            263.25
          ],
          [
            -1.725947,
            43.197135,
            260.75
          ],
          [
            -1.725871,
            43.197209,
            257.75
          ],
          [
            -1.725835,
            43.197265,
            255.5
          ],
          [
            -1.725874,
            43.197325,
            254.0
          ],
          [
            -1.725888,
            43.197376,
            252.25
          ],
          [
            -1.725851,
            43.197395,
            251.5
          ],
          [
            -1.725726,
            43.197402,
            250.75
          ],
          [
            -1.725491,
            43.197441,
            248.75
          ],
          [
            -1.725261,
            43.197526,
            245.5
          ],
          [
            -1.725076,
            43.197589,
            247.0
          ],
          [
            -1.725042,
            43.197639,
            247.5
          ],
          [
            -1.72506,
            43.197679,
            247.0
          ],
          [
            -1.72523,
            43.197763,
            241.75
          ],
          [
            -1.725349,
            43.197814,
            239.5
          ],
          [
            -1.725455,
            43.197872,
            238.5
          ],
          [
            -1.725718,
            43.198059,
            231.75
          ],
          [
            -1.72598,
            43.198309,
            225.75
          ],
          [
            -1.726054,
            43.198397,
            223.0
          ],
          [
            -1.726117,
            43.198576,
            218.5
          ],
          [
            -1.726251,
            43.198674,
            215.25
          ],
          [
            -1.726337,
            43.198743,
            214.0
          ],
          [
            -1.72641,
            43.198812,
            212.75
          ],
          [
            -1.726452,
            43.19894,
            211.0
          ],
          [
            -1.726477,
            43.199082,
            208.0
          ],
          [
            -1.726518,
            43.199289,
            203.75
          ],
          [
            -1.726528,
            43.199439,
            202.0
          ],
          [
            -1.72652,
            43.199518,
            199.25
          ],
          [
            -1.726463,
            43.19964,
            196.5
          ],
          [
            -1.726378,
            43.199811,
            193.25
          ],
          [
            -1.726345,
            43.199917,
            191.0
          ],
          [
            -1.72633,
            43.20005,
            188.0
          ],
          [
            -1.726337,
            43.200122,
            187.0
          ],
          [
            -1.72636,
            43.200164,
            185.75
          ],
          [
            -1.726471,
            43.200287,
            182.0
          ],
          [
            -1.726572,
            43.200424,
            178.25
          ],
          [
            -1.72658,
            43.200446,
            178.0
          ],
          [
            -1.726572,
            43.200484,
            177.75
          ],
          [
            -1.726541,
            43.200553,
            177.25
          ],
          [
            -1.726254,
            43.200872,
            163.25
          ],
          [
            -1.725925,
            43.201193,
            152.0
          ],
          [
            -1.725834,
            43.201265,
            150.0
          ],
          [
            -1.725671,
            43.201359,
            147.75
          ],
          [
            -1.725557,
            43.201417,
            147.25
          ],
          [
            -1.725489,
            43.201472,
            147.0
          ],
          [
            -1.72545,
            43.201533,
            145.75
          ],
          [
            -1.725422,
            43.201567,
            145.0
          ],
          [
            -1.725362,
            43.20167,
            142.25
          ],
          [
            -1.725262,
            43.201913,
            140.25
          ],
          [
            -1.725239,
            43.202005,
            139.0
          ],
          [
            -1.725231,
            43.202083,
            137.75
          ],
          [
            -1.725237,
            43.202151,
            136.75
          ],
          [
            -1.725313,
            43.202414,
            133.25
          ],
          [
            -1.725363,
            43.202565,
            134.25
          ],
          [
            -1.725315,
            43.202614,
            135.25
          ],
          [
            -1.7252,
            43.202629,
            135.25
          ],
          [
            -1.724347,
            43.202791,
            134.0
          ],
          [
            -1.723895,
            43.202886,
            134.75
          ],
          [
            -1.723691,
            43.202907,
            134.0
          ],
          [
            -1.723578,
            43.202908,
            133.75
          ],
          [
            -1.723452,
            43.202894,
            133.25
          ],
          [
            -1.723172,
            43.202851,
            132.25
          ],
          [
            -1.722913,
            43.202803,
            131.25
          ],
          [
            -1.72277,
            43.202798,
            131.25
          ],
          [
            -1.722682,
            43.202803,
            131.25
          ],
          [
            -1.72231,
            43.202884,
            132.0
          ],
          [
            -1.72218,
            43.202897,
            132.0
          ],
          [
            -1.722008,
            43.202888,
            131.75
          ],
          [
            -1.721773,
            43.202865,
            131.0
          ],
          [
            -1.721549,
            43.202859,
            130.75
          ],
          [
            -1.721273,
            43.202872,
            130.5
          ],
          [
            -1.7212,
            43.202884,
            130.75
          ],
          [
            -1.721027,
            43.202929,
            131.0
          ],
          [
            -1.720212,
            43.203188,
            137.5
          ],
          [
            -1.719895,
            43.203283,
            138.25
          ],
          [
            -1.719804,
            43.203304,
            137.5
          ],
          [
            -1.719593,
            43.203303,
            135.75
          ],
          [
            -1.719433,
            43.203315,
            135.5
          ],
          [
            -1.719343,
            43.203345,
            134.75
          ],
          [
            -1.719266,
            43.203383,
            134.0
          ],
          [
            -1.719187,
            43.20349,
            133.0
          ],
          [
            -1.719155,
            43.203547,
            132.5
          ],
          [
            -1.719107,
            43.203587,
            132.5
          ],
          [
            -1.718938,
            43.203597,
            132.0
          ],
          [
            -1.718787,
            43.203587,
            132.0
          ],
          [
            -1.71852,
            43.203589,
            132.25
          ],
          [
            -1.718394,
            43.20358,
            131.75
          ],
          [
            -1.718166,
            43.203587,
            131.5
          ],
          [
            -1.718078,
            43.203602,
            131.75
          ],
          [
            -1.718006,
            43.203624,
            131.25
          ],
          [
            -1.717954,
            43.203649,
            131.25
          ],
          [
            -1.717716,
            43.203725,
            131.5
          ],
          [
            -1.717612,
            43.20377,
            133.25
          ],
          [
            -1.716939,
            43.203944,
            130.25
          ],
          [
            -1.716465,
            43.204109,
            132.0
          ],
          [
            -1.716205,
            43.204171,
            130.5
          ],
          [
            -1.715974,
            43.204235,
            131.75
          ],
          [
            -1.715735,
            43.204291,
            132.25
          ],
          [
            -1.714858,
            43.204433,
            129.5
          ],
          [
            -1.714723,
            43.204484,
            130.0
          ],
          [
            -1.714591,
            43.204543,
            130.25
          ],
          [
            -1.714443,
            43.204647,
            131.0
          ],
          [
            -1.714314,
            43.20476,
            130.75
          ],
          [
            -1.714159,
            43.204879,
            130.5
          ],
          [
            -1.71396,
            43.205,
            128.5
          ],
          [
            -1.713844,
            43.205052,
            127.0
          ],
          [
            -1.713666,
            43.205109,
            124.75
          ],
          [
            -1.713487,
            43.205178,
            123.5
          ],
          [
            -1.713307,
            43.205261,
            121.5
          ],
          [
            -1.713166,
            43.205352,
            121.5
          ],
          [
            -1.713008,
            43.205513,
            120.75
          ],
          [
            -1.71288,
            43.205721,
            122.25
          ],
          [
            -1.712797,
            43.205878,
            122.75
          ],
          [
            -1.712707,
            43.206074,
            124.5
          ],
          [
            -1.712593,
            43.206267,
            126.5
          ],
          [
            -1.712519,
            43.206342,
            124.75
          ],
          [
            -1.712298,
            43.206521,
            126.25
          ],
          [
            -1.711692,
            43.206907,
            120.25
          ],
          [
            -1.711524,
            43.206992,
            118.0
          ],
          [
            -1.711437,
            43.207011,
            117.0
          ],
          [
            -1.711413,
            43.207014,
            116.75
          ],
          [
            -1.711384,
            43.207009,
            116.25
          ],
          [
            -1.711228,
            43.206958,
            116.75
          ],
          [
            -1.711134,
            43.206943,
            117.75
          ],
          [
            -1.710796,
            43.206996,
            116.75
          ],
          [
            -1.710614,
            43.207016,
            116.25
          ],
          [
            -1.71001,
            43.207027,
            116.25
          ],
          [
            -1.709883,
            43.207054,
            117.75
          ],
          [
            -1.709674,
            43.207137,
            119.25
          ],
          [
            -1.709531,
            43.207208,
            120.5
          ],
          [
            -1.709411,
            43.207273,
            121.5
          ],
          [
            -1.70933,
            43.207329,
            122.5
          ],
          [
            -1.709112,
            43.207521,
            124.0
          ],
          [
            -1.708832,
            43.2079,
            126.0
          ],
          [
            -1.708779,
            43.207899,
            128.25
          ],
          [
            -1.708456,
            43.208654,
            123.0
          ],
          [
            -1.708302,
            43.208931,
            121.0
          ],
          [
            -1.70807,
            43.209236,
            118.0
          ],
          [
            -1.707803,
            43.209899,
            118.0
          ],
          [
            -1.707695,
            43.210058,
            118.0
          ],
          [
            -1.707468,
            43.210274,
            116.0
          ],
          [
            -1.707338,
            43.210343,
            117.75
          ],
          [
            -1.706628,
            43.210613,
            119.5
          ],
          [
            -1.706592,
            43.210634,
            120.0
          ],
          [
            -1.706579,
            43.210676,
            119.0
          ],
          [
            -1.706615,
            43.210772,
            115.5
          ],
          [
            -1.706619,
            43.2109,
            117.0
          ],
          [
            -1.706578,
            43.21095,
            118.0
          ],
          [
            -1.70651,
            43.211049,
            119.5
          ],
          [
            -1.706393,
            43.211141,
            118.0
          ],
          [
            -1.706223,
            43.211318,
            121.5
          ],
          [
            -1.706031,
            43.211485,
            119.75
          ],
          [
            -1.705691,
            43.211748,
            120.5
          ],
          [
            -1.705313,
            43.212029,
            123.5
          ],
          [
            -1.70511,
            43.212167,
            124.25
          ],
          [
            -1.704955,
            43.212231,
            121.0
          ],
          [
            -1.704837,
            43.212262,
            121.75
          ],
          [
            -1.704407,
            43.212335,
            120.0
          ],
          [
            -1.704214,
            43.212395,
            117.5
          ],
          [
            -1.704124,
            43.212443,
            117.0
          ],
          [
            -1.704041,
            43.212536,
            115.5
          ],
          [
            -1.704025,
            43.212612,
            114.5
          ],
          [
            -1.704044,
            43.212683,
            114.5
          ],
          [
            -1.704171,
            43.212817,
            116.25
          ],
          [
            -1.704284,
            43.212968,
            119.25
          ],
          [
            -1.704304,
            43.213084,
            119.75
          ],
          [
            -1.704272,
            43.213171,
            123.0
          ],
          [
            -1.704209,
            43.213235,
            120.0
          ],
          [
            -1.704106,
            43.213313,
            116.5
          ],
          [
            -1.703887,
            43.213416,
            117.0
          ],
          [
            -1.703783,
            43.213481,
            115.75
          ],
          [
            -1.703749,
            43.213566,
            117.25
          ],
          [
            -1.703744,
            43.213652,
            117.75
          ],
          [
            -1.703782,
            43.213772,
            116.75
          ],
          [
            -1.703973,
            43.214069,
            120.75
          ],
          [
            -1.703982,
            43.214176,
            120.25
          ],
          [
            -1.703863,
            43.214457,
            122.25
          ],
          [
            -1.703708,
            43.215357,
            124.75
          ],
          [
            -1.703711,
            43.215578,
            125.5
          ],
          [
            -1.70372,
            43.215652,
            123.0
          ],
          [
            -1.70379,
            43.215737,
            123.25
          ],
          [
            -1.703946,
            43.215884,
            125.25
          ],
          [
            -1.704056,
            43.216031,
            127.25
          ],
          [
            -1.704065,
            43.216231,
            125.75
          ],
          [
            -1.70401,
            43.216398,
            123.5
          ],
          [
            -1.703882,
            43.216558,
            123.75
          ],
          [
            -1.70358,
            43.216845,
            121.0
          ],
          [
            -1.703525,
            43.216985,
            122.25
          ],
          [
            -1.70347,
            43.217232,
            124.0
          ],
          [
            -1.703424,
            43.217378,
            120.75
          ],
          [
            -1.703405,
            43.21741,
            120.25
          ],
          [
            -1.703401,
            43.217414,
            120.0
          ],
          [
            -1.703332,
            43.21747,
            119.75
          ],
          [
            -1.703271,
            43.217497,
            120.25
          ],
          [
            -1.703184,
            43.217492,
            121.0
          ],
          [
            -1.703108,
            43.217458,
            121.25
          ],
          [
            -1.703029,
            43.217395,
            122.5
          ],
          [
            -1.703004,
            43.217293,
            123.0
          ],
          [
            -1.703001,
            43.217174,
            122.25
          ],
          [
            -1.703012,
            43.217071,
            121.75
          ],
          [
            -1.702957,
            43.216972,
            123.25
          ],
          [
            -1.702865,
            43.216913,
            122.5
          ],
          [
            -1.702742,
            43.216864,
            121.0
          ],
          [
            -1.702587,
            43.216838,
            122.5
          ],
          [
            -1.702447,
            43.216831,
            123.75
          ],
          [
            -1.702306,
            43.216848,
            124.5
          ],
          [
            -1.702188,
            43.216898,
            127.0
          ],
          [
            -1.702087,
            43.216978,
            127.75
          ],
          [
            -1.702016,
            43.217062,
            128.5
          ],
          [
            -1.701789,
            43.217424,
            129.5
          ],
          [
            -1.701756,
            43.217657,
            133.75
          ],
          [
            -1.701696,
            43.217737,
            134.25
          ],
          [
            -1.701575,
            43.217772,
            134.75
          ],
          [
            -1.701368,
            43.217785,
            135.5
          ],
          [
            -1.701088,
            43.217771,
            136.75
          ],
          [
            -1.700906,
            43.217746,
            138.75
          ],
          [
            -1.700714,
            43.217626,
            139.25
          ],
          [
            -1.700561,
            43.217507,
            139.0
          ],
          [
            -1.700449,
            43.217332,
            140.0
          ],
          [
            -1.700382,
            43.21715,
            138.75
          ],
          [
            -1.700228,
            43.217029,
            142.0
          ],
          [
            -1.700163,
            43.217031,
            141.75
          ],
          [
            -1.700137,
            43.217032,
            141.5
          ],
          [
            -1.700026,
            43.217094,
            142.75
          ],
          [
            -1.699954,
            43.217172,
            142.5
          ],
          [
            -1.699789,
            43.217405,
            144.5
          ],
          [
            -1.699509,
            43.217691,
            145.25
          ],
          [
            -1.699437,
            43.217811,
            147.0
          ],
          [
            -1.699365,
            43.217977,
            145.5
          ],
          [
            -1.699251,
            43.218583,
            151.75
          ],
          [
            -1.69916,
            43.218803,
            152.5
          ],
          [
            -1.699105,
            43.21889,
            153.5
          ],
          [
            -1.699028,
            43.218946,
            154.75
          ],
          [
            -1.698913,
            43.219002,
            155.75
          ],
          [
            -1.698217,
            43.219189,
            157.5
          ],
          [
            -1.698068,
            43.21921,
            158.0
          ],
          [
            -1.697885,
            43.219211,
            158.75
          ],
          [
            -1.697558,
            43.219175,
            157.75
          ],
          [
            -1.697417,
            43.219189,
            157.75
          ],
          [
            -1.697324,
            43.219237,
            158.0
          ],
          [
            -1.69705,
            43.219614,
            162.25
          ],
          [
            -1.696943,
            43.219754,
            163.25
          ],
          [
            -1.696903,
            43.21986,
            162.0
          ],
          [
            -1.696897,
            43.219936,
            162.0
          ],
          [
            -1.696931,
            43.22003,
            164.0
          ],
          [
            -1.696991,
            43.220106,
            164.25
          ],
          [
            -1.697113,
            43.220171,
            165.5
          ],
          [
            -1.697317,
            43.220214,
            167.5
          ],
          [
            -1.697558,
            43.220237,
            169.0
          ],
          [
            -1.697625,
            43.220271,
            168.0
          ],
          [
            -1.697654,
            43.220322,
            168.75
          ],
          [
            -1.697665,
            43.220388,
            170.0
          ],
          [
            -1.69762,
            43.220454,
            171.0
          ],
          [
            -1.697491,
            43.220514,
            171.75
          ],
          [
            -1.697226,
            43.220585,
            171.5
          ],
          [
            -1.697024,
            43.220632,
            172.75
          ],
          [
            -1.696878,
            43.220635,
            173.5
          ],
          [
            -1.69642,
            43.220581,
            175.75
          ],
          [
            -1.696291,
            43.220599,
            176.0
          ],
          [
            -1.696188,
            43.220638,
            176.25
          ],
          [
            -1.696122,
            43.220703,
            176.75
          ],
          [
            -1.696102,
            43.220746,
            176.75
          ],
          [
            -1.696073,
            43.220856,
            177.0
          ],
          [
            -1.696094,
            43.22151,
            179.5
          ],
          [
            -1.696134,
            43.221686,
            180.75
          ],
          [
            -1.696402,
            43.222236,
            182.5
          ],
          [
            -1.696398,
            43.222371,
            182.75
          ],
          [
            -1.696258,
            43.22253,
            181.25
          ],
          [
            -1.695967,
            43.222776,
            182.75
          ],
          [
            -1.695743,
            43.223063,
            184.5
          ],
          [
            -1.695479,
            43.22336,
            185.75
          ],
          [
            -1.695278,
            43.223465,
            184.25
          ],
          [
            -1.695073,
            43.223502,
            182.0
          ],
          [
            -1.694831,
            43.223526,
            182.0
          ],
          [
            -1.694793,
            43.223526,
            182.0
          ],
          [
            -1.694758,
            43.223535,
            182.5
          ],
          [
            -1.694728,
            43.223551,
            183.25
          ],
          [
            -1.694706,
            43.223573,
            183.75
          ],
          [
            -1.694696,
            43.2236,
            184.5
          ],
          [
            -1.694697,
            43.223627,
            184.75
          ],
          [
            -1.694709,
            43.223653,
            185.0
          ],
          [
            -1.694688,
            43.223828,
            183.75
          ],
          [
            -1.694666,
            43.224101,
            183.25
          ],
          [
            -1.69464,
            43.224154,
            182.75
          ],
          [
            -1.694594,
            43.2242,
            182.25
          ],
          [
            -1.69451,
            43.224235,
            181.5
          ],
          [
            -1.694431,
            43.224246,
            180.75
          ],
          [
            -1.694337,
            43.224209,
            180.25
          ],
          [
            -1.694243,
            43.22422,
            180.5
          ],
          [
            -1.69403,
            43.223945,
            175.75
          ],
          [
            -1.693923,
            43.223899,
            175.0
          ],
          [
            -1.693791,
            43.223881,
            173.75
          ],
          [
            -1.693656,
            43.223908,
            173.75
          ],
          [
            -1.693554,
            43.223968,
            173.75
          ],
          [
            -1.693285,
            43.224144,
            169.25
          ],
          [
            -1.6931,
            43.224468,
            167.5
          ],
          [
            -1.69315,
            43.224524,
            170.5
          ],
          [
            -1.693146,
            43.224691,
            169.75
          ],
          [
            -1.693083,
            43.224811,
            169.5
          ],
          [
            -1.693039,
            43.224832,
            168.75
          ],
          [
            -1.692994,
            43.224854,
            168.75
          ],
          [
            -1.692849,
            43.224886,
            167.75
          ],
          [
            -1.692644,
            43.224877,
            166.5
          ],
          [
            -1.692012,
            43.224724,
            160.25
          ],
          [
            -1.69188,
            43.224711,
            158.75
          ],
          [
            -1.690987,
            43.224924,
            157.0
          ],
          [
            -1.690804,
            43.224957,
            155.25
          ],
          [
            -1.690568,
            43.224972,
            152.75
          ],
          [
            -1.6905,
            43.225007,
            152.25
          ],
          [
            -1.690456,
            43.225078,
            152.75
          ],
          [
            -1.690396,
            43.225153,
            152.25
          ],
          [
            -1.690373,
            43.225283,
            154.0
          ],
          [
            -1.690391,
            43.225479,
            155.25
          ],
          [
            -1.690382,
            43.225571,
            155.75
          ],
          [
            -1.690327,
            43.22566,
            158.5
          ],
          [
            -1.690218,
            43.225718,
            156.5
          ],
          [
            -1.69003,
            43.225756,
            147.25
          ],
          [
            -1.689923,
            43.225829,
            146.75
          ],
          [
            -1.689872,
            43.225914,
            148.25
          ],
          [
            -1.68978,
            43.226004,
            148.0
          ],
          [
            -1.689632,
            43.226065,
            146.75
          ],
          [
            -1.689524,
            43.226089,
            146.5
          ],
          [
            -1.689391,
            43.22609,
            144.25
          ],
          [
            -1.689109,
            43.226171,
            142.5
          ],
          [
            -1.688963,
            43.226252,
            141.25
          ],
          [
            -1.688862,
            43.226319,
            139.75
          ],
          [
            -1.688771,
            43.226419,
            140.5
          ],
          [
            -1.688634,
            43.226632,
            138.75
          ],
          [
            -1.688581,
            43.226688,
            138.75
          ],
          [
            -1.688496,
            43.226732,
            141.0
          ],
          [
            -1.688387,
            43.226735,
            140.75
          ],
          [
            -1.688277,
            43.226699,
            139.5
          ],
          [
            -1.688011,
            43.226492,
            136.0
          ],
          [
            -1.687727,
            43.226172,
            133.25
          ],
          [
            -1.687382,
            43.225979,
            129.25
          ],
          [
            -1.687288,
            43.225997,
            132.25
          ],
          [
            -1.687208,
            43.226003,
            134.0
          ],
          [
            -1.687041,
            43.225999,
            133.75
          ],
          [
            -1.686965,
            43.226011,
            134.25
          ],
          [
            -1.686899,
            43.226037,
            134.25
          ],
          [
            -1.686679,
            43.22616,
            133.75
          ],
          [
            -1.686483,
            43.22623,
            134.75
          ],
          [
            -1.686232,
            43.226297,
            135.5
          ],
          [
            -1.686189,
            43.226319,
            136.0
          ],
          [
            -1.686158,
            43.226356,
            137.25
          ],
          [
            -1.686142,
            43.226407,
            138.25
          ],
          [
            -1.686151,
            43.226457,
            138.0
          ],
          [
            -1.686178,
            43.226528,
            138.25
          ],
          [
            -1.686291,
            43.226627,
            142.25
          ],
          [
            -1.68657,
            43.226921,
            152.0
          ],
          [
            -1.686593,
            43.22697,
            153.5
          ],
          [
            -1.686599,
            43.227041,
            154.75
          ],
          [
            -1.686567,
            43.227135,
            155.75
          ],
          [
            -1.686528,
            43.227196,
            156.25
          ],
          [
            -1.686496,
            43.22722,
            156.25
          ],
          [
            -1.686395,
            43.227258,
            156.25
          ],
          [
            -1.686369,
            43.227275,
            156.5
          ],
          [
            -1.686354,
            43.227308,
            157.5
          ],
          [
            -1.686369,
            43.227337,
            158.75
          ],
          [
            -1.686218,
            43.227328,
            156.25
          ],
          [
            -1.686084,
            43.227374,
            155.75
          ],
          [
            -1.685752,
            43.227456,
            154.0
          ],
          [
            -1.685569,
            43.227459,
            152.75
          ],
          [
            -1.685248,
            43.227372,
            149.5
          ],
          [
            -1.68504,
            43.227346,
            147.5
          ],
          [
            -1.684786,
            43.227328,
            144.0
          ],
          [
            -1.68445,
            43.227318,
            137.5
          ],
          [
            -1.684302,
            43.227279,
            132.25
          ],
          [
            -1.684143,
            43.227292,
            129.75
          ],
          [
            -1.68396,
            43.227328,
            125.75
          ],
          [
            -1.683833,
            43.227377,
            123.25
          ],
          [
            -1.683769,
            43.227438,
            122.25
          ],
          [
            -1.683692,
            43.227577,
            121.25
          ],
          [
            -1.683589,
            43.227739,
            117.75
          ],
          [
            -1.683508,
            43.227917,
            115.25
          ],
          [
            -1.683378,
            43.228274,
            112.0
          ],
          [
            -1.683261,
            43.228395,
            109.25
          ],
          [
            -1.683117,
            43.228487,
            107.75
          ],
          [
            -1.682954,
            43.228606,
            107.0
          ],
          [
            -1.682764,
            43.228716,
            103.75
          ],
          [
            -1.682594,
            43.228791,
            101.75
          ],
          [
            -1.682418,
            43.228827,
            97.75
          ],
          [
            -1.682245,
            43.228891,
            95.75
          ],
          [
            -1.682121,
            43.228984,
            94.25
          ],
          [
            -1.681991,
            43.229107,
            91.25
          ],
          [
            -1.681927,
            43.229218,
            89.75
          ],
          [
            -1.681811,
            43.229385,
            87.5
          ],
          [
            -1.681691,
            43.229369,
            84.5
          ],
          [
            -1.681526,
            43.229269,
            80.75
          ],
          [
            -1.681483,
            43.229314,
            80.25
          ],
          [
            -1.681338,
            43.229381,
            79.25
          ],
          [
            -1.681144,
            43.229441,
            78.25
          ],
          [
            -1.681101,
            43.229454,
            78.0
          ],
          [
            -1.680949,
            43.229478,
            77.25
          ],
          [
            -1.68084,
            43.229494,
            76.75
          ],
          [
            -1.680811,
            43.229499,
            76.75
          ],
          [
            -1.680751,
            43.229508,
            76.75
          ],
          [
            -1.680642,
            43.229512,
            76.5
          ],
          [
            -1.680577,
            43.229494,
            76.0
          ],
          [
            -1.680516,
            43.229458,
            75.25
          ],
          [
            -1.680473,
            43.229401,
            74.75
          ],
          [
            -1.680458,
            43.22934,
            74.25
          ],
          [
            -1.680461,
            43.229095,
            71.25
          ],
          [
            -1.680437,
            43.229031,
            70.5
          ],
          [
            -1.680379,
            43.22895,
            70.25
          ],
          [
            -1.680169,
            43.228745,
            67.5
          ],
          [
            -1.680045,
            43.228622,
            66.25
          ],
          [
            -1.679956,
            43.228546,
            65.25
          ],
          [
            -1.67983,
            43.228465,
            63.5
          ],
          [
            -1.679682,
            43.228396,
            63.0
          ],
          [
            -1.679623,
            43.228377,
            63.25
          ],
          [
            -1.679281,
            43.228273,
            62.0
          ],
          [
            -1.67922,
            43.228259,
            61.75
          ],
          [
            -1.679235,
            43.228173,
            61.0
          ],
          [
            -1.679237,
            43.227961,
            61.75
          ],
          [
            -1.679234,
            43.227879,
            63.0
          ],
          [
            -1.679224,
            43.227815,
            63.75
          ],
          [
            -1.67919,
            43.227821,
            63.0
          ],
          [
            -1.678987,
            43.22747,
            64.5
          ],
          [
            -1.678867,
            43.227303,
            63.0
          ],
          [
            -1.678778,
            43.227214,
            62.75
          ],
          [
            -1.678618,
            43.227088,
            62.0
          ],
          [
            -1.67833,
            43.226886,
            62.25
          ],
          [
            -1.677187,
            43.226034,
            61.0
          ],
          [
            -1.677019,
            43.225948,
            60.75
          ],
          [
            -1.676973,
            43.225917,
            61.25
          ],
          [
            -1.676705,
            43.225659,
            61.5
          ],
          [
            -1.676603,
            43.225551,
            62.25
          ],
          [
            -1.676467,
            43.225433,
            60.5
          ],
          [
            -1.676383,
            43.225322,
            61.75
          ],
          [
            -1.676302,
            43.225176,
            61.25
          ],
          [
            -1.67619,
            43.224846,
            61.0
          ],
          [
            -1.676108,
            43.224589,
            61.75
          ],
          [
            -1.676073,
            43.224357,
            62.5
          ],
          [
            -1.676024,
            43.224136,
            62.0
          ],
          [
            -1.67601,
            43.223819,
            62.5
          ],
          [
            -1.676043,
            43.223543,
            64.25
          ],
          [
            -1.676144,
            43.223099,
            65.0
          ],
          [
            -1.676188,
            43.222753,
            65.25
          ],
          [
            -1.676366,
            43.222327,
            64.75
          ],
          [
            -1.676438,
            43.222209,
            64.25
          ],
          [
            -1.676576,
            43.222053,
            63.75
          ],
          [
            -1.676849,
            43.221832,
            63.0
          ],
          [
            -1.677169,
            43.221669,
            63.5
          ],
          [
            -1.677407,
            43.221584,
            64.25
          ],
          [
            -1.679225,
            43.221123,
            65.25
          ],
          [
            -1.679396,
            43.221072,
            64.5
          ],
          [
            -1.679594,
            43.220999,
            65.75
          ],
          [
            -1.679937,
            43.220804,
            66.75
          ],
          [
            -1.680155,
            43.220577,
            68.75
          ],
          [
            -1.680289,
            43.220339,
            68.0
          ],
          [
            -1.680381,
            43.220075,
            69.75
          ],
          [
            -1.680393,
            43.219805,
            70.25
          ],
          [
            -1.68038,
            43.219686,
            70.25
          ],
          [
            -1.67995,
            43.218298,
            68.0
          ],
          [
            -1.679841,
            43.218093,
            68.25
          ],
          [
            -1.679689,
            43.217905,
            70.25
          ],
          [
            -1.679609,
            43.217833,
            70.75
          ],
          [
            -1.679448,
            43.217727,
            69.5
          ],
          [
            -1.679169,
            43.217577,
            69.75
          ],
          [
            -1.678942,
            43.217494,
            68.75
          ],
          [
            -1.677673,
            43.217254,
            69.5
          ],
          [
            -1.676725,
            43.2172,
            68.5
          ],
          [
            -1.676146,
            43.2172,
            68.0
          ],
          [
            -1.675821,
            43.217219,
            69.25
          ],
          [
            -1.675491,
            43.217276,
            69.25
          ],
          [
            -1.674829,
            43.217401,
            69.0
          ],
          [
            -1.673599,
            43.217661,
            68.75
          ],
          [
            -1.672598,
            43.217841,
            68.0
          ],
          [
            -1.672408,
            43.217847,
            67.5
          ],
          [
            -1.6721,
            43.217716,
            68.5
          ],
          [
            -1.671871,
            43.217594,
            68.25
          ],
          [
            -1.671691,
            43.21749,
            68.25
          ],
          [
            -1.671524,
            43.217347,
            67.75
          ],
          [
            -1.671366,
            43.217147,
            67.75
          ],
          [
            -1.671248,
            43.21691,
            66.5
          ],
          [
            -1.671232,
            43.216519,
            69.5
          ],
          [
            -1.671163,
            43.216042,
            70.5
          ],
          [
            -1.67112,
            43.215551,
            71.25
          ],
          [
            -1.671161,
            43.215332,
            72.0
          ],
          [
            -1.671217,
            43.215153,
            73.0
          ],
          [
            -1.671318,
            43.214931,
            73.75
          ],
          [
            -1.67149,
            43.214634,
            74.0
          ],
          [
            -1.6718,
            43.214135,
            74.25
          ],
          [
            -1.671858,
            43.214077,
            74.75
          ],
          [
            -1.672111,
            43.213858,
            77.0
          ],
          [
            -1.672126,
            43.213764,
            75.0
          ],
          [
            -1.672705,
            43.212798,
            77.0
          ],
          [
            -1.672743,
            43.212618,
            76.25
          ],
          [
            -1.672753,
            43.212369,
            76.5
          ],
          [
            -1.672674,
            43.212053,
            78.0
          ],
          [
            -1.672502,
            43.211791,
            73.25
          ],
          [
            -1.672379,
            43.21163,
            75.0
          ],
          [
            -1.672175,
            43.211492,
            76.75
          ],
          [
            -1.67208,
            43.211446,
            76.0
          ],
          [
            -1.671371,
            43.211154,
            73.75
          ],
          [
            -1.670692,
            43.210854,
            75.0
          ],
          [
            -1.669988,
            43.210531,
            73.25
          ],
          [
            -1.669201,
            43.210145,
            75.75
          ],
          [
            -1.668704,
            43.209913,
            73.75
          ],
          [
            -1.668409,
            43.209816,
            75.0
          ],
          [
            -1.667787,
            43.2097,
            73.5
          ],
          [
            -1.666967,
            43.209567,
            76.0
          ],
          [
            -1.666265,
            43.209441,
            76.0
          ],
          [
            -1.66587,
            43.209355,
            76.5
          ],
          [
            -1.665638,
            43.209288,
            77.0
          ],
          [
            -1.664993,
            43.209017,
            75.75
          ],
          [
            -1.664387,
            43.208667,
            75.75
          ],
          [
            -1.664093,
            43.208487,
            75.0
          ],
          [
            -1.663807,
            43.208277,
            75.5
          ],
          [
            -1.663415,
            43.207937,
            78.25
          ],
          [
            -1.663064,
            43.207609,
            77.0
          ],
          [
            -1.662846,
            43.207361,
            76.0
          ],
          [
            -1.662542,
            43.206687,
            77.25
          ],
          [
            -1.662367,
            43.206232,
            77.0
          ],
          [
            -1.662213,
            43.205755,
            75.0
          ],
          [
            -1.662203,
            43.205648,
            75.25
          ],
          [
            -1.662166,
            43.205305,
            75.0
          ],
          [
            -1.662283,
            43.205003,
            75.5
          ],
          [
            -1.662521,
            43.204713,
            75.0
          ],
          [
            -1.662941,
            43.204437,
            75.5
          ],
          [
            -1.663142,
            43.204349,
            75.5
          ],
          [
            -1.663555,
            43.20419,
            76.0
          ],
          [
            -1.664847,
            43.203773,
            77.0
          ],
          [
            -1.665836,
            43.203557,
            76.25
          ],
          [
            -1.666929,
            43.203357,
            79.25
          ],
          [
            -1.667428,
            43.20326,
            79.75
          ],
          [
            -1.667851,
            43.203195,
            79.0
          ],
          [
            -1.668705,
            43.20312,
            78.0
          ],
          [
            -1.669305,
            43.203058,
            78.5
          ],
          [
            -1.670335,
            43.202964,
            80.25
          ],
          [
            -1.670885,
            43.202926,
            82.25
          ],
          [
            -1.671371,
            43.202837,
            84.25
          ],
          [
            -1.67172,
            43.202714,
            79.25
          ],
          [
            -1.672141,
            43.202469,
            77.5
          ],
          [
            -1.672374,
            43.20235,
            79.5
          ],
          [
            -1.672817,
            43.202103,
            81.0
          ],
          [
            -1.673062,
            43.201927,
            80.75
          ],
          [
            -1.673282,
            43.201692,
            80.0
          ],
          [
            -1.673465,
            43.201435,
            79.5
          ],
          [
            -1.673627,
            43.201141,
            81.0
          ],
          [
            -1.673787,
            43.200771,
            82.25
          ],
          [
            -1.673836,
            43.200458,
            81.75
          ],
          [
            -1.673698,
            43.20012,
            81.75
          ],
          [
            -1.673533,
            43.199876,
            83.5
          ],
          [
            -1.673323,
            43.199706,
            82.75
          ],
          [
            -1.673001,
            43.199525,
            85.25
          ],
          [
            -1.672907,
            43.199464,
            85.25
          ],
          [
            -1.672807,
            43.199394,
            85.25
          ],
          [
            -1.672231,
            43.198183,
            86.75
          ],
          [
            -1.67201,
            43.197598,
            87.5
          ],
          [
            -1.672239,
            43.196989,
            87.5
          ],
          [
            -1.672244,
            43.196492,
            86.0
          ],
          [
            -1.672029,
            43.196128,
            88.0
          ],
          [
            -1.671721,
            43.195791,
            86.25
          ],
          [
            -1.671436,
            43.195525,
            87.75
          ],
          [
            -1.671189,
            43.19537,
            87.25
          ],
          [
            -1.670782,
            43.195135,
            87.5
          ],
          [
            -1.670394,
            43.194936,
            85.25
          ],
          [
            -1.669965,
            43.194759,
            87.5
          ],
          [
            -1.669737,
            43.194711,
            87.75
          ],
          [
            -1.669302,
            43.194703,
            87.75
          ],
          [
            -1.668698,
            43.194702,
            88.75
          ],
          [
            -1.66835,
            43.194716,
            88.25
          ],
          [
            -1.667991,
            43.194718,
            88.0
          ],
          [
            -1.667033,
            43.194756,
            88.25
          ],
          [
            -1.666749,
            43.194719,
            89.0
          ],
          [
            -1.666599,
            43.194686,
            89.75
          ],
          [
            -1.666364,
            43.194591,
            91.5
          ],
          [
            -1.666196,
            43.194555,
            92.25
          ],
          [
            -1.66586,
            43.194508,
            91.25
          ],
          [
            -1.665582,
            43.19443,
            89.5
          ],
          [
            -1.665496,
            43.194369,
            88.5
          ],
          [
            -1.665511,
            43.1942,
            90.75
          ],
          [
            -1.66569,
            43.193323,
            90.5
          ],
          [
            -1.666206,
            43.192468,
            93.0
          ],
          [
            -1.666349,
            43.192159,
            92.0
          ],
          [
            -1.666483,
            43.191813,
            93.75
          ],
          [
            -1.666582,
            43.191621,
            93.5
          ],
          [
            -1.666687,
            43.191378,
            93.25
          ],
          [
            -1.666798,
            43.190952,
            93.75
          ],
          [
            -1.666837,
            43.190851,
            93.5
          ],
          [
            -1.6669,
            43.190765,
            94.0
          ],
          [
            -1.667042,
            43.190631,
            95.25
          ],
          [
            -1.667265,
            43.190496,
            96.25
          ],
          [
            -1.667437,
            43.19038,
            95.75
          ],
          [
            -1.66767,
            43.190288,
            93.75
          ],
          [
            -1.667738,
            43.190266,
            93.25
          ],
          [
            -1.667947,
            43.19024,
            93.5
          ],
          [
            -1.668068,
            43.190239,
            94.25
          ],
          [
            -1.66839,
            43.190238,
            93.75
          ],
          [
            -1.670673,
            43.190371,
            93.25
          ],
          [
            -1.671146,
            43.190394,
            95.5
          ],
          [
            -1.67183,
            43.190439,
            103.5
          ],
          [
            -1.672324,
            43.190431,
            101.75
          ],
          [
            -1.672513,
            43.190404,
            101.0
          ],
          [
            -1.672793,
            43.190345,
            98.0
          ],
          [
            -1.673616,
            43.190131,
            98.25
          ],
          [
            -1.674619,
            43.189857,
            92.5
          ],
          [
            -1.67491,
            43.189762,
            93.0
          ],
          [
            -1.675162,
            43.189654,
            93.0
          ],
          [
            -1.675334,
            43.189526,
            92.5
          ],
          [
            -1.675521,
            43.18937,
            92.25
          ],
          [
            -1.675693,
            43.189145,
            93.0
          ],
          [
            -1.6758,
            43.188895,
            92.0
          ],
          [
            -1.675841,
            43.188741,
            93.0
          ],
          [
            -1.675852,
            43.188604,
            93.0
          ],
          [
            -1.675815,
            43.188434,
            93.0
          ],
          [
            -1.675781,
            43.188339,
            92.5
          ],
          [
            -1.675722,
            43.188212,
            95.75
          ],
          [
            -1.675603,
            43.187998,
            97.75
          ],
          [
            -1.675361,
            43.187756,
            98.75
          ],
          [
            -1.675175,
            43.187628,
            101.5
          ],
          [
            -1.674864,
            43.187518,
            97.0
          ],
          [
            -1.674434,
            43.187365,
            97.25
          ],
          [
            -1.67246,
            43.186683,
            95.5
          ],
          [
            -1.671659,
            43.18641,
            94.75
          ],
          [
            -1.670776,
            43.186099,
            95.0
          ],
          [
            -1.670543,
            43.185984,
            95.25
          ],
          [
            -1.670412,
            43.185897,
            96.0
          ],
          [
            -1.670342,
            43.185852,
            96.5
          ],
          [
            -1.670242,
            43.185768,
            97.25
          ],
          [
            -1.670046,
            43.185577,
            97.25
          ],
          [
            -1.669934,
            43.185408,
            95.5
          ],
          [
            -1.669851,
            43.18519,
            94.75
          ],
          [
            -1.669822,
            43.184938,
            94.5
          ],
          [
            -1.669852,
            43.184669,
            94.5
          ],
          [
            -1.670154,
            43.183617,
            96.25
          ],
          [
            -1.670218,
            43.18335,
            95.75
          ],
          [
            -1.670676,
            43.181715,
            99.0
          ],
          [
            -1.670848,
            43.180964,
            98.25
          ],
          [
            -1.670848,
            43.180815,
            97.25
          ],
          [
            -1.670801,
            43.180551,
            95.0
          ],
          [
            -1.670769,
            43.180279,
            96.5
          ],
          [
            -1.670715,
            43.180034,
            99.75
          ],
          [
            -1.670691,
            43.179977,
            99.75
          ],
          [
            -1.670659,
            43.179935,
            99.0
          ],
          [
            -1.670533,
            43.179816,
            96.75
          ],
          [
            -1.670112,
            43.179545,
            97.25
          ],
          [
            -1.669792,
            43.179325,
            94.25
          ],
          [
            -1.668808,
            43.178626,
            95.5
          ],
          [
            -1.667618,
            43.177755,
            96.75
          ],
          [
            -1.667474,
            43.177624,
            96.75
          ],
          [
            -1.667421,
            43.17756,
            97.0
          ],
          [
            -1.667357,
            43.177464,
            97.0
          ],
          [
            -1.667282,
            43.177323,
            97.5
          ],
          [
            -1.667239,
            43.177148,
            98.25
          ],
          [
            -1.667226,
            43.177041,
            98.5
          ],
          [
            -1.66724,
            43.176866,
            99.0
          ],
          [
            -1.66728,
            43.176733,
            100.0
          ],
          [
            -1.667377,
            43.17654,
            101.0
          ],
          [
            -1.667507,
            43.176389,
            100.0
          ],
          [
            -1.667665,
            43.176251,
            100.5
          ],
          [
            -1.667815,
            43.176168,
            100.5
          ],
          [
            -1.667981,
            43.176086,
            100.0
          ],
          [
            -1.668197,
            43.176015,
            101.75
          ],
          [
            -1.668315,
            43.175978,
            102.25
          ],
          [
            -1.668517,
            43.175944,
            103.5
          ],
          [
            -1.668795,
            43.175942,
            104.5
          ],
          [
            -1.669123,
            43.175989,
            102.75
          ],
          [
            -1.670713,
            43.176244,
            99.75
          ],
          [
            -1.671428,
            43.17632,
            102.5
          ],
          [
            -1.672193,
            43.17638,
            99.75
          ],
          [
            -1.672892,
            43.176403,
            99.75
          ],
          [
            -1.673498,
            43.17635,
            100.75
          ],
          [
            -1.6746,
            43.176237,
            105.0
          ],
          [
            -1.67516,
            43.176187,
            101.75
          ],
          [
            -1.675396,
            43.176117,
            99.5
          ],
          [
            -1.675542,
            43.176058,
            99.0
          ],
          [
            -1.675677,
            43.176014,
            100.25
          ],
          [
            -1.675747,
            43.175977,
            100.75
          ],
          [
            -1.67596,
            43.175848,
            104.5
          ],
          [
            -1.676168,
            43.175699,
            104.75
          ],
          [
            -1.676697,
            43.175294,
            104.25
          ],
          [
            -1.677134,
            43.174922,
            107.75
          ],
          [
            -1.677307,
            43.174729,
            107.25
          ],
          [
            -1.677378,
            43.174526,
            107.5
          ],
          [
            -1.677443,
            43.173807,
            106.75
          ],
          [
            -1.677437,
            43.173509,
            107.75
          ],
          [
            -1.677414,
            43.173404,
            107.75
          ],
          [
            -1.677371,
            43.173294,
            108.0
          ],
          [
            -1.677313,
            43.173142,
            107.5
          ],
          [
            -1.677187,
            43.172773,
            106.25
          ],
          [
            -1.676846,
            43.171848,
            104.75
          ],
          [
            -1.676495,
            43.170908,
            104.75
          ],
          [
            -1.67634,
            43.170493,
            105.0
          ],
          [
            -1.67628,
            43.170288,
            105.75
          ],
          [
            -1.676266,
            43.170094,
            105.5
          ],
          [
            -1.676351,
            43.169694,
            107.0
          ],
          [
            -1.676657,
            43.16889,
            106.5
          ],
          [
            -1.676696,
            43.16873,
            106.5
          ],
          [
            -1.676676,
            43.168552,
            105.25
          ],
          [
            -1.67664,
            43.168426,
            104.75
          ],
          [
            -1.676509,
            43.168147,
            104.75
          ],
          [
            -1.67635,
            43.167928,
            104.25
          ],
          [
            -1.676151,
            43.167778,
            105.5
          ],
          [
            -1.675806,
            43.167597,
            103.75
          ],
          [
            -1.675153,
            43.167301,
            105.25
          ],
          [
            -1.675021,
            43.167242,
            106.5
          ],
          [
            -1.674656,
            43.167099,
            105.75
          ],
          [
            -1.674334,
            43.166969,
            106.75
          ],
          [
            -1.674076,
            43.166868,
            107.25
          ],
          [
            -1.673725,
            43.166696,
            107.25
          ],
          [
            -1.673339,
            43.166502,
            106.75
          ],
          [
            -1.673174,
            43.166415,
            106.75
          ],
          [
            -1.672885,
            43.166249,
            107.0
          ],
          [
            -1.672536,
            43.165986,
            108.0
          ],
          [
            -1.672447,
            43.16591,
            107.75
          ],
          [
            -1.672272,
            43.165761,
            108.75
          ],
          [
            -1.672245,
            43.165739,
            109.0
          ],
          [
            -1.672187,
            43.165649,
            109.75
          ],
          [
            -1.672145,
            43.165586,
            110.0
          ],
          [
            -1.671826,
            43.164967,
            114.25
          ],
          [
            -1.671711,
            43.164771,
            114.0
          ],
          [
            -1.671604,
            43.164542,
            113.75
          ],
          [
            -1.671312,
            43.163988,
            113.5
          ],
          [
            -1.671074,
            43.163541,
            113.5
          ],
          [
            -1.670977,
            43.163342,
            114.75
          ],
          [
            -1.670924,
            43.163191,
            113.25
          ],
          [
            -1.670884,
            43.163026,
            110.75
          ],
          [
            -1.670879,
            43.162799,
            109.75
          ],
          [
            -1.670967,
            43.162471,
            106.75
          ],
          [
            -1.671663,
            43.16052,
            109.5
          ],
          [
            -1.671897,
            43.159822,
            108.75
          ],
          [
            -1.671905,
            43.159391,
            108.0
          ],
          [
            -1.671849,
            43.158548,
            107.25
          ],
          [
            -1.6718,
            43.157845,
            108.5
          ],
          [
            -1.671711,
            43.157391,
            109.0
          ],
          [
            -1.671477,
            43.156382,
            110.0
          ],
          [
            -1.671307,
            43.155792,
            107.5
          ],
          [
            -1.670866,
            43.15497,
            108.0
          ],
          [
            -1.670577,
            43.154446,
            109.0
          ],
          [
            -1.67035,
            43.15408,
            107.5
          ],
          [
            -1.670089,
            43.153614,
            107.75
          ],
          [
            -1.669863,
            43.153208,
            107.75
          ],
          [
            -1.669353,
            43.152331,
            108.25
          ],
          [
            -1.668922,
            43.151058,
            111.25
          ],
          [
            -1.668872,
            43.150765,
            111.25
          ],
          [
            -1.668872,
            43.150639,
            111.5
          ],
          [
            -1.668938,
            43.150352,
            113.25
          ],
          [
            -1.669243,
            43.149469,
            112.75
          ],
          [
            -1.66927,
            43.149256,
            111.25
          ],
          [
            -1.669269,
            43.149074,
            110.75
          ],
          [
            -1.669155,
            43.148742,
            112.25
          ],
          [
            -1.668942,
            43.148211,
            113.75
          ],
          [
            -1.668781,
            43.147749,
            113.75
          ],
          [
            -1.66877,
            43.147418,
            113.5
          ],
          [
            -1.668848,
            43.147039,
            115.25
          ],
          [
            -1.668872,
            43.146753,
            114.75
          ],
          [
            -1.668945,
            43.146477,
            116.0
          ],
          [
            -1.668957,
            43.146166,
            117.25
          ],
          [
            -1.668913,
            43.145854,
            116.5
          ],
          [
            -1.668872,
            43.145449,
            115.5
          ],
          [
            -1.668848,
            43.145066,
            114.75
          ],
          [
            -1.668867,
            43.144214,
            115.25
          ],
          [
            -1.668834,
            43.144044,
            116.5
          ],
          [
            -1.668775,
            43.143905,
            116.25
          ],
          [
            -1.668661,
            43.143722,
            117.0
          ],
          [
            -1.668514,
            43.143538,
            120.25
          ],
          [
            -1.667978,
            43.143073,
            125.5
          ],
          [
            -1.667482,
            43.14262,
            128.25
          ],
          [
            -1.667412,
            43.142559,
            124.25
          ],
          [
            -1.667249,
            43.142299,
            118.5
          ],
          [
            -1.666878,
            43.141531,
            120.25
          ],
          [
            -1.666796,
            43.141386,
            121.0
          ],
          [
            -1.666743,
            43.140502,
            120.25
          ],
          [
            -1.666724,
            43.140313,
            121.25
          ],
          [
            -1.666685,
            43.140148,
            120.25
          ],
          [
            -1.666597,
            43.139929,
            120.25
          ],
          [
            -1.666334,
            43.139527,
            119.75
          ],
          [
            -1.665926,
            43.138926,
            120.5
          ],
          [
            -1.665836,
            43.138742,
            118.0
          ],
          [
            -1.665786,
            43.138458,
            119.0
          ],
          [
            -1.665741,
            43.138128,
            119.75
          ],
          [
            -1.66571,
            43.137578,
            122.0
          ],
          [
            -1.6657,
            43.137227,
            123.25
          ],
          [
            -1.665647,
            43.136618,
            122.0
          ],
          [
            -1.665636,
            43.136308,
            122.5
          ],
          [
            -1.665638,
            43.136119,
            122.0
          ],
          [
            -1.665727,
            43.135693,
            120.75
          ],
          [
            -1.665785,
            43.135596,
            120.0
          ],
          [
            -1.665914,
            43.135447,
            121.5
          ],
          [
            -1.665926,
            43.13539,
            120.25
          ],
          [
            -1.665788,
            43.135081,
            116.75
          ],
          [
            -1.665819,
            43.134851,
            118.75
          ],
          [
            -1.665945,
            43.134295,
            119.75
          ],
          [
            -1.665954,
            43.134159,
            119.75
          ],
          [
            -1.665956,
            43.133893,
            119.5
          ],
          [
            -1.665945,
            43.133688,
            119.75
          ],
          [
            -1.665917,
            43.133455,
            120.0
          ],
          [
            -1.665947,
            43.133423,
            120.0
          ],
          [
            -1.665893,
            43.133348,
            120.0
          ],
          [
            -1.665243,
            43.132451,
            120.0
          ],
          [
            -1.665115,
            43.132274,
            120.0
          ],
          [
            -1.664831,
            43.131878,
            120.25
          ],
          [
            -1.664663,
            43.131642,
            120.25
          ],
          [
            -1.664574,
            43.131501,
            121.0
          ],
          [
            -1.664391,
            43.131149,
            121.0
          ],
          [
            -1.664387,
            43.131129,
            121.0
          ],
          [
            -1.66429,
            43.130633,
            121.0
          ],
          [
            -1.664212,
            43.130232,
            121.0
          ],
          [
            -1.663037,
            43.130215,
            121.0
          ],
          [
            -1.662868,
            43.130039,
            120.75
          ],
          [
            -1.66266,
            43.12984,
            121.5
          ],
          [
            -1.66257,
            43.129804,
            121.75
          ],
          [
            -1.662438,
            43.129724,
            121.75
          ],
          [
            -1.662306,
            43.129612,
            121.75
          ],
          [
            -1.661978,
            43.129432,
            120.5
          ],
          [
            -1.661677,
            43.12921,
            125.75
          ],
          [
            -1.661359,
            43.128992,
            123.5
          ],
          [
            -1.661237,
            43.128912,
            122.5
          ],
          [
            -1.661123,
            43.128848,
            121.25
          ],
          [
            -1.66105,
            43.12879,
            123.25
          ],
          [
            -1.66091,
            43.128711,
            124.25
          ],
          [
            -1.660704,
            43.128624,
            123.0
          ],
          [
            -1.660509,
            43.12856,
            123.75
          ],
          [
            -1.660259,
            43.1285,
            123.75
          ],
          [
            -1.660057,
            43.128472,
            124.25
          ],
          [
            -1.659916,
            43.128462,
            124.5
          ],
          [
            -1.659792,
            43.128437,
            125.75
          ],
          [
            -1.659676,
            43.128426,
            126.25
          ],
          [
            -1.659353,
            43.128428,
            127.0
          ],
          [
            -1.658957,
            43.128455,
            127.25
          ],
          [
            -1.658534,
            43.128544,
            122.75
          ],
          [
            -1.658074,
            43.128625,
            123.5
          ],
          [
            -1.657808,
            43.128668,
            124.25
          ],
          [
            -1.65691,
            43.128794,
            127.5
          ],
          [
            -1.656763,
            43.12881,
            126.75
          ],
          [
            -1.656506,
            43.12881,
            126.0
          ],
          [
            -1.656303,
            43.128803,
            126.0
          ],
          [
            -1.656091,
            43.128792,
            126.25
          ],
          [
            -1.655714,
            43.128741,
            127.0
          ],
          [
            -1.655618,
            43.12872,
            126.75
          ],
          [
            -1.655134,
            43.12858,
            126.0
          ],
          [
            -1.654658,
            43.12849,
            126.0
          ],
          [
            -1.654387,
            43.128429,
            126.5
          ],
          [
            -1.654096,
            43.128354,
            125.5
          ],
          [
            -1.653684,
            43.128257,
            129.0
          ],
          [
            -1.65337,
            43.128226,
            129.25
          ],
          [
            -1.652295,
            43.128232,
            129.5
          ],
          [
            -1.651941,
            43.128226,
            129.75
          ],
          [
            -1.651767,
            43.128217,
            130.0
          ],
          [
            -1.651492,
            43.128199,
            129.75
          ],
          [
            -1.651033,
            43.128152,
            128.25
          ],
          [
            -1.650675,
            43.128102,
            128.0
          ],
          [
            -1.65038,
            43.12805,
            127.0
          ],
          [
            -1.650186,
            43.128027,
            127.25
          ],
          [
            -1.64994,
            43.128036,
            127.0
          ],
          [
            -1.649712,
            43.128026,
            128.0
          ],
          [
            -1.649299,
            43.127962,
            130.0
          ],
          [
            -1.648961,
            43.127926,
            132.25
          ],
          [
            -1.648397,
            43.127923,
            132.25
          ],
          [
            -1.64818,
            43.1279,
            132.0
          ],
          [
            -1.648025,
            43.127857,
            132.25
          ],
          [
            -1.647923,
            43.127809,
            131.75
          ],
          [
            -1.647814,
            43.127748,
            131.0
          ],
          [
            -1.647654,
            43.127639,
            132.25
          ],
          [
            -1.647391,
            43.127648,
            133.0
          ],
          [
            -1.646843,
            43.127612,
            134.5
          ],
          [
            -1.646637,
            43.127613,
            133.0
          ],
          [
            -1.646414,
            43.127632,
            133.0
          ],
          [
            -1.646241,
            43.127668,
            133.75
          ],
          [
            -1.64612,
            43.127698,
            134.0
          ],
          [
            -1.645785,
            43.127798,
            132.5
          ],
          [
            -1.64548,
            43.127957,
            133.0
          ],
          [
            -1.645166,
            43.128176,
            130.5
          ],
          [
            -1.645076,
            43.128246,
            130.0
          ],
          [
            -1.644714,
            43.128373,
            129.75
          ],
          [
            -1.644551,
            43.128481,
            130.25
          ],
          [
            -1.644218,
            43.128648,
            130.75
          ],
          [
            -1.644136,
            43.128707,
            131.0
          ],
          [
            -1.643714,
            43.129011,
            131.75
          ],
          [
            -1.643287,
            43.129288,
            131.25
          ],
          [
            -1.643118,
            43.129375,
            131.25
          ],
          [
            -1.642995,
            43.12952,
            129.75
          ],
          [
            -1.642726,
            43.129652,
            131.25
          ],
          [
            -1.642856,
            43.129829,
            129.0
          ],
          [
            -1.643192,
            43.130291,
            128.25
          ],
          [
            -1.642915,
            43.130328,
            128.0
          ],
          [
            -1.642754,
            43.130284,
            128.0
          ],
          [
            -1.641969,
            43.130194,
            129.75
          ],
          [
            -1.641704,
            43.130172,
            130.0
          ],
          [
            -1.641656,
            43.130174,
            130.0
          ],
          [
            -1.641524,
            43.130195,
            130.25
          ],
          [
            -1.641291,
            43.130269,
            130.75
          ],
          [
            -1.640789,
            43.130445,
            130.25
          ],
          [
            -1.640469,
            43.130542,
            131.0
          ],
          [
            -1.640211,
            43.130595,
            130.5
          ],
          [
            -1.640076,
            43.130615,
            130.25
          ],
          [
            -1.639343,
            43.130591,
            130.75
          ],
          [
            -1.638593,
            43.13054,
            132.25
          ],
          [
            -1.638432,
            43.130499,
            133.25
          ],
          [
            -1.637345,
            43.130417,
            140.75
          ],
          [
            -1.636877,
            43.130352,
            143.5
          ],
          [
            -1.636007,
            43.130203,
            144.0
          ],
          [
            -1.635475,
            43.130135,
            145.5
          ],
          [
            -1.63426,
            43.130036,
            152.25
          ],
          [
            -1.632695,
            43.130123,
            150.0
          ],
          [
            -1.632612,
            43.130111,
            150.0
          ],
          [
            -1.632317,
            43.129898,
            152.25
          ],
          [
            -1.632143,
            43.129835,
            152.75
          ],
          [
            -1.631779,
            43.129747,
            153.5
          ],
          [
            -1.631574,
            43.129733,
            154.5
          ],
          [
            -1.631376,
            43.129742,
            155.75
          ],
          [
            -1.631168,
            43.129738,
            157.25
          ],
          [
            -1.631013,
            43.12971,
            158.5
          ],
          [
            -1.630825,
            43.129655,
            160.5
          ],
          [
            -1.630651,
            43.129635,
            161.75
          ],
          [
            -1.630503,
            43.129645,
            162.0
          ],
          [
            -1.630287,
            43.129681,
            161.75
          ],
          [
            -1.629655,
            43.129937,
            157.75
          ],
          [
            -1.629294,
            43.130123,
            154.75
          ],
          [
            -1.629236,
            43.130147,
            154.5
          ],
          [
            -1.629158,
            43.130151,
            154.75
          ],
          [
            -1.628604,
            43.130099,
            159.25
          ],
          [
            -1.628169,
            43.130105,
            162.25
          ],
          [
            -1.627435,
            43.130273,
            157.0
          ],
          [
            -1.626577,
            43.130454,
            155.75
          ],
          [
            -1.626411,
            43.13051,
            155.5
          ],
          [
            -1.626137,
            43.130638,
            154.5
          ],
          [
            -1.625973,
            43.130701,
            153.5
          ],
          [
            -1.625855,
            43.130737,
            153.0
          ],
          [
            -1.625513,
            43.130814,
            150.25
          ],
          [
            -1.625347,
            43.130871,
            150.0
          ],
          [
            -1.625428,
            43.130984,
            149.5
          ],
          [
            -1.62552,
            43.131112,
            147.5
          ],
          [
            -1.625607,
            43.131233,
            147.0
          ],
          [
            -1.625184,
            43.131387,
            148.25
          ],
          [
            -1.624606,
            43.13158,
            150.5
          ],
          [
            -1.624376,
            43.131666,
            150.25
          ],
          [
            -1.624208,
            43.13178,
            150.5
          ],
          [
            -1.624036,
            43.131921,
            150.0
          ],
          [
            -1.623905,
            43.132061,
            148.75
          ],
          [
            -1.623823,
            43.132207,
            146.5
          ],
          [
            -1.623813,
            43.132275,
            146.0
          ],
          [
            -1.623852,
            43.132404,
            144.25
          ],
          [
            -1.623924,
            43.132585,
            142.25
          ],
          [
            -1.623905,
            43.132709,
            142.0
          ],
          [
            -1.623815,
            43.132902,
            141.75
          ],
          [
            -1.62368,
            43.13314,
            141.75
          ],
          [
            -1.623597,
            43.133604,
            139.0
          ],
          [
            -1.623079,
            43.134087,
            139.5
          ],
          [
            -1.62246,
            43.134225,
            141.25
          ],
          [
            -1.622241,
            43.13428,
            141.5
          ],
          [
            -1.621683,
            43.134468,
            142.75
          ],
          [
            -1.621341,
            43.134627,
            142.75
          ],
          [
            -1.621084,
            43.134839,
            142.5
          ],
          [
            -1.620844,
            43.135097,
            143.5
          ],
          [
            -1.620749,
            43.135298,
            143.5
          ],
          [
            -1.620597,
            43.13546,
            144.5
          ],
          [
            -1.620397,
            43.135674,
            144.25
          ],
          [
            -1.620123,
            43.135841,
            144.25
          ],
          [
            -1.620067,
            43.135888,
            144.25
          ],
          [
            -1.620098,
            43.135951,
            143.5
          ],
          [
            -1.619294,
            43.136538,
            144.25
          ],
          [
            -1.619248,
            43.136589,
            144.0
          ],
          [
            -1.619297,
            43.136674,
            143.25
          ],
          [
            -1.619067,
            43.136718,
            143.5
          ],
          [
            -1.617021,
            43.136956,
            143.75
          ],
          [
            -1.615426,
            43.137138,
            145.0
          ],
          [
            -1.615013,
            43.137185,
            145.5
          ],
          [
            -1.614608,
            43.137198,
            145.5
          ],
          [
            -1.613117,
            43.137208,
            145.5
          ],
          [
            -1.612254,
            43.13724,
            143.75
          ],
          [
            -1.611757,
            43.137259,
            143.5
          ],
          [
            -1.61162,
            43.137276,
            143.0
          ],
          [
            -1.611468,
            43.137315,
            143.0
          ],
          [
            -1.611322,
            43.137362,
            143.5
          ],
          [
            -1.611266,
            43.13738,
            143.5
          ],
          [
            -1.611096,
            43.137433,
            143.75
          ],
          [
            -1.611017,
            43.137443,
            143.75
          ],
          [
            -1.610954,
            43.137438,
            143.75
          ],
          [
            -1.610899,
            43.137498,
            143.75
          ],
          [
            -1.610704,
            43.137604,
            144.0
          ],
          [
            -1.610576,
            43.137674,
            144.0
          ],
          [
            -1.610504,
            43.137712,
            144.0
          ],
          [
            -1.610285,
            43.13783,
            144.75
          ],
          [
            -1.609937,
            43.138017,
            145.0
          ],
          [
            -1.609181,
            43.138434,
            146.0
          ],
          [
            -1.608872,
            43.138601,
            146.0
          ],
          [
            -1.60874,
            43.138671,
            146.5
          ],
          [
            -1.607789,
            43.13918,
            147.0
          ],
          [
            -1.607759,
            43.139196,
            147.0
          ],
          [
            -1.607515,
            43.139322,
            147.25
          ],
          [
            -1.606954,
            43.139609,
            148.0
          ],
          [
            -1.606677,
            43.139737,
            148.0
          ],
          [
            -1.606223,
            43.140071,
            149.0
          ],
          [
            -1.606099,
            43.140139,
            149.0
          ],
          [
            -1.605938,
            43.140227,
            149.5
          ],
          [
            -1.605648,
            43.140363,
            150.0
          ],
          [
            -1.60549,
            43.140275,
            150.0
          ],
          [
            -1.605392,
            43.140133,
            150.75
          ],
          [
            -1.605229,
            43.140036,
            151.0
          ],
          [
            -1.605038,
            43.140011,
            151.75
          ],
          [
            -1.604925,
            43.139948,
            152.25
          ],
          [
            -1.604709,
            43.139734,
            153.0
          ],
          [
            -1.604572,
            43.139668,
            153.5
          ],
          [
            -1.60433,
            43.13957,
            154.25
          ],
          [
            -1.603972,
            43.139452,
            155.5
          ],
          [
            -1.603706,
            43.139345,
            156.75
          ],
          [
            -1.6034,
            43.139316,
            157.75
          ],
          [
            -1.603186,
            43.139313,
            159.0
          ],
          [
            -1.603052,
            43.139329,
            160.0
          ],
          [
            -1.602856,
            43.139311,
            162.25
          ],
          [
            -1.602726,
            43.139321,
            163.75
          ],
          [
            -1.602413,
            43.13938,
            164.75
          ],
          [
            -1.602152,
            43.139481,
            165.75
          ],
          [
            -1.601634,
            43.139717,
            168.5
          ],
          [
            -1.601051,
            43.140009,
            176.75
          ],
          [
            -1.600969,
            43.140068,
            178.5
          ],
          [
            -1.600973,
            43.140139,
            179.25
          ],
          [
            -1.601022,
            43.140225,
            179.75
          ],
          [
            -1.601189,
            43.140466,
            179.0
          ],
          [
            -1.601225,
            43.14056,
            178.75
          ],
          [
            -1.60125,
            43.140694,
            177.0
          ],
          [
            -1.601209,
            43.140777,
            176.75
          ],
          [
            -1.601132,
            43.140804,
            177.75
          ],
          [
            -1.601002,
            43.140798,
            179.25
          ],
          [
            -1.600815,
            43.140756,
            181.5
          ],
          [
            -1.60051,
            43.140709,
            185.75
          ],
          [
            -1.600168,
            43.140673,
            191.75
          ],
          [
            -1.599965,
            43.140679,
            196.0
          ],
          [
            -1.599891,
            43.140704,
            197.5
          ],
          [
            -1.599685,
            43.14078,
            203.0
          ],
          [
            -1.599616,
            43.140831,
            204.0
          ],
          [
            -1.599294,
            43.141115,
            212.25
          ],
          [
            -1.599258,
            43.141204,
            213.5
          ],
          [
            -1.599254,
            43.141275,
            214.0
          ],
          [
            -1.599189,
            43.141311,
            216.0
          ],
          [
            -1.599107,
            43.141311,
            217.75
          ],
          [
            -1.599018,
            43.141293,
            219.5
          ],
          [
            -1.5989,
            43.141237,
            222.25
          ],
          [
            -1.598807,
            43.141109,
            224.25
          ],
          [
            -1.598721,
            43.140955,
            227.0
          ],
          [
            -1.598591,
            43.140807,
            230.5
          ],
          [
            -1.598241,
            43.140593,
            236.75
          ],
          [
            -1.598063,
            43.140471,
            238.5
          ],
          [
            -1.597993,
            43.14043,
            238.25
          ],
          [
            -1.597896,
            43.140347,
            237.75
          ],
          [
            -1.59788,
            43.140234,
            238.25
          ],
          [
            -1.597867,
            43.140021,
            239.75
          ],
          [
            -1.597867,
            43.139834,
            241.5
          ],
          [
            -1.597912,
            43.139647,
            243.25
          ],
          [
            -1.597936,
            43.139486,
            244.25
          ],
          [
            -1.598137,
            43.139301,
            247.5
          ],
          [
            -1.598314,
            43.139074,
            251.0
          ],
          [
            -1.598497,
            43.138873,
            254.75
          ],
          [
            -1.598616,
            43.138692,
            258.0
          ],
          [
            -1.598643,
            43.138488,
            260.5
          ],
          [
            -1.598573,
            43.138272,
            262.25
          ],
          [
            -1.598434,
            43.138117,
            265.0
          ],
          [
            -1.598401,
            43.138079,
            266.0
          ],
          [
            -1.598298,
            43.138012,
            268.5
          ],
          [
            -1.598205,
            43.137772,
            271.75
          ],
          [
            -1.598177,
            43.137675,
            274.5
          ],
          [
            -1.598188,
            43.137587,
            276.5
          ],
          [
            -1.598202,
            43.137541,
            277.25
          ],
          [
            -1.598222,
            43.137451,
            279.25
          ],
          [
            -1.598387,
            43.137064,
            288.25
          ],
          [
            -1.598583,
            43.136828,
            293.0
          ],
          [
            -1.598576,
            43.13671,
            295.25
          ],
          [
            -1.598537,
            43.136536,
            299.25
          ],
          [
            -1.598426,
            43.136177,
            307.75
          ],
          [
            -1.598329,
            43.13595,
            312.0
          ],
          [
            -1.598149,
            43.135593,
            318.75
          ],
          [
            -1.598118,
            43.135388,
            321.5
          ],
          [
            -1.59804,
            43.135118,
            327.75
          ],
          [
            -1.598028,
            43.134996,
            330.25
          ],
          [
            -1.598083,
            43.134811,
            333.75
          ],
          [
            -1.598133,
            43.134726,
            335.0
          ],
          [
            -1.598176,
            43.13458,
            338.5
          ],
          [
            -1.598179,
            43.134425,
            343.0
          ],
          [
            -1.598145,
            43.134271,
            345.75
          ],
          [
            -1.598022,
            43.13408,
            349.25
          ],
          [
            -1.59771,
            43.13371,
            354.5
          ],
          [
            -1.597689,
            43.133638,
            354.25
          ],
          [
            -1.597652,
            43.133589,
            354.0
          ],
          [
            -1.597576,
            43.133533,
            353.5
          ],
          [
            -1.597402,
            43.133426,
            353.75
          ],
          [
            -1.597288,
            43.133273,
            353.0
          ],
          [
            -1.596992,
            43.132837,
            356.5
          ],
          [
            -1.59659,
            43.132578,
            354.25
          ],
          [
            -1.596284,
            43.13241,
            351.5
          ],
          [
            -1.595957,
            43.132273,
            350.0
          ],
          [
            -1.595619,
            43.132042,
            348.25
          ],
          [
            -1.595222,
            43.131858,
            348.5
          ],
          [
            -1.594876,
            43.131749,
            348.75
          ],
          [
            -1.594637,
            43.131674,
            347.75
          ],
          [
            -1.594474,
            43.131674,
            347.0
          ],
          [
            -1.594231,
            43.131594,
            345.0
          ],
          [
            -1.593998,
            43.131541,
            344.0
          ],
          [
            -1.593221,
            43.131517,
            343.0
          ],
          [
            -1.592459,
            43.131435,
            340.75
          ],
          [
            -1.591901,
            43.131351,
            340.25
          ],
          [
            -1.591788,
            43.131319,
            339.5
          ],
          [
            -1.590758,
            43.131036,
            337.0
          ],
          [
            -1.590466,
            43.130947,
            335.25
          ],
          [
            -1.590274,
            43.13092,
            333.5
          ],
          [
            -1.590094,
            43.13094,
            331.0
          ],
          [
            -1.589873,
            43.131027,
            328.75
          ],
          [
            -1.589283,
            43.131416,
            324.0
          ],
          [
            -1.589218,
            43.13144,
            323.75
          ],
          [
            -1.589152,
            43.131424,
            323.5
          ],
          [
            -1.589118,
            43.131377,
            324.5
          ],
          [
            -1.589092,
            43.1312,
            324.5
          ],
          [
            -1.589073,
            43.13113,
            325.0
          ],
          [
            -1.589041,
            43.131008,
            325.25
          ],
          [
            -1.588748,
            43.130345,
            329.25
          ],
          [
            -1.588663,
            43.129973,
            330.0
          ],
          [
            -1.58858,
            43.12918,
            326.5
          ],
          [
            -1.588529,
            43.129081,
            325.75
          ],
          [
            -1.588457,
            43.128984,
            325.0
          ],
          [
            -1.588226,
            43.128793,
            324.25
          ],
          [
            -1.587888,
            43.128624,
            324.0
          ],
          [
            -1.587577,
            43.128495,
            323.25
          ],
          [
            -1.587202,
            43.128413,
            322.0
          ],
          [
            -1.586913,
            43.128375,
            320.0
          ],
          [
            -1.586682,
            43.128376,
            319.25
          ],
          [
            -1.58652,
            43.128393,
            318.5
          ],
          [
            -1.586368,
            43.128435,
            318.0
          ],
          [
            -1.586188,
            43.12851,
            316.5
          ],
          [
            -1.585807,
            43.128636,
            314.5
          ],
          [
            -1.584998,
            43.128801,
            310.0
          ],
          [
            -1.584747,
            43.128894,
            309.25
          ],
          [
            -1.584524,
            43.128988,
            308.75
          ],
          [
            -1.584341,
            43.129012,
            308.5
          ],
          [
            -1.58421,
            43.128996,
            308.25
          ],
          [
            -1.584123,
            43.128969,
            307.75
          ],
          [
            -1.58387,
            43.12884,
            306.25
          ],
          [
            -1.583607,
            43.12859,
            306.75
          ],
          [
            -1.583388,
            43.128319,
            306.75
          ],
          [
            -1.583173,
            43.127739,
            309.75
          ],
          [
            -1.583156,
            43.127677,
            309.75
          ],
          [
            -1.583103,
            43.127485,
            310.0
          ],
          [
            -1.583008,
            43.127298,
            309.75
          ],
          [
            -1.582851,
            43.12709,
            308.5
          ],
          [
            -1.582567,
            43.126851,
            307.25
          ],
          [
            -1.58239,
            43.126759,
            306.0
          ],
          [
            -1.582182,
            43.126655,
            304.0
          ],
          [
            -1.582084,
            43.126549,
            302.5
          ],
          [
            -1.581998,
            43.126364,
            299.0
          ],
          [
            -1.581929,
            43.126173,
            295.75
          ],
          [
            -1.581861,
            43.126068,
            294.0
          ],
          [
            -1.581716,
            43.125916,
            291.25
          ],
          [
            -1.581659,
            43.125846,
            290.0
          ],
          [
            -1.581616,
            43.125738,
            288.75
          ],
          [
            -1.581613,
            43.125596,
            287.0
          ],
          [
            -1.581582,
            43.125468,
            285.75
          ],
          [
            -1.581419,
            43.125206,
            284.25
          ],
          [
            -1.580716,
            43.124482,
            287.5
          ],
          [
            -1.580662,
            43.124409,
            288.25
          ],
          [
            -1.580541,
            43.124123,
            290.5
          ],
          [
            -1.580509,
            43.124072,
            290.5
          ],
          [
            -1.580478,
            43.124024,
            290.5
          ],
          [
            -1.58038,
            43.123944,
            291.75
          ],
          [
            -1.579951,
            43.123636,
            297.25
          ],
          [
            -1.579474,
            43.123311,
            301.5
          ],
          [
            -1.579314,
            43.123229,
            302.0
          ],
          [
            -1.579153,
            43.123206,
            302.5
          ],
          [
            -1.578636,
            43.123191,
            301.5
          ],
          [
            -1.578184,
            43.123112,
            300.75
          ],
          [
            -1.578113,
            43.123087,
            300.5
          ],
          [
            -1.578042,
            43.123042,
            300.75
          ],
          [
            -1.577957,
            43.122939,
            300.25
          ],
          [
            -1.577642,
            43.122493,
            302.0
          ],
          [
            -1.577406,
            43.122144,
            305.25
          ],
          [
            -1.577372,
            43.122059,
            306.75
          ],
          [
            -1.577339,
            43.121893,
            309.25
          ],
          [
            -1.577284,
            43.121734,
            310.5
          ],
          [
            -1.577229,
            43.121605,
            310.75
          ],
          [
            -1.577181,
            43.121553,
            311.25
          ],
          [
            -1.577069,
            43.121424,
            313.0
          ],
          [
            -1.57699,
            43.121313,
            313.5
          ],
          [
            -1.576799,
            43.12107,
            317.0
          ],
          [
            -1.576752,
            43.121008,
            317.75
          ],
          [
            -1.576702,
            43.120979,
            318.75
          ],
          [
            -1.576602,
            43.120904,
            320.25
          ],
          [
            -1.57651,
            43.120857,
            322.0
          ],
          [
            -1.576348,
            43.120807,
            324.75
          ],
          [
            -1.576172,
            43.120763,
            327.0
          ],
          [
            -1.575984,
            43.120738,
            330.75
          ],
          [
            -1.575738,
            43.120715,
            335.5
          ],
          [
            -1.575577,
            43.120661,
            336.75
          ],
          [
            -1.575397,
            43.120579,
            337.75
          ],
          [
            -1.575035,
            43.120433,
            338.75
          ],
          [
            -1.574837,
            43.120317,
            338.25
          ],
          [
            -1.574664,
            43.120191,
            340.5
          ],
          [
            -1.574582,
            43.120101,
            342.25
          ],
          [
            -1.574496,
            43.119966,
            343.75
          ],
          [
            -1.574435,
            43.119807,
            344.0
          ],
          [
            -1.574354,
            43.119693,
            343.75
          ],
          [
            -1.574315,
            43.119664,
            343.5
          ],
          [
            -1.574229,
            43.119618,
            343.25
          ],
          [
            -1.574027,
            43.119534,
            343.0
          ],
          [
            -1.573848,
            43.119427,
            341.0
          ],
          [
            -1.573738,
            43.119372,
            341.0
          ],
          [
            -1.573683,
            43.119345,
            341.0
          ],
          [
            -1.573529,
            43.119286,
            341.25
          ],
          [
            -1.573377,
            43.119246,
            341.75
          ],
          [
            -1.573078,
            43.119185,
            341.25
          ],
          [
            -1.572865,
            43.119118,
            343.75
          ],
          [
            -1.572775,
            43.119096,
            345.25
          ],
          [
            -1.572609,
            43.119056,
            346.75
          ],
          [
            -1.572459,
            43.119028,
            348.0
          ],
          [
            -1.572159,
            43.119001,
            350.25
          ],
          [
            -1.571957,
            43.119018,
            352.75
          ],
          [
            -1.571832,
            43.119043,
            353.75
          ],
          [
            -1.571686,
            43.119109,
            355.25
          ],
          [
            -1.571525,
            43.119248,
            357.25
          ],
          [
            -1.571445,
            43.119297,
            357.0
          ],
          [
            -1.571249,
            43.119298,
            356.5
          ],
          [
            -1.571161,
            43.119285,
            356.5
          ],
          [
            -1.571134,
            43.119209,
            356.0
          ],
          [
            -1.571097,
            43.119141,
            355.75
          ],
          [
            -1.571045,
            43.119061,
            355.25
          ],
          [
            -1.570947,
            43.118955,
            354.5
          ],
          [
            -1.570773,
            43.118832,
            352.25
          ],
          [
            -1.570499,
            43.118698,
            349.5
          ],
          [
            -1.570287,
            43.11855,
            347.75
          ],
          [
            -1.570172,
            43.118435,
            346.75
          ],
          [
            -1.570102,
            43.118366,
            346.25
          ],
          [
            -1.569881,
            43.11823,
            345.75
          ],
          [
            -1.569637,
            43.118093,
            346.0
          ],
          [
            -1.569558,
            43.118081,
            346.0
          ],
          [
            -1.569525,
            43.118034,
            346.5
          ],
          [
            -1.569353,
            43.117975,
            347.5
          ],
          [
            -1.569225,
            43.117946,
            348.75
          ],
          [
            -1.569128,
            43.117923,
            349.75
          ],
          [
            -1.568908,
            43.117876,
            352.0
          ],
          [
            -1.56857,
            43.117801,
            356.0
          ],
          [
            -1.568473,
            43.117789,
            357.5
          ],
          [
            -1.568241,
            43.117759,
            361.25
          ],
          [
            -1.567979,
            43.117783,
            365.25
          ],
          [
            -1.567776,
            43.117844,
            369.75
          ],
          [
            -1.567483,
            43.117952,
            375.75
          ],
          [
            -1.567273,
            43.118022,
            378.25
          ],
          [
            -1.567206,
            43.118044,
            379.0
          ],
          [
            -1.566891,
            43.118097,
            383.0
          ],
          [
            -1.56667,
            43.118091,
            386.0
          ],
          [
            -1.566506,
            43.118073,
            387.5
          ],
          [
            -1.566336,
            43.118386,
            389.75
          ],
          [
            -1.566256,
            43.118503,
            389.75
          ],
          [
            -1.566071,
            43.118682,
            386.0
          ],
          [
            -1.565979,
            43.118751,
            385.75
          ],
          [
            -1.564917,
            43.11953,
            377.75
          ],
          [
            -1.564582,
            43.119804,
            375.75
          ],
          [
            -1.564452,
            43.119942,
            375.5
          ],
          [
            -1.564286,
            43.120171,
            373.5
          ],
          [
            -1.563967,
            43.120651,
            370.5
          ],
          [
            -1.563874,
            43.120828,
            369.25
          ],
          [
            -1.563764,
            43.121103,
            368.75
          ],
          [
            -1.563547,
            43.121849,
            364.0
          ],
          [
            -1.563424,
            43.12257,
            362.0
          ],
          [
            -1.563336,
            43.122744,
            361.25
          ],
          [
            -1.56326,
            43.122838,
            360.5
          ],
          [
            -1.561602,
            43.124217,
            351.25
          ],
          [
            -1.561378,
            43.124306,
            351.75
          ],
          [
            -1.561208,
            43.124323,
            351.0
          ],
          [
            -1.561048,
            43.124289,
            350.75
          ],
          [
            -1.560931,
            43.124232,
            350.75
          ],
          [
            -1.560809,
            43.124132,
            351.75
          ],
          [
            -1.56072,
            43.124021,
            351.25
          ],
          [
            -1.560596,
            43.12383,
            351.25
          ],
          [
            -1.560553,
            43.123726,
            349.75
          ],
          [
            -1.560491,
            43.123536,
            349.0
          ],
          [
            -1.560449,
            43.12328,
            349.0
          ],
          [
            -1.560491,
            43.123112,
            348.5
          ],
          [
            -1.560583,
            43.122939,
            348.75
          ],
          [
            -1.56136,
            43.122185,
            348.0
          ],
          [
            -1.561573,
            43.121913,
            346.0
          ],
          [
            -1.561627,
            43.121807,
            345.5
          ],
          [
            -1.561633,
            43.121714,
            344.25
          ],
          [
            -1.561604,
            43.121641,
            343.0
          ],
          [
            -1.56154,
            43.121598,
            342.75
          ],
          [
            -1.561436,
            43.121581,
            342.0
          ],
          [
            -1.561372,
            43.121591,
            341.75
          ],
          [
            -1.561276,
            43.121632,
            341.75
          ],
          [
            -1.561129,
            43.121711,
            340.5
          ],
          [
            -1.560662,
            43.12199,
            338.25
          ],
          [
            -1.559919,
            43.122331,
            331.25
          ],
          [
            -1.559199,
            43.122679,
            327.0
          ],
          [
            -1.559074,
            43.122785,
            326.0
          ],
          [
            -1.55897,
            43.122935,
            325.0
          ],
          [
            -1.558748,
            43.12349,
            321.25
          ],
          [
            -1.558645,
            43.123748,
            319.25
          ],
          [
            -1.558432,
            43.124063,
            316.5
          ],
          [
            -1.558257,
            43.124318,
            313.0
          ],
          [
            -1.558043,
            43.124636,
            310.75
          ],
          [
            -1.557957,
            43.124772,
            310.0
          ],
          [
            -1.55793,
            43.124837,
            310.0
          ],
          [
            -1.557922,
            43.124897,
            309.75
          ],
          [
            -1.557934,
            43.12497,
            309.5
          ],
          [
            -1.557972,
            43.125031,
            309.5
          ],
          [
            -1.558085,
            43.12512,
            309.75
          ],
          [
            -1.558349,
            43.125247,
            310.0
          ],
          [
            -1.558558,
            43.125332,
            309.75
          ],
          [
            -1.558696,
            43.125413,
            309.5
          ],
          [
            -1.558876,
            43.125558,
            309.25
          ],
          [
            -1.559018,
            43.125692,
            307.0
          ],
          [
            -1.55925,
            43.125978,
            304.75
          ],
          [
            -1.559333,
            43.126113,
            304.25
          ],
          [
            -1.559393,
            43.126241,
            303.0
          ],
          [
            -1.559438,
            43.126467,
            301.5
          ],
          [
            -1.559396,
            43.126683,
            300.25
          ],
          [
            -1.559283,
            43.1269,
            298.75
          ],
          [
            -1.558937,
            43.127302,
            295.5
          ],
          [
            -1.558913,
            43.127411,
            294.5
          ],
          [
            -1.558949,
            43.127526,
            293.0
          ],
          [
            -1.559369,
            43.128125,
            291.75
          ],
          [
            -1.559761,
            43.128703,
            289.75
          ],
          [
            -1.559846,
            43.128848,
            289.0
          ],
          [
            -1.559891,
            43.128967,
            288.25
          ],
          [
            -1.559918,
            43.129071,
            288.0
          ],
          [
            -1.559926,
            43.129199,
            287.75
          ],
          [
            -1.559923,
            43.129395,
            286.5
          ],
          [
            -1.559855,
            43.129761,
            283.5
          ],
          [
            -1.559691,
            43.130058,
            282.0
          ],
          [
            -1.558927,
            43.130846,
            277.25
          ],
          [
            -1.558896,
            43.130927,
            277.75
          ],
          [
            -1.558913,
            43.13103,
            277.5
          ],
          [
            -1.559029,
            43.131161,
            277.5
          ],
          [
            -1.559584,
            43.131417,
            278.0
          ],
          [
            -1.559998,
            43.131708,
            280.5
          ],
          [
            -1.56028,
            43.131948,
            280.0
          ],
          [
            -1.560376,
            43.132097,
            280.0
          ],
          [
            -1.56043,
            43.132192,
            280.0
          ],
          [
            -1.560627,
            43.13274,
            276.75
          ],
          [
            -1.560868,
            43.133488,
            278.25
          ],
          [
            -1.560856,
            43.133658,
            277.75
          ],
          [
            -1.560698,
            43.133856,
            277.5
          ],
          [
            -1.559531,
            43.134698,
            270.25
          ],
          [
            -1.559234,
            43.134853,
            269.25
          ],
          [
            -1.558817,
            43.13501,
            268.75
          ],
          [
            -1.558533,
            43.135064,
            267.5
          ],
          [
            -1.558154,
            43.135086,
            266.0
          ],
          [
            -1.557741,
            43.135056,
            264.0
          ],
          [
            -1.557495,
            43.134973,
            263.25
          ],
          [
            -1.557217,
            43.134797,
            261.5
          ],
          [
            -1.556926,
            43.134551,
            260.25
          ],
          [
            -1.556796,
            43.134382,
            259.75
          ],
          [
            -1.556661,
            43.134162,
            258.75
          ],
          [
            -1.556572,
            43.133939,
            256.75
          ],
          [
            -1.556517,
            43.133725,
            256.0
          ],
          [
            -1.556487,
            43.133465,
            255.0
          ],
          [
            -1.556427,
            43.133296,
            253.25
          ],
          [
            -1.556356,
            43.133187,
            252.0
          ],
          [
            -1.556243,
            43.133087,
            250.75
          ],
          [
            -1.554991,
            43.13227,
            243.25
          ],
          [
            -1.554732,
            43.132042,
            242.0
          ],
          [
            -1.554628,
            43.131887,
            240.5
          ],
          [
            -1.554623,
            43.131782,
            240.25
          ],
          [
            -1.554656,
            43.131673,
            241.25
          ],
          [
            -1.554736,
            43.131566,
            240.5
          ],
          [
            -1.554844,
            43.131486,
            239.75
          ],
          [
            -1.555004,
            43.131417,
            239.0
          ],
          [
            -1.555494,
            43.131295,
            237.0
          ],
          [
            -1.55568,
            43.131211,
            235.5
          ],
          [
            -1.55582,
            43.131127,
            234.25
          ],
          [
            -1.5559,
            43.131043,
            233.75
          ],
          [
            -1.555973,
            43.130925,
            234.0
          ],
          [
            -1.556015,
            43.130765,
            233.25
          ],
          [
            -1.556041,
            43.130657,
            232.5
          ],
          [
            -1.556038,
            43.130552,
            231.25
          ],
          [
            -1.556018,
            43.130479,
            231.75
          ],
          [
            -1.555981,
            43.130429,
            232.0
          ],
          [
            -1.555939,
            43.130398,
            232.0
          ],
          [
            -1.555872,
            43.130365,
            232.0
          ],
          [
            -1.555583,
            43.130296,
            228.75
          ],
          [
            -1.555235,
            43.130182,
            230.25
          ],
          [
            -1.55507,
            43.130098,
            227.75
          ],
          [
            -1.55495,
            43.130022,
            225.25
          ],
          [
            -1.554875,
            43.12995,
            224.75
          ],
          [
            -1.554765,
            43.129748,
            224.75
          ],
          [
            -1.554581,
            43.128959,
            218.0
          ],
          [
            -1.554526,
            43.128842,
            216.75
          ],
          [
            -1.554456,
            43.128752,
            216.5
          ],
          [
            -1.554356,
            43.128671,
            216.5
          ],
          [
            -1.554204,
            43.128577,
            216.75
          ],
          [
            -1.554026,
            43.128493,
            216.25
          ],
          [
            -1.553102,
            43.12823,
            214.25
          ],
          [
            -1.552414,
            43.128034,
            209.75
          ],
          [
            -1.55177,
            43.127764,
            203.5
          ],
          [
            -1.551538,
            43.127666,
            200.25
          ],
          [
            -1.55137,
            43.127628,
            198.75
          ],
          [
            -1.551224,
            43.127625,
            197.25
          ],
          [
            -1.550814,
            43.12764,
            194.75
          ],
          [
            -1.550505,
            43.127667,
            194.0
          ],
          [
            -1.550282,
            43.127701,
            193.25
          ],
          [
            -1.55011,
            43.127743,
            195.0
          ],
          [
            -1.549708,
            43.127842,
            196.75
          ],
          [
            -1.549441,
            43.127914,
            196.5
          ],
          [
            -1.549214,
            43.127988,
            196.0
          ],
          [
            -1.54898,
            43.12809,
            196.5
          ],
          [
            -1.548929,
            43.128123,
            196.5
          ],
          [
            -1.548646,
            43.12837,
            195.75
          ],
          [
            -1.548352,
            43.128675,
            196.0
          ],
          [
            -1.548192,
            43.12889,
            197.0
          ],
          [
            -1.548125,
            43.12896,
            197.25
          ],
          [
            -1.547906,
            43.129249,
            200.0
          ],
          [
            -1.547746,
            43.129486,
            203.25
          ],
          [
            -1.547531,
            43.129884,
            207.0
          ],
          [
            -1.547448,
            43.130049,
            208.75
          ],
          [
            -1.547416,
            43.130159,
            209.25
          ],
          [
            -1.547287,
            43.130666,
            210.75
          ],
          [
            -1.547312,
            43.130715,
            210.75
          ],
          [
            -1.547233,
            43.130734,
            211.5
          ],
          [
            -1.54715,
            43.130803,
            211.75
          ],
          [
            -1.547081,
            43.130898,
            212.0
          ],
          [
            -1.547004,
            43.130947,
            212.0
          ],
          [
            -1.546873,
            43.131031,
            211.75
          ],
          [
            -1.546675,
            43.131112,
            210.0
          ],
          [
            -1.546167,
            43.131275,
            207.25
          ],
          [
            -1.545973,
            43.131361,
            205.0
          ],
          [
            -1.545691,
            43.131501,
            202.5
          ],
          [
            -1.545627,
            43.131533,
            201.75
          ],
          [
            -1.545531,
            43.13158,
            201.0
          ],
          [
            -1.54475,
            43.131967,
            194.75
          ],
          [
            -1.544326,
            43.132178,
            193.75
          ],
          [
            -1.544248,
            43.132216,
            194.25
          ],
          [
            -1.543942,
            43.13237,
            194.75
          ],
          [
            -1.543591,
            43.132546,
            195.0
          ],
          [
            -1.543225,
            43.132729,
            195.5
          ],
          [
            -1.543111,
            43.132786,
            195.5
          ],
          [
            -1.542822,
            43.132931,
            196.0
          ],
          [
            -1.542422,
            43.133132,
            195.25
          ],
          [
            -1.541664,
            43.133512,
            194.0
          ],
          [
            -1.541196,
            43.133747,
            194.5
          ],
          [
            -1.541014,
            43.13381,
            195.0
          ],
          [
            -1.540719,
            43.1339,
            191.75
          ],
          [
            -1.538436,
            43.134367,
            189.5
          ],
          [
            -1.537684,
            43.134521,
            191.0
          ],
          [
            -1.537276,
            43.134605,
            191.75
          ],
          [
            -1.536909,
            43.13468,
            192.0
          ],
          [
            -1.536154,
            43.134835,
            192.5
          ],
          [
            -1.535305,
            43.13501,
            190.75
          ],
          [
            -1.535051,
            43.135063,
            190.25
          ],
          [
            -1.535002,
            43.135073,
            190.25
          ],
          [
            -1.534929,
            43.135088,
            190.0
          ],
          [
            -1.534698,
            43.135136,
            190.0
          ],
          [
            -1.534072,
            43.135265,
            193.25
          ],
          [
            -1.532862,
            43.135542,
            195.0
          ],
          [
            -1.532574,
            43.13564,
            194.25
          ],
          [
            -1.532173,
            43.135841,
            194.0
          ],
          [
            -1.531793,
            43.136034,
            193.25
          ],
          [
            -1.531287,
            43.136291,
            191.0
          ],
          [
            -1.529923,
            43.136989,
            187.75
          ],
          [
            -1.528336,
            43.137802,
            188.75
          ],
          [
            -1.528025,
            43.137948,
            189.0
          ],
          [
            -1.527519,
            43.138185,
            189.0
          ],
          [
            -1.5257,
            43.1391,
            191.25
          ],
          [
            -1.525504,
            43.139198,
            191.75
          ],
          [
            -1.52507,
            43.139416,
            192.0
          ],
          [
            -1.524159,
            43.139875,
            192.5
          ],
          [
            -1.523647,
            43.140132,
            193.0
          ],
          [
            -1.523298,
            43.140332,
            193.0
          ],
          [
            -1.523162,
            43.140443,
            193.0
          ],
          [
            -1.523084,
            43.140508,
            193.0
          ],
          [
            -1.522321,
            43.141135,
            193.5
          ],
          [
            -1.522259,
            43.141186,
            193.75
          ],
          [
            -1.5222,
            43.141234,
            194.0
          ],
          [
            -1.522095,
            43.14132,
            194.0
          ],
          [
            -1.521383,
            43.141908,
            194.0
          ],
          [
            -1.521046,
            43.142187,
            195.0
          ],
          [
            -1.520897,
            43.142311,
            195.0
          ],
          [
            -1.520844,
            43.142354,
            195.0
          ],
          [
            -1.520642,
            43.142521,
            195.0
          ],
          [
            -1.52052,
            43.142622,
            195.25
          ],
          [
            -1.520333,
            43.142777,
            195.75
          ],
          [
            -1.520295,
            43.142809,
            195.75
          ],
          [
            -1.519912,
            43.143131,
            196.0
          ],
          [
            -1.519715,
            43.143297,
            196.0
          ],
          [
            -1.519607,
            43.143391,
            196.75
          ],
          [
            -1.51902,
            43.143904,
            197.0
          ],
          [
            -1.51873,
            43.144204,
            198.0
          ],
          [
            -1.518649,
            43.144287,
            197.5
          ],
          [
            -1.518591,
            43.144246,
            197.75
          ],
          [
            -1.517945,
            43.143777,
            198.25
          ],
          [
            -1.517494,
            43.144023,
            199.0
          ],
          [
            -1.517134,
            43.144207,
            199.25
          ],
          [
            -1.516083,
            43.144804,
            201.0
          ],
          [
            -1.515781,
            43.14457,
            201.0
          ],
          [
            -1.515668,
            43.144589,
            201.0
          ],
          [
            -1.515436,
            43.144599,
            201.0
          ],
          [
            -1.515373,
            43.144546,
            201.25
          ],
          [
            -1.515259,
            43.144363,
            202.0
          ],
          [
            -1.514981,
            43.143983,
            203.75
          ],
          [
            -1.514513,
            43.14338,
            210.75
          ],
          [
            -1.514343,
            43.142959,
            217.5
          ],
          [
            -1.514298,
            43.142866,
            218.0
          ],
          [
            -1.514241,
            43.142787,
            218.25
          ],
          [
            -1.514212,
            43.142721,
            218.5
          ],
          [
            -1.514159,
            43.1426,
            218.5
          ],
          [
            -1.514145,
            43.142476,
            218.5
          ],
          [
            -1.514107,
            43.142422,
            219.5
          ],
          [
            -1.514032,
            43.142275,
            220.5
          ],
          [
            -1.51392,
            43.142151,
            220.75
          ],
          [
            -1.513811,
            43.142072,
            221.75
          ],
          [
            -1.513704,
            43.142038,
            222.0
          ],
          [
            -1.513472,
            43.142016,
            223.0
          ],
          [
            -1.513054,
            43.14201,
            224.25
          ],
          [
            -1.512703,
            43.141976,
            224.25
          ],
          [
            -1.512474,
            43.141987,
            225.25
          ],
          [
            -1.51216,
            43.141983,
            226.5
          ],
          [
            -1.511838,
            43.141942,
            229.5
          ],
          [
            -1.511497,
            43.141917,
            232.75
          ],
          [
            -1.511154,
            43.141858,
            239.25
          ],
          [
            -1.510548,
            43.141694,
            251.5
          ],
          [
            -1.510307,
            43.141619,
            253.0
          ],
          [
            -1.510255,
            43.141524,
            252.5
          ],
          [
            -1.510164,
            43.141286,
            250.0
          ],
          [
            -1.51006,
            43.141216,
            250.0
          ],
          [
            -1.509845,
            43.141197,
            249.25
          ],
          [
            -1.509765,
            43.141228,
            249.0
          ],
          [
            -1.509531,
            43.141454,
            247.25
          ],
          [
            -1.509346,
            43.141526,
            245.5
          ],
          [
            -1.509169,
            43.1416,
            244.25
          ],
          [
            -1.508949,
            43.141709,
            243.5
          ],
          [
            -1.508767,
            43.141827,
            244.0
          ],
          [
            -1.508614,
            43.141943,
            244.0
          ],
          [
            -1.508504,
            43.142093,
            243.5
          ],
          [
            -1.508268,
            43.142357,
            239.5
          ],
          [
            -1.508268,
            43.142391,
            239.5
          ],
          [
            -1.50827,
            43.142621,
            238.25
          ],
          [
            -1.508269,
            43.142725,
            236.75
          ],
          [
            -1.50825,
            43.142771,
            236.0
          ],
          [
            -1.508206,
            43.142785,
            235.25
          ],
          [
            -1.508147,
            43.142785,
            234.75
          ],
          [
            -1.508032,
            43.142716,
            234.0
          ],
          [
            -1.507922,
            43.142617,
            233.0
          ],
          [
            -1.507775,
            43.142406,
            230.75
          ],
          [
            -1.507702,
            43.142273,
            230.5
          ],
          [
            -1.507685,
            43.142191,
            231.25
          ],
          [
            -1.507553,
            43.142199,
            230.75
          ],
          [
            -1.507423,
            43.14222,
            231.0
          ],
          [
            -1.507344,
            43.142266,
            231.5
          ],
          [
            -1.507152,
            43.142387,
            231.25
          ],
          [
            -1.506844,
            43.142538,
            229.5
          ],
          [
            -1.506672,
            43.142605,
            229.0
          ],
          [
            -1.506559,
            43.142714,
            229.0
          ],
          [
            -1.506457,
            43.142793,
            228.25
          ],
          [
            -1.506357,
            43.14284,
            227.75
          ],
          [
            -1.506299,
            43.142856,
            227.75
          ],
          [
            -1.506189,
            43.142863,
            227.75
          ],
          [
            -1.50505,
            43.142743,
            216.25
          ],
          [
            -1.504927,
            43.142628,
            217.0
          ],
          [
            -1.504693,
            43.142371,
            217.75
          ],
          [
            -1.504338,
            43.141904,
            218.75
          ],
          [
            -1.504234,
            43.141698,
            219.75
          ],
          [
            -1.504119,
            43.141379,
            220.25
          ],
          [
            -1.504027,
            43.141016,
            222.75
          ],
          [
            -1.503941,
            43.140509,
            227.25
          ],
          [
            -1.50385,
            43.140379,
            227.25
          ],
          [
            -1.503743,
            43.140286,
            225.5
          ],
          [
            -1.503472,
            43.140163,
            226.25
          ],
          [
            -1.503164,
            43.139966,
            227.75
          ],
          [
            -1.502976,
            43.139891,
            227.5
          ],
          [
            -1.502686,
            43.139763,
            227.5
          ],
          [
            -1.50198,
            43.139461,
            227.0
          ],
          [
            -1.501873,
            43.139401,
            227.25
          ],
          [
            -1.501719,
            43.139241,
            228.5
          ],
          [
            -1.501431,
            43.138833,
            230.75
          ],
          [
            -1.501359,
            43.138714,
            231.0
          ],
          [
            -1.501299,
            43.13851,
            232.0
          ],
          [
            -1.501227,
            43.138206,
            232.5
          ],
          [
            -1.501195,
            43.137964,
            232.5
          ],
          [
            -1.501198,
            43.137765,
            231.75
          ],
          [
            -1.501327,
            43.137322,
            234.5
          ],
          [
            -1.501362,
            43.137166,
            234.75
          ],
          [
            -1.501355,
            43.137095,
            234.5
          ],
          [
            -1.501289,
            43.136999,
            234.5
          ],
          [
            -1.501141,
            43.136823,
            236.0
          ],
          [
            -1.50079,
            43.136436,
            239.0
          ],
          [
            -1.500721,
            43.136311,
            239.75
          ],
          [
            -1.500679,
            43.136157,
            240.0
          ],
          [
            -1.500702,
            43.135963,
            240.75
          ],
          [
            -1.500736,
            43.135584,
            241.0
          ],
          [
            -1.500717,
            43.135503,
            241.0
          ],
          [
            -1.500647,
            43.135426,
            242.0
          ],
          [
            -1.500202,
            43.135179,
            245.5
          ],
          [
            -1.500116,
            43.135109,
            246.75
          ],
          [
            -1.500057,
            43.13506,
            247.75
          ],
          [
            -1.499871,
            43.134781,
            250.75
          ],
          [
            -1.499745,
            43.13465,
            251.25
          ],
          [
            -1.499461,
            43.134438,
            254.5
          ],
          [
            -1.4993,
            43.134305,
            255.0
          ],
          [
            -1.499014,
            43.134081,
            256.75
          ],
          [
            -1.498866,
            43.133881,
            256.25
          ],
          [
            -1.49885,
            43.133759,
            257.25
          ],
          [
            -1.498976,
            43.13336,
            257.25
          ],
          [
            -1.49898,
            43.13326,
            257.0
          ],
          [
            -1.498919,
            43.133149,
            258.0
          ],
          [
            -1.498824,
            43.133057,
            259.25
          ],
          [
            -1.498621,
            43.132928,
            259.0
          ],
          [
            -1.498373,
            43.132798,
            262.0
          ],
          [
            -1.498205,
            43.132722,
            263.5
          ],
          [
            -1.497894,
            43.132641,
            265.5
          ],
          [
            -1.49777,
            43.132599,
            266.0
          ],
          [
            -1.497685,
            43.132536,
            266.5
          ],
          [
            -1.497584,
            43.132439,
            267.0
          ],
          [
            -1.497496,
            43.132329,
            267.25
          ],
          [
            -1.49743,
            43.132263,
            267.5
          ],
          [
            -1.497332,
            43.132208,
            268.0
          ],
          [
            -1.497054,
            43.132104,
            270.25
          ],
          [
            -1.496828,
            43.131995,
            271.0
          ],
          [
            -1.496632,
            43.131819,
            271.0
          ],
          [
            -1.496208,
            43.131477,
            274.75
          ],
          [
            -1.495862,
            43.131162,
            276.5
          ],
          [
            -1.495433,
            43.130801,
            279.75
          ],
          [
            -1.495189,
            43.130569,
            283.5
          ],
          [
            -1.495042,
            43.130319,
            285.75
          ],
          [
            -1.494966,
            43.130143,
            285.5
          ],
          [
            -1.49488,
            43.13002,
            285.75
          ],
          [
            -1.494769,
            43.129914,
            286.0
          ],
          [
            -1.494624,
            43.129839,
            287.25
          ],
          [
            -1.493703,
            43.12951,
            294.25
          ],
          [
            -1.492994,
            43.129239,
            302.25
          ],
          [
            -1.492314,
            43.129044,
            308.0
          ],
          [
            -1.492092,
            43.128936,
            308.75
          ],
          [
            -1.491497,
            43.128608,
            311.75
          ],
          [
            -1.491059,
            43.128329,
            317.5
          ],
          [
            -1.490723,
            43.128135,
            321.0
          ],
          [
            -1.490481,
            43.127987,
            323.0
          ],
          [
            -1.490307,
            43.127901,
            326.0
          ],
          [
            -1.490164,
            43.127853,
            327.25
          ],
          [
            -1.490055,
            43.127844,
            329.0
          ],
          [
            -1.489952,
            43.127863,
            330.0
          ],
          [
            -1.489816,
            43.127936,
            331.0
          ],
          [
            -1.489639,
            43.128062,
            333.25
          ],
          [
            -1.489356,
            43.128184,
            335.0
          ],
          [
            -1.489113,
            43.128256,
            334.75
          ],
          [
            -1.488963,
            43.128287,
            334.75
          ],
          [
            -1.488839,
            43.128301,
            335.25
          ],
          [
            -1.488246,
            43.128244,
            337.75
          ],
          [
            -1.487999,
            43.128188,
            339.75
          ],
          [
            -1.487598,
            43.128036,
            341.5
          ],
          [
            -1.487291,
            43.127904,
            345.0
          ],
          [
            -1.487073,
            43.127842,
            348.0
          ],
          [
            -1.486894,
            43.127815,
            349.75
          ],
          [
            -1.486565,
            43.127784,
            352.25
          ],
          [
            -1.486172,
            43.127785,
            355.75
          ],
          [
            -1.485767,
            43.127771,
            358.0
          ],
          [
            -1.485587,
            43.127736,
            360.5
          ],
          [
            -1.485428,
            43.127693,
            363.75
          ],
          [
            -1.484849,
            43.127488,
            367.25
          ],
          [
            -1.484676,
            43.127436,
            369.0
          ],
          [
            -1.484482,
            43.127399,
            372.0
          ],
          [
            -1.484328,
            43.127384,
            373.5
          ],
          [
            -1.483699,
            43.127354,
            379.5
          ],
          [
            -1.483515,
            43.127324,
            380.5
          ],
          [
            -1.483004,
            43.127206,
            383.25
          ],
          [
            -1.482947,
            43.127219,
            384.5
          ],
          [
            -1.482913,
            43.127248,
            386.0
          ],
          [
            -1.482928,
            43.127291,
            388.0
          ],
          [
            -1.482968,
            43.127319,
            389.0
          ],
          [
            -1.483054,
            43.12735,
            389.5
          ],
          [
            -1.483403,
            43.127443,
            389.0
          ],
          [
            -1.483787,
            43.127564,
            391.0
          ],
          [
            -1.484178,
            43.127699,
            393.5
          ],
          [
            -1.484762,
            43.127988,
            395.25
          ],
          [
            -1.484818,
            43.128037,
            396.75
          ],
          [
            -1.484831,
            43.128087,
            398.25
          ],
          [
            -1.484811,
            43.128136,
            399.75
          ],
          [
            -1.484742,
            43.128163,
            401.25
          ],
          [
            -1.48464,
            43.128157,
            402.5
          ],
          [
            -1.484494,
            43.128102,
            402.75
          ],
          [
            -1.48431,
            43.127998,
            402.5
          ],
          [
            -1.484163,
            43.127941,
            403.75
          ],
          [
            -1.484026,
            43.127899,
            404.75
          ],
          [
            -1.483853,
            43.127872,
            406.75
          ],
          [
            -1.483181,
            43.127839,
            414.25
          ],
          [
            -1.482819,
            43.127841,
            418.75
          ],
          [
            -1.481857,
            43.127826,
            426.0
          ],
          [
            -1.481624,
            43.127816,
            428.0
          ],
          [
            -1.48143,
            43.127787,
            429.75
          ],
          [
            -1.481216,
            43.127729,
            431.5
          ],
          [
            -1.481009,
            43.12765,
            432.75
          ],
          [
            -1.480761,
            43.127541,
            435.75
          ],
          [
            -1.480444,
            43.127371,
            440.0
          ],
          [
            -1.480196,
            43.127223,
            443.5
          ],
          [
            -1.479986,
            43.127155,
            446.5
          ],
          [
            -1.479822,
            43.127115,
            448.25
          ],
          [
            -1.479627,
            43.127078,
            451.0
          ],
          [
            -1.479352,
            43.127039,
            455.0
          ],
          [
            -1.478994,
            43.127022,
            460.25
          ],
          [
            -1.478841,
            43.126997,
            461.25
          ],
          [
            -1.478762,
            43.126959,
            460.75
          ],
          [
            -1.478723,
            43.12689,
            460.75
          ],
          [
            -1.478698,
            43.126816,
            461.5
          ],
          [
            -1.478749,
            43.12667,
            460.0
          ],
          [
            -1.478876,
            43.12654,
            461.75
          ],
          [
            -1.479291,
            43.126187,
            461.0
          ],
          [
            -1.479358,
            43.12612,
            463.0
          ],
          [
            -1.479416,
            43.126039,
            463.0
          ],
          [
            -1.47943,
            43.125986,
            462.5
          ],
          [
            -1.479394,
            43.125869,
            462.75
          ],
          [
            -1.479328,
            43.125758,
            461.75
          ],
          [
            -1.479263,
            43.125611,
            459.75
          ],
          [
            -1.479201,
            43.125436,
            459.25
          ],
          [
            -1.47919,
            43.125307,
            458.25
          ],
          [
            -1.479205,
            43.125145,
            456.5
          ],
          [
            -1.479232,
            43.124984,
            454.5
          ],
          [
            -1.479231,
            43.124867,
            452.5
          ],
          [
            -1.479198,
            43.124758,
            451.75
          ],
          [
            -1.479113,
            43.124618,
            450.75
          ],
          [
            -1.47895,
            43.124414,
            449.5
          ],
          [
            -1.478874,
            43.124303,
            448.75
          ],
          [
            -1.478833,
            43.124168,
            446.5
          ],
          [
            -1.478821,
            43.123957,
            443.75
          ],
          [
            -1.47883,
            43.123741,
            441.25
          ],
          [
            -1.478828,
            43.123518,
            438.75
          ],
          [
            -1.478792,
            43.123406,
            437.5
          ],
          [
            -1.478736,
            43.12332,
            436.75
          ],
          [
            -1.478449,
            43.123027,
            433.0
          ],
          [
            -1.478307,
            43.122863,
            431.0
          ],
          [
            -1.477993,
            43.122413,
            426.5
          ],
          [
            -1.47775,
            43.122139,
            424.0
          ],
          [
            -1.477369,
            43.121741,
            419.5
          ],
          [
            -1.477206,
            43.121599,
            418.0
          ],
          [
            -1.476948,
            43.121398,
            416.0
          ],
          [
            -1.476658,
            43.121182,
            414.75
          ],
          [
            -1.4765,
            43.121077,
            412.75
          ],
          [
            -1.476277,
            43.120992,
            411.25
          ],
          [
            -1.476092,
            43.120939,
            409.75
          ],
          [
            -1.475273,
            43.120822,
            401.25
          ],
          [
            -1.474747,
            43.120629,
            398.25
          ],
          [
            -1.474557,
            43.120617,
            397.25
          ],
          [
            -1.474344,
            43.120613,
            396.0
          ],
          [
            -1.47409,
            43.120651,
            395.25
          ],
          [
            -1.473796,
            43.120704,
            394.0
          ],
          [
            -1.47361,
            43.120709,
            392.75
          ],
          [
            -1.473461,
            43.120686,
            392.25
          ],
          [
            -1.473257,
            43.120632,
            391.5
          ],
          [
            -1.473155,
            43.120599,
            391.25
          ],
          [
            -1.473054,
            43.120541,
            390.5
          ],
          [
            -1.472796,
            43.120379,
            389.75
          ],
          [
            -1.472587,
            43.120271,
            389.0
          ],
          [
            -1.472409,
            43.120196,
            385.75
          ],
          [
            -1.472237,
            43.120142,
            383.0
          ],
          [
            -1.472012,
            43.12011,
            382.75
          ],
          [
            -1.471859,
            43.120106,
            382.75
          ],
          [
            -1.471499,
            43.120117,
            381.75
          ],
          [
            -1.471279,
            43.120135,
            381.0
          ],
          [
            -1.471055,
            43.120182,
            380.5
          ],
          [
            -1.470767,
            43.120295,
            378.25
          ],
          [
            -1.470476,
            43.120432,
            381.0
          ],
          [
            -1.470262,
            43.120542,
            379.75
          ],
          [
            -1.470171,
            43.120598,
            380.5
          ],
          [
            -1.470132,
            43.120623,
            381.0
          ],
          [
            -1.470004,
            43.120749,
            381.0
          ],
          [
            -1.469878,
            43.120967,
            382.75
          ],
          [
            -1.469843,
            43.121006,
            382.75
          ],
          [
            -1.469802,
            43.12103,
            382.25
          ],
          [
            -1.469766,
            43.121039,
            381.5
          ],
          [
            -1.469657,
            43.121055,
            380.75
          ],
          [
            -1.469328,
            43.121099,
            381.75
          ],
          [
            -1.468584,
            43.121234,
            383.5
          ],
          [
            -1.468183,
            43.121299,
            384.5
          ],
          [
            -1.468139,
            43.121319,
            384.5
          ],
          [
            -1.467655,
            43.121514,
            386.25
          ],
          [
            -1.467434,
            43.121645,
            387.0
          ],
          [
            -1.467341,
            43.121713,
            387.25
          ],
          [
            -1.467168,
            43.121798,
            387.5
          ],
          [
            -1.467122,
            43.121859,
            387.5
          ],
          [
            -1.467071,
            43.121937,
            387.5
          ],
          [
            -1.466985,
            43.122013,
            388.0
          ],
          [
            -1.466875,
            43.122077,
            388.25
          ],
          [
            -1.46675,
            43.122099,
            388.5
          ],
          [
            -1.466625,
            43.122098,
            388.75
          ],
          [
            -1.466499,
            43.12207,
            389.5
          ],
          [
            -1.466159,
            43.121891,
            390.0
          ],
          [
            -1.465998,
            43.121847,
            391.0
          ],
          [
            -1.465805,
            43.121845,
            392.0
          ],
          [
            -1.46566,
            43.121876,
            392.5
          ],
          [
            -1.465624,
            43.121914,
            392.75
          ],
          [
            -1.465614,
            43.121947,
            392.75
          ],
          [
            -1.465167,
            43.122039,
            399.5
          ],
          [
            -1.464745,
            43.122139,
            405.25
          ],
          [
            -1.464529,
            43.122205,
            407.25
          ],
          [
            -1.464352,
            43.122316,
            408.75
          ],
          [
            -1.464194,
            43.122514,
            410.75
          ],
          [
            -1.463991,
            43.122828,
            416.75
          ],
          [
            -1.463853,
            43.122903,
            416.5
          ],
          [
            -1.463551,
            43.123083,
            418.5
          ],
          [
            -1.463202,
            43.123316,
            420.75
          ],
          [
            -1.463059,
            43.123391,
            421.25
          ],
          [
            -1.462916,
            43.123407,
            421.25
          ],
          [
            -1.462295,
            43.123399,
            416.25
          ],
          [
            -1.462023,
            43.12337,
            412.5
          ],
          [
            -1.461865,
            43.123292,
            410.75
          ],
          [
            -1.46185,
            43.123244,
            410.25
          ],
          [
            -1.461869,
            43.123174,
            409.5
          ],
          [
            -1.461832,
            43.123021,
            408.0
          ],
          [
            -1.461751,
            43.122925,
            407.5
          ],
          [
            -1.461652,
            43.12286,
            407.5
          ],
          [
            -1.461487,
            43.122817,
            406.75
          ],
          [
            -1.461366,
            43.122807,
            406.5
          ],
          [
            -1.461288,
            43.122822,
            407.0
          ],
          [
            -1.461193,
            43.122841,
            408.0
          ],
          [
            -1.460991,
            43.122868,
            409.25
          ],
          [
            -1.460759,
            43.122836,
            409.75
          ],
          [
            -1.460561,
            43.122785,
            410.0
          ],
          [
            -1.460381,
            43.122686,
            411.5
          ],
          [
            -1.460245,
            43.122597,
            412.5
          ],
          [
            -1.460119,
            43.122537,
            413.25
          ],
          [
            -1.45998,
            43.122486,
            414.5
          ],
          [
            -1.459862,
            43.12246,
            416.75
          ],
          [
            -1.459631,
            43.12249,
            419.5
          ],
          [
            -1.459545,
            43.12249,
            420.75
          ],
          [
            -1.4595,
            43.12246,
            422.25
          ],
          [
            -1.459492,
            43.122419,
            423.5
          ],
          [
            -1.459537,
            43.122368,
            424.0
          ],
          [
            -1.459623,
            43.122247,
            425.5
          ],
          [
            -1.459704,
            43.121975,
            428.75
          ],
          [
            -1.459846,
            43.121376,
            435.5
          ],
          [
            -1.459851,
            43.121239,
            437.0
          ],
          [
            -1.459819,
            43.120773,
            443.0
          ],
          [
            -1.459647,
            43.12036,
            447.25
          ],
          [
            -1.459618,
            43.12032,
            448.0
          ],
          [
            -1.459553,
            43.120315,
            450.0
          ],
          [
            -1.459508,
            43.120332,
            451.5
          ],
          [
            -1.459502,
            43.120371,
            452.0
          ],
          [
            -1.459532,
            43.120509,
            452.0
          ],
          [
            -1.459524,
            43.120628,
            453.0
          ],
          [
            -1.459492,
            43.12074,
            454.75
          ],
          [
            -1.459304,
            43.121014,
            459.5
          ],
          [
            -1.459132,
            43.121196,
            462.0
          ],
          [
            -1.459076,
            43.121221,
            463.75
          ],
          [
            -1.459001,
            43.121221,
            466.75
          ],
          [
            -1.458985,
            43.121188,
            467.75
          ],
          [
            -1.458996,
            43.121147,
            468.0
          ],
          [
            -1.459028,
            43.121094,
            467.5
          ],
          [
            -1.459025,
            43.121018,
            468.25
          ],
          [
            -1.458883,
            43.120622,
            473.75
          ],
          [
            -1.458821,
            43.120536,
            474.5
          ],
          [
            -1.458754,
            43.120477,
            475.0
          ],
          [
            -1.458633,
            43.120418,
            476.5
          ],
          [
            -1.458422,
            43.120344,
            477.25
          ],
          [
            -1.458277,
            43.12025,
            477.5
          ],
          [
            -1.458132,
            43.120092,
            478.0
          ],
          [
            -1.458049,
            43.120049,
            478.75
          ],
          [
            -1.457984,
            43.119981,
            480.0
          ],
          [
            -1.457862,
            43.119776,
            481.25
          ],
          [
            -1.457622,
            43.118914,
            481.0
          ],
          [
            -1.457612,
            43.118744,
            479.25
          ],
          [
            -1.457562,
            43.118683,
            479.75
          ],
          [
            -1.457519,
            43.118631,
            479.75
          ],
          [
            -1.457453,
            43.118491,
            479.25
          ],
          [
            -1.457453,
            43.118314,
            476.5
          ],
          [
            -1.457383,
            43.118144,
            474.75
          ],
          [
            -1.457262,
            43.117929,
            474.25
          ],
          [
            -1.457131,
            43.117755,
            476.0
          ],
          [
            -1.456997,
            43.117517,
            476.75
          ],
          [
            -1.456977,
            43.117482,
            476.75
          ],
          [
            -1.4568,
            43.117278,
            477.75
          ],
          [
            -1.456538,
            43.11706,
            478.25
          ],
          [
            -1.456492,
            43.117035,
            478.5
          ],
          [
            -1.456239,
            43.116903,
            479.5
          ],
          [
            -1.455964,
            43.116841,
            482.0
          ],
          [
            -1.455226,
            43.116825,
            487.0
          ],
          [
            -1.454752,
            43.116779,
            492.25
          ],
          [
            -1.454312,
            43.116778,
            497.0
          ],
          [
            -1.453929,
            43.116801,
            501.5
          ],
          [
            -1.453617,
            43.116851,
            504.5
          ],
          [
            -1.453442,
            43.116892,
            505.25
          ],
          [
            -1.453288,
            43.116959,
            506.5
          ],
          [
            -1.453111,
            43.117065,
            508.75
          ],
          [
            -1.452924,
            43.11716,
            511.5
          ],
          [
            -1.452643,
            43.117248,
            513.75
          ],
          [
            -1.452413,
            43.117247,
            514.25
          ],
          [
            -1.452054,
            43.117161,
            515.0
          ],
          [
            -1.451955,
            43.117158,
            516.25
          ],
          [
            -1.451857,
            43.117175,
            516.0
          ],
          [
            -1.451672,
            43.117249,
            518.0
          ],
          [
            -1.451429,
            43.117375,
            520.5
          ],
          [
            -1.451296,
            43.117424,
            521.75
          ],
          [
            -1.451164,
            43.117455,
            521.75
          ],
          [
            -1.450905,
            43.117436,
            521.5
          ],
          [
            -1.450461,
            43.117342,
            524.75
          ],
          [
            -1.4501,
            43.117285,
            528.75
          ],
          [
            -1.449863,
            43.117263,
            530.75
          ],
          [
            -1.449016,
            43.117323,
            538.5
          ],
          [
            -1.448205,
            43.117451,
            541.25
          ],
          [
            -1.446769,
            43.117483,
            545.25
          ],
          [
            -1.44588,
            43.117519,
            553.25
          ],
          [
            -1.445649,
            43.117546,
            554.5
          ],
          [
            -1.445451,
            43.117539,
            555.5
          ],
          [
            -1.445016,
            43.117431,
            556.0
          ],
          [
            -1.444768,
            43.117398,
            558.75
          ],
          [
            -1.444571,
            43.11741,
            560.5
          ],
          [
            -1.444386,
            43.117452,
            561.5
          ],
          [
            -1.444211,
            43.117577,
            561.75
          ],
          [
            -1.444133,
            43.117661,
            562.0
          ],
          [
            -1.444111,
            43.117745,
            563.25
          ],
          [
            -1.444166,
            43.11787,
            565.25
          ],
          [
            -1.444161,
            43.117987,
            565.5
          ],
          [
            -1.444012,
            43.11823,
            571.0
          ],
          [
            -1.443367,
            43.118639,
            576.0
          ],
          [
            -1.443284,
            43.118655,
            576.5
          ],
          [
            -1.443233,
            43.118593,
            577.0
          ],
          [
            -1.44326,
            43.118492,
            579.25
          ],
          [
            -1.443366,
            43.118378,
            578.75
          ],
          [
            -1.443423,
            43.118211,
            579.5
          ],
          [
            -1.44343,
            43.118136,
            580.5
          ],
          [
            -1.443391,
            43.1181,
            582.75
          ],
          [
            -1.443346,
            43.118107,
            584.5
          ],
          [
            -1.443292,
            43.118156,
            585.5
          ],
          [
            -1.443269,
            43.118233,
            585.0
          ],
          [
            -1.443233,
            43.118251,
            586.25
          ],
          [
            -1.4432,
            43.118238,
            587.5
          ],
          [
            -1.443135,
            43.118152,
            590.5
          ],
          [
            -1.442992,
            43.118034,
            593.5
          ],
          [
            -1.442717,
            43.11784,
            596.5
          ],
          [
            -1.442498,
            43.117662,
            599.25
          ],
          [
            -1.442318,
            43.117553,
            601.5
          ],
          [
            -1.442098,
            43.117471,
            604.5
          ],
          [
            -1.441805,
            43.117397,
            608.25
          ],
          [
            -1.441454,
            43.117297,
            612.25
          ],
          [
            -1.4414,
            43.117315,
            613.75
          ],
          [
            -1.441371,
            43.117334,
            614.5
          ],
          [
            -1.441354,
            43.117368,
            615.5
          ],
          [
            -1.441322,
            43.117656,
            620.75
          ],
          [
            -1.441257,
            43.117775,
            623.25
          ],
          [
            -1.441026,
            43.118046,
            625.75
          ],
          [
            -1.440953,
            43.118166,
            627.25
          ],
          [
            -1.440912,
            43.118294,
            628.25
          ],
          [
            -1.440872,
            43.118565,
            629.0
          ],
          [
            -1.440853,
            43.118617,
            629.5
          ],
          [
            -1.440827,
            43.11865,
            630.25
          ],
          [
            -1.440546,
            43.118802,
            636.0
          ],
          [
            -1.440517,
            43.11883,
            636.5
          ],
          [
            -1.440505,
            43.118886,
            636.25
          ],
          [
            -1.440532,
            43.118924,
            636.25
          ],
          [
            -1.440606,
            43.118978,
            636.25
          ],
          [
            -1.440579,
            43.119011,
            637.5
          ],
          [
            -1.440484,
            43.11901,
            640.0
          ],
          [
            -1.440441,
            43.119013,
            641.25
          ],
          [
            -1.440407,
            43.118983,
            641.25
          ],
          [
            -1.440391,
            43.11888,
            639.25
          ],
          [
            -1.440458,
            43.118669,
            640.25
          ],
          [
            -1.440049,
            43.117863,
            648.0
          ],
          [
            -1.439986,
            43.117691,
            647.5
          ],
          [
            -1.439715,
            43.117528,
            649.5
          ],
          [
            -1.439497,
            43.117502,
            650.5
          ],
          [
            -1.439333,
            43.117364,
            650.75
          ],
          [
            -1.439167,
            43.117267,
            651.25
          ],
          [
            -1.438872,
            43.117204,
            654.25
          ],
          [
            -1.438689,
            43.117144,
            658.0
          ],
          [
            -1.438639,
            43.117079,
            658.0
          ],
          [
            -1.438745,
            43.116936,
            656.0
          ],
          [
            -1.439088,
            43.116785,
            656.5
          ],
          [
            -1.439395,
            43.116582,
            655.5
          ],
          [
            -1.439466,
            43.1165,
            657.25
          ],
          [
            -1.439608,
            43.116339,
            661.0
          ],
          [
            -1.439606,
            43.115908,
            668.5
          ],
          [
            -1.43959,
            43.115817,
            669.75
          ],
          [
            -1.439563,
            43.115508,
            670.25
          ],
          [
            -1.439538,
            43.115347,
            670.5
          ],
          [
            -1.439513,
            43.115241,
            671.0
          ],
          [
            -1.439493,
            43.114947,
            671.0
          ],
          [
            -1.439462,
            43.114691,
            672.25
          ],
          [
            -1.439418,
            43.114558,
            673.25
          ],
          [
            -1.439286,
            43.114249,
            675.75
          ],
          [
            -1.439182,
            43.114076,
            678.0
          ],
          [
            -1.439102,
            43.113887,
            679.75
          ],
          [
            -1.438991,
            43.113453,
            682.5
          ],
          [
            -1.439009,
            43.113201,
            683.5
          ],
          [
            -1.439041,
            43.113003,
            684.75
          ],
          [
            -1.439082,
            43.112828,
            686.0
          ],
          [
            -1.439088,
            43.112763,
            686.5
          ],
          [
            -1.439079,
            43.112705,
            686.75
          ],
          [
            -1.43909,
            43.112672,
            686.75
          ],
          [
            -1.439045,
            43.112192,
            688.25
          ],
          [
            -1.439108,
            43.112122,
            688.0
          ],
          [
            -1.439116,
            43.112089,
            688.0
          ],
          [
            -1.439142,
            43.111999,
            687.75
          ],
          [
            -1.439284,
            43.111783,
            686.75
          ],
          [
            -1.439799,
            43.111127,
            679.0
          ],
          [
            -1.439965,
            43.110966,
            679.0
          ],
          [
            -1.440222,
            43.110808,
            682.75
          ],
          [
            -1.440724,
            43.110416,
            687.5
          ],
          [
            -1.440814,
            43.110328,
            688.25
          ],
          [
            -1.440539,
            43.110175,
            685.0
          ],
          [
            -1.440061,
            43.109979,
            685.0
          ],
          [
            -1.439674,
            43.109856,
            684.5
          ],
          [
            -1.439504,
            43.10981,
            684.25
          ],
          [
            -1.439347,
            43.109755,
            683.25
          ],
          [
            -1.439261,
            43.109696,
            682.75
          ],
          [
            -1.439177,
            43.109655,
            682.0
          ],
          [
            -1.43897,
            43.109648,
            679.75
          ],
          [
            -1.438891,
            43.109635,
            679.25
          ],
          [
            -1.438384,
            43.109229,
            681.5
          ],
          [
            -1.438052,
            43.108992,
            675.75
          ],
          [
            -1.437987,
            43.108844,
            676.75
          ],
          [
            -1.437849,
            43.108727,
            673.5
          ],
          [
            -1.437601,
            43.108585,
            669.25
          ],
          [
            -1.437431,
            43.108523,
            666.5
          ],
          [
            -1.4373,
            43.108471,
            664.5
          ],
          [
            -1.436973,
            43.108372,
            659.25
          ],
          [
            -1.436769,
            43.108331,
            655.5
          ],
          [
            -1.436572,
            43.108274,
            652.5
          ],
          [
            -1.436079,
            43.108107,
            646.75
          ],
          [
            -1.43592,
            43.108071,
            644.5
          ],
          [
            -1.435751,
            43.108005,
            641.25
          ],
          [
            -1.435653,
            43.107912,
            639.5
          ],
          [
            -1.435625,
            43.107838,
            639.5
          ],
          [
            -1.43564,
            43.107782,
            640.25
          ],
          [
            -1.435699,
            43.107703,
            640.25
          ],
          [
            -1.435771,
            43.107568,
            638.25
          ],
          [
            -1.435836,
            43.107482,
            637.75
          ],
          [
            -1.435848,
            43.107454,
            639.5
          ],
          [
            -1.435808,
            43.107441,
            639.25
          ],
          [
            -1.435473,
            43.107422,
            636.25
          ],
          [
            -1.435206,
            43.107353,
            636.0
          ],
          [
            -1.434802,
            43.107195,
            633.75
          ],
          [
            -1.434728,
            43.107155,
            633.25
          ],
          [
            -1.434616,
            43.107071,
            631.25
          ],
          [
            -1.434402,
            43.1067,
            631.0
          ],
          [
            -1.434274,
            43.106557,
            629.5
          ],
          [
            -1.434175,
            43.106473,
            627.5
          ],
          [
            -1.433942,
            43.106309,
            621.25
          ],
          [
            -1.433751,
            43.106165,
            621.0
          ],
          [
            -1.433676,
            43.106086,
            620.75
          ],
          [
            -1.43359,
            43.105988,
            617.5
          ],
          [
            -1.433541,
            43.105989,
            616.5
          ],
          [
            -1.433406,
            43.105991,
            613.5
          ],
          [
            -1.433309,
            43.105979,
            611.5
          ],
          [
            -1.433056,
            43.105912,
            607.25
          ],
          [
            -1.432946,
            43.105892,
            606.25
          ],
          [
            -1.432883,
            43.105872,
            605.5
          ],
          [
            -1.432859,
            43.105846,
            604.75
          ],
          [
            -1.432871,
            43.105806,
            603.5
          ],
          [
            -1.432938,
            43.105769,
            602.75
          ],
          [
            -1.433332,
            43.105505,
            596.75
          ],
          [
            -1.433423,
            43.105473,
            596.75
          ],
          [
            -1.433466,
            43.105442,
            596.25
          ],
          [
            -1.433451,
            43.105411,
            594.5
          ],
          [
            -1.433423,
            43.105387,
            593.0
          ],
          [
            -1.433282,
            43.105412,
            592.0
          ],
          [
            -1.432761,
            43.105387,
            585.75
          ],
          [
            -1.432694,
            43.105371,
            584.0
          ],
          [
            -1.432665,
            43.105336,
            582.0
          ],
          [
            -1.432686,
            43.105276,
            579.5
          ],
          [
            -1.432817,
            43.105142,
            576.25
          ],
          [
            -1.433026,
            43.104968,
            571.5
          ],
          [
            -1.433172,
            43.104896,
            569.75
          ],
          [
            -1.43338,
            43.104841,
            568.0
          ],
          [
            -1.433657,
            43.104808,
            566.5
          ],
          [
            -1.433757,
            43.104788,
            567.25
          ],
          [
            -1.43381,
            43.104759,
            566.5
          ],
          [
            -1.433832,
            43.104672,
            563.75
          ],
          [
            -1.433837,
            43.104218,
            553.5
          ],
          [
            -1.433832,
            43.104054,
            552.5
          ],
          [
            -1.433767,
            43.103905,
            549.75
          ],
          [
            -1.433661,
            43.103697,
            544.75
          ],
          [
            -1.433655,
            43.103568,
            544.25
          ],
          [
            -1.433603,
            43.103411,
            541.75
          ],
          [
            -1.433449,
            43.103117,
            535.25
          ],
          [
            -1.433469,
            43.103082,
            535.0
          ],
          [
            -1.433527,
            43.103057,
            534.5
          ],
          [
            -1.433677,
            43.103055,
            533.5
          ],
          [
            -1.433916,
            43.103038,
            530.75
          ],
          [
            -1.434329,
            43.102999,
            523.0
          ],
          [
            -1.434676,
            43.102992,
            518.25
          ],
          [
            -1.434783,
            43.102969,
            515.5
          ],
          [
            -1.434804,
            43.102935,
            513.25
          ],
          [
            -1.434789,
            43.102901,
            511.25
          ],
          [
            -1.434441,
            43.102781,
            505.25
          ],
          [
            -1.434227,
            43.102705,
            504.75
          ],
          [
            -1.434048,
            43.102596,
            501.5
          ],
          [
            -1.433725,
            43.102324,
            494.0
          ],
          [
            -1.43363,
            43.102221,
            491.25
          ],
          [
            -1.433469,
            43.101876,
            479.25
          ],
          [
            -1.433335,
            43.101709,
            474.25
          ],
          [
            -1.433153,
            43.101513,
            468.0
          ],
          [
            -1.432974,
            43.101369,
            463.0
          ],
          [
            -1.432601,
            43.101176,
            454.25
          ],
          [
            -1.432212,
            43.101005,
            448.75
          ],
          [
            -1.432073,
            43.100892,
            445.5
          ],
          [
            -1.43196,
            43.100728,
            440.0
          ],
          [
            -1.431827,
            43.100572,
            435.75
          ],
          [
            -1.431764,
            43.100527,
            434.75
          ],
          [
            -1.431326,
            43.100309,
            426.75
          ],
          [
            -1.430935,
            43.1001,
            417.0
          ],
          [
            -1.43089,
            43.100016,
            413.75
          ],
          [
            -1.430822,
            43.099929,
            410.25
          ],
          [
            -1.430713,
            43.09985,
            406.5
          ],
          [
            -1.430482,
            43.099731,
            402.25
          ],
          [
            -1.430394,
            43.099652,
            400.0
          ],
          [
            -1.430329,
            43.099559,
            398.25
          ],
          [
            -1.430277,
            43.099386,
            396.0
          ],
          [
            -1.430223,
            43.099331,
            393.75
          ],
          [
            -1.430009,
            43.099209,
            387.5
          ],
          [
            -1.429947,
            43.099153,
            386.0
          ],
          [
            -1.429934,
            43.099106,
            384.75
          ],
          [
            -1.430022,
            43.098825,
            379.25
          ],
          [
            -1.430014,
            43.098701,
            377.75
          ],
          [
            -1.429976,
            43.098641,
            377.0
          ],
          [
            -1.429871,
            43.098632,
            376.75
          ],
          [
            -1.429677,
            43.098594,
            376.0
          ],
          [
            -1.429168,
            43.098428,
            376.75
          ],
          [
            -1.429076,
            43.098406,
            375.25
          ],
          [
            -1.428994,
            43.09841,
            373.5
          ],
          [
            -1.428856,
            43.098448,
            371.0
          ],
          [
            -1.428634,
            43.098521,
            370.0
          ],
          [
            -1.42855,
            43.098541,
            369.75
          ],
          [
            -1.428217,
            43.098532,
            369.0
          ],
          [
            -1.428221,
            43.0982,
            369.75
          ],
          [
            -1.428573,
            43.097927,
            370.75
          ],
          [
            -1.428616,
            43.097696,
            372.0
          ],
          [
            -1.42869,
            43.097515,
            374.75
          ],
          [
            -1.428823,
            43.097381,
            377.0
          ],
          [
            -1.428903,
            43.097288,
            377.0
          ],
          [
            -1.429065,
            43.097164,
            379.0
          ],
          [
            -1.429167,
            43.09707,
            379.5
          ],
          [
            -1.429262,
            43.096936,
            381.0
          ],
          [
            -1.42937,
            43.096618,
            384.5
          ],
          [
            -1.429419,
            43.09655,
            386.0
          ],
          [
            -1.429418,
            43.096399,
            385.0
          ],
          [
            -1.429469,
            43.096189,
            385.5
          ],
          [
            -1.429553,
            43.096081,
            389.25
          ],
          [
            -1.4296,
            43.095991,
            391.5
          ],
          [
            -1.429686,
            43.095763,
            393.75
          ],
          [
            -1.429903,
            43.095604,
            393.5
          ],
          [
            -1.429973,
            43.095514,
            393.5
          ],
          [
            -1.430041,
            43.095363,
            394.5
          ],
          [
            -1.430154,
            43.095242,
            394.5
          ],
          [
            -1.430238,
            43.095176,
            394.25
          ],
          [
            -1.430326,
            43.095061,
            394.5
          ],
          [
            -1.430362,
            43.094984,
            394.75
          ],
          [
            -1.43038,
            43.094863,
            394.5
          ],
          [
            -1.430326,
            43.094609,
            391.75
          ],
          [
            -1.430085,
            43.094303,
            386.75
          ],
          [
            -1.429988,
            43.094219,
            386.0
          ],
          [
            -1.429672,
            43.093925,
            385.75
          ],
          [
            -1.429507,
            43.093721,
            385.0
          ],
          [
            -1.429157,
            43.093375,
            385.5
          ],
          [
            -1.429113,
            43.093289,
            385.25
          ],
          [
            -1.429086,
            43.093155,
            385.5
          ],
          [
            -1.42898,
            43.092903,
            384.0
          ],
          [
            -1.428857,
            43.092717,
            382.75
          ],
          [
            -1.428841,
            43.092624,
            382.0
          ],
          [
            -1.428831,
            43.092536,
            381.5
          ],
          [
            -1.428893,
            43.09234,
            381.25
          ],
          [
            -1.428922,
            43.092102,
            379.25
          ],
          [
            -1.428884,
            43.091841,
            377.5
          ],
          [
            -1.428837,
            43.091694,
            378.25
          ],
          [
            -1.428806,
            43.091626,
            378.5
          ],
          [
            -1.428574,
            43.091407,
            378.5
          ],
          [
            -1.428501,
            43.091314,
            378.5
          ],
          [
            -1.428487,
            43.091286,
            378.5
          ],
          [
            -1.428491,
            43.09123,
            379.0
          ],
          [
            -1.428467,
            43.09101,
            379.75
          ],
          [
            -1.42847,
            43.090884,
            380.25
          ],
          [
            -1.428511,
            43.090778,
            381.0
          ],
          [
            -1.428722,
            43.090512,
            385.5
          ],
          [
            -1.428668,
            43.090399,
            386.75
          ],
          [
            -1.428649,
            43.090233,
            389.0
          ],
          [
            -1.428633,
            43.089423,
            398.5
          ],
          [
            -1.428654,
            43.089275,
            400.75
          ],
          [
            -1.428725,
            43.089083,
            403.25
          ],
          [
            -1.428874,
            43.088729,
            408.75
          ],
          [
            -1.42884,
            43.088652,
            407.75
          ],
          [
            -1.428811,
            43.08833,
            406.5
          ],
          [
            -1.428782,
            43.088227,
            406.5
          ],
          [
            -1.428531,
            43.087726,
            403.5
          ],
          [
            -1.428404,
            43.087435,
            403.25
          ],
          [
            -1.428346,
            43.08735,
            402.25
          ],
          [
            -1.428118,
            43.087159,
            398.25
          ],
          [
            -1.42793,
            43.086916,
            395.5
          ],
          [
            -1.427701,
            43.086714,
            391.75
          ],
          [
            -1.427364,
            43.086326,
            389.75
          ],
          [
            -1.427044,
            43.085919,
            385.25
          ],
          [
            -1.426987,
            43.085831,
            384.75
          ],
          [
            -1.426905,
            43.085772,
            384.0
          ],
          [
            -1.426872,
            43.085772,
            383.75
          ],
          [
            -1.426772,
            43.08577,
            383.25
          ],
          [
            -1.426653,
            43.08581,
            382.75
          ],
          [
            -1.426613,
            43.085826,
            382.75
          ],
          [
            -1.426108,
            43.085343,
            382.25
          ],
          [
            -1.425776,
            43.085201,
            383.75
          ],
          [
            -1.425572,
            43.085174,
            384.0
          ],
          [
            -1.425478,
            43.085126,
            384.0
          ],
          [
            -1.425312,
            43.084979,
            384.5
          ],
          [
            -1.425111,
            43.084871,
            384.5
          ],
          [
            -1.424948,
            43.084755,
            385.0
          ],
          [
            -1.424808,
            43.084684,
            384.75
          ],
          [
            -1.424652,
            43.084637,
            385.25
          ],
          [
            -1.424509,
            43.084614,
            385.75
          ],
          [
            -1.424327,
            43.084611,
            386.25
          ],
          [
            -1.42383,
            43.084552,
            387.0
          ],
          [
            -1.423706,
            43.084556,
            387.25
          ],
          [
            -1.423544,
            43.084576,
            388.0
          ],
          [
            -1.4235,
            43.084581,
            388.25
          ],
          [
            -1.423397,
            43.084183,
            387.75
          ],
          [
            -1.423344,
            43.084097,
            387.25
          ],
          [
            -1.423193,
            43.083902,
            387.0
          ],
          [
            -1.423122,
            43.083781,
            387.0
          ],
          [
            -1.423081,
            43.083684,
            387.0
          ],
          [
            -1.423052,
            43.083579,
            387.0
          ],
          [
            -1.423038,
            43.083439,
            387.0
          ],
          [
            -1.423029,
            43.082842,
            388.25
          ],
          [
            -1.423012,
            43.082695,
            390.5
          ],
          [
            -1.422986,
            43.082615,
            392.75
          ],
          [
            -1.422842,
            43.082408,
            399.25
          ],
          [
            -1.422691,
            43.082218,
            404.25
          ],
          [
            -1.422614,
            43.082096,
            408.0
          ],
          [
            -1.422563,
            43.081971,
            410.5
          ],
          [
            -1.422224,
            43.080941,
            442.5
          ],
          [
            -1.4222,
            43.080819,
            446.25
          ],
          [
            -1.422194,
            43.080713,
            449.75
          ],
          [
            -1.422221,
            43.080145,
            455.0
          ],
          [
            -1.422253,
            43.079797,
            454.0
          ],
          [
            -1.422252,
            43.079527,
            454.0
          ],
          [
            -1.422199,
            43.079387,
            454.0
          ],
          [
            -1.422103,
            43.079232,
            454.25
          ],
          [
            -1.421843,
            43.078848,
            454.0
          ],
          [
            -1.421827,
            43.078781,
            454.25
          ],
          [
            -1.421771,
            43.078169,
            454.75
          ],
          [
            -1.421736,
            43.078083,
            455.0
          ],
          [
            -1.421573,
            43.077857,
            452.5
          ],
          [
            -1.421339,
            43.077412,
            453.25
          ],
          [
            -1.421146,
            43.077109,
            454.0
          ],
          [
            -1.420753,
            43.07664,
            445.5
          ],
          [
            -1.420664,
            43.076496,
            437.5
          ],
          [
            -1.420636,
            43.076395,
            433.0
          ],
          [
            -1.420578,
            43.075964,
            418.0
          ],
          [
            -1.420542,
            43.075884,
            415.75
          ],
          [
            -1.420482,
            43.075809,
            415.25
          ],
          [
            -1.420246,
            43.07562,
            415.0
          ],
          [
            -1.42011,
            43.075496,
            412.25
          ],
          [
            -1.419905,
            43.075285,
            409.0
          ],
          [
            -1.419692,
            43.075118,
            408.5
          ],
          [
            -1.419544,
            43.075023,
            409.25
          ],
          [
            -1.419424,
            43.074964,
            409.75
          ],
          [
            -1.419319,
            43.07492,
            410.0
          ],
          [
            -1.419146,
            43.074864,
            411.0
          ],
          [
            -1.419083,
            43.074845,
            411.25
          ],
          [
            -1.41894,
            43.074795,
            411.75
          ],
          [
            -1.418829,
            43.074747,
            412.5
          ],
          [
            -1.418761,
            43.074705,
            413.0
          ],
          [
            -1.418597,
            43.074553,
            413.25
          ],
          [
            -1.418243,
            43.074174,
            411.25
          ],
          [
            -1.418195,
            43.074112,
            411.5
          ],
          [
            -1.418147,
            43.074012,
            412.0
          ],
          [
            -1.418068,
            43.073568,
            412.75
          ],
          [
            -1.418024,
            43.07343,
            413.25
          ],
          [
            -1.417923,
            43.073225,
            413.5
          ],
          [
            -1.41772,
            43.072873,
            414.25
          ],
          [
            -1.417591,
            43.0727,
            416.0
          ],
          [
            -1.417387,
            43.072468,
            416.5
          ],
          [
            -1.417337,
            43.072378,
            417.25
          ],
          [
            -1.417313,
            43.072293,
            416.75
          ],
          [
            -1.417325,
            43.072162,
            416.25
          ],
          [
            -1.417506,
            43.07175,
            415.0
          ],
          [
            -1.417514,
            43.07167,
            415.25
          ],
          [
            -1.417502,
            43.071519,
            415.25
          ],
          [
            -1.417476,
            43.071427,
            415.5
          ],
          [
            -1.417372,
            43.071313,
            416.5
          ],
          [
            -1.417057,
            43.071026,
            418.5
          ],
          [
            -1.41692,
            43.070876,
            417.0
          ],
          [
            -1.416901,
            43.070838,
            417.0
          ],
          [
            -1.416881,
            43.070799,
            417.0
          ],
          [
            -1.416675,
            43.070389,
            420.25
          ],
          [
            -1.416688,
            43.0703,
            418.5
          ],
          [
            -1.416694,
            43.070114,
            416.0
          ],
          [
            -1.416685,
            43.070069,
            415.5
          ],
          [
            -1.416678,
            43.070037,
            415.25
          ],
          [
            -1.416647,
            43.069993,
            415.0
          ],
          [
            -1.416593,
            43.069937,
            414.75
          ],
          [
            -1.416447,
            43.069827,
            414.5
          ],
          [
            -1.416317,
            43.069746,
            414.75
          ],
          [
            -1.416267,
            43.069705,
            414.75
          ],
          [
            -1.416256,
            43.069659,
            414.75
          ],
          [
            -1.416234,
            43.06962,
            414.75
          ],
          [
            -1.416196,
            43.069477,
            415.0
          ],
          [
            -1.416095,
            43.069332,
            414.5
          ],
          [
            -1.415983,
            43.069218,
            415.0
          ],
          [
            -1.415564,
            43.068895,
            416.0
          ],
          [
            -1.415414,
            43.068791,
            418.5
          ],
          [
            -1.415226,
            43.068643,
            419.25
          ],
          [
            -1.415062,
            43.068432,
            419.5
          ],
          [
            -1.414935,
            43.068282,
            418.25
          ],
          [
            -1.414798,
            43.068205,
            419.75
          ],
          [
            -1.414058,
            43.067908,
            421.75
          ],
          [
            -1.41396,
            43.067859,
            421.0
          ],
          [
            -1.413866,
            43.067802,
            418.75
          ],
          [
            -1.413729,
            43.067661,
            417.5
          ],
          [
            -1.413559,
            43.067535,
            417.75
          ],
          [
            -1.413377,
            43.06742,
            417.75
          ],
          [
            -1.413043,
            43.067171,
            420.5
          ],
          [
            -1.412641,
            43.066791,
            419.25
          ],
          [
            -1.412389,
            43.066539,
            419.5
          ],
          [
            -1.412181,
            43.066398,
            420.25
          ],
          [
            -1.411972,
            43.066214,
            422.0
          ],
          [
            -1.411822,
            43.066156,
            423.0
          ],
          [
            -1.411629,
            43.066023,
            424.0
          ],
          [
            -1.411537,
            43.065923,
            425.0
          ],
          [
            -1.411484,
            43.065741,
            423.5
          ],
          [
            -1.411399,
            43.065573,
            423.0
          ],
          [
            -1.411334,
            43.06548,
            423.0
          ],
          [
            -1.411269,
            43.065443,
            423.25
          ],
          [
            -1.411202,
            43.065404,
            423.25
          ],
          [
            -1.410949,
            43.065341,
            421.5
          ],
          [
            -1.410645,
            43.065095,
            422.0
          ],
          [
            -1.41051,
            43.065043,
            422.75
          ],
          [
            -1.410256,
            43.064976,
            423.25
          ],
          [
            -1.410128,
            43.064911,
            424.0
          ],
          [
            -1.409976,
            43.06473,
            424.75
          ],
          [
            -1.409605,
            43.064435,
            425.0
          ],
          [
            -1.40945,
            43.064292,
            424.5
          ],
          [
            -1.409375,
            43.064166,
            425.0
          ],
          [
            -1.409317,
            43.064121,
            425.0
          ],
          [
            -1.40922,
            43.064079,
            425.25
          ],
          [
            -1.408837,
            43.063979,
            427.0
          ],
          [
            -1.408649,
            43.063922,
            427.75
          ],
          [
            -1.40844,
            43.063842,
            429.75
          ],
          [
            -1.407947,
            43.063638,
            433.75
          ],
          [
            -1.407893,
            43.063602,
            434.0
          ],
          [
            -1.407756,
            43.063374,
            433.5
          ],
          [
            -1.407671,
            43.063385,
            434.0
          ],
          [
            -1.407324,
            43.063622,
            437.5
          ],
          [
            -1.407215,
            43.063675,
            438.0
          ],
          [
            -1.407077,
            43.063713,
            438.5
          ],
          [
            -1.40697,
            43.06373,
            439.0
          ],
          [
            -1.406743,
            43.063733,
            439.0
          ],
          [
            -1.40667,
            43.063749,
            439.25
          ],
          [
            -1.406438,
            43.063866,
            440.0
          ],
          [
            -1.406284,
            43.063953,
            441.75
          ],
          [
            -1.406221,
            43.06385,
            442.25
          ],
          [
            -1.406224,
            43.063788,
            443.25
          ],
          [
            -1.406267,
            43.063665,
            443.5
          ],
          [
            -1.406332,
            43.063519,
            442.75
          ],
          [
            -1.406357,
            43.063352,
            444.0
          ],
          [
            -1.406298,
            43.063129,
            443.75
          ],
          [
            -1.406229,
            43.063026,
            444.75
          ],
          [
            -1.406139,
            43.06297,
            446.25
          ],
          [
            -1.405958,
            43.062888,
            446.5
          ],
          [
            -1.405767,
            43.062853,
            446.5
          ],
          [
            -1.405585,
            43.062862,
            448.25
          ],
          [
            -1.40541,
            43.062916,
            451.25
          ],
          [
            -1.405211,
            43.062911,
            452.25
          ],
          [
            -1.404882,
            43.062814,
            454.0
          ],
          [
            -1.404211,
            43.06255,
            458.25
          ],
          [
            -1.40406,
            43.062539,
            458.75
          ],
          [
            -1.403823,
            43.06258,
            460.5
          ],
          [
            -1.403366,
            43.062605,
            459.5
          ],
          [
            -1.403192,
            43.062561,
            459.25
          ],
          [
            -1.403047,
            43.062493,
            458.0
          ],
          [
            -1.402764,
            43.062294,
            460.25
          ],
          [
            -1.402421,
            43.061996,
            461.0
          ],
          [
            -1.402323,
            43.06187,
            461.5
          ],
          [
            -1.402142,
            43.061612,
            463.5
          ],
          [
            -1.402013,
            43.061477,
            464.75
          ],
          [
            -1.401867,
            43.061253,
            466.0
          ],
          [
            -1.401854,
            43.06116,
            465.0
          ],
          [
            -1.401869,
            43.061016,
            462.25
          ],
          [
            -1.401905,
            43.060944,
            460.25
          ],
          [
            -1.4019,
            43.060886,
            459.5
          ],
          [
            -1.40185,
            43.060828,
            459.75
          ],
          [
            -1.401036,
            43.060438,
            466.75
          ],
          [
            -1.400569,
            43.060329,
            467.75
          ],
          [
            -1.400036,
            43.060235,
            470.75
          ],
          [
            -1.399577,
            43.060149,
            470.75
          ],
          [
            -1.399188,
            43.060155,
            470.5
          ],
          [
            -1.398687,
            43.060266,
            471.25
          ],
          [
            -1.398547,
            43.06028,
            470.75
          ],
          [
            -1.398284,
            43.060223,
            472.0
          ],
          [
            -1.397787,
            43.060079,
            477.0
          ],
          [
            -1.397657,
            43.060048,
            476.25
          ],
          [
            -1.397608,
            43.060037,
            476.0
          ],
          [
            -1.397533,
            43.060041,
            476.75
          ],
          [
            -1.39741,
            43.060075,
            476.5
          ],
          [
            -1.397115,
            43.060178,
            476.0
          ],
          [
            -1.396661,
            43.060312,
            474.75
          ],
          [
            -1.396599,
            43.060325,
            475.5
          ],
          [
            -1.396526,
            43.060325,
            475.25
          ],
          [
            -1.396455,
            43.060296,
            473.75
          ],
          [
            -1.396345,
            43.060216,
            474.5
          ],
          [
            -1.396271,
            43.060158,
            476.5
          ],
          [
            -1.396209,
            43.060136,
            477.5
          ],
          [
            -1.39606,
            43.060124,
            479.5
          ],
          [
            -1.395817,
            43.060135,
            481.25
          ],
          [
            -1.395647,
            43.060136,
            482.5
          ],
          [
            -1.395382,
            43.060154,
            483.75
          ],
          [
            -1.394931,
            43.060208,
            484.75
          ],
          [
            -1.39464,
            43.060269,
            484.75
          ],
          [
            -1.394593,
            43.060274,
            485.0
          ],
          [
            -1.39455,
            43.060267,
            486.25
          ],
          [
            -1.394546,
            43.060234,
            489.0
          ],
          [
            -1.394558,
            43.060214,
            490.25
          ],
          [
            -1.394623,
            43.060179,
            492.0
          ],
          [
            -1.394803,
            43.060134,
            492.25
          ],
          [
            -1.39495,
            43.060106,
            491.5
          ],
          [
            -1.395226,
            43.060027,
            493.75
          ],
          [
            -1.395795,
            43.059909,
            496.25
          ],
          [
            -1.396268,
            43.05971,
            502.0
          ],
          [
            -1.396409,
            43.059635,
            501.75
          ],
          [
            -1.396506,
            43.05956,
            501.5
          ],
          [
            -1.396563,
            43.059497,
            502.25
          ],
          [
            -1.396527,
            43.059417,
            504.5
          ],
          [
            -1.396379,
            43.059192,
            504.0
          ],
          [
            -1.396192,
            43.058952,
            504.75
          ],
          [
            -1.395983,
            43.058594,
            504.75
          ],
          [
            -1.395825,
            43.058374,
            504.0
          ],
          [
            -1.395623,
            43.058212,
            507.75
          ],
          [
            -1.395503,
            43.058086,
            506.25
          ],
          [
            -1.395244,
            43.057899,
            508.5
          ],
          [
            -1.394948,
            43.057676,
            510.0
          ],
          [
            -1.394409,
            43.057173,
            511.5
          ],
          [
            -1.393877,
            43.05674,
            518.25
          ],
          [
            -1.39368,
            43.056627,
            520.75
          ],
          [
            -1.393594,
            43.056531,
            521.25
          ],
          [
            -1.393529,
            43.056411,
            520.75
          ],
          [
            -1.393483,
            43.056244,
            520.0
          ],
          [
            -1.39347,
            43.055946,
            518.75
          ],
          [
            -1.393485,
            43.055843,
            518.25
          ],
          [
            -1.393556,
            43.055595,
            517.0
          ],
          [
            -1.393654,
            43.055343,
            518.5
          ],
          [
            -1.393782,
            43.055252,
            518.75
          ],
          [
            -1.393831,
            43.055186,
            520.0
          ],
          [
            -1.393906,
            43.055108,
            520.25
          ],
          [
            -1.393979,
            43.055057,
            519.75
          ],
          [
            -1.394106,
            43.054989,
            518.0
          ],
          [
            -1.394204,
            43.054946,
            518.0
          ],
          [
            -1.394781,
            43.055034,
            514.5
          ],
          [
            -1.394845,
            43.055033,
            513.75
          ],
          [
            -1.394946,
            43.055,
            515.25
          ],
          [
            -1.395015,
            43.054929,
            516.5
          ],
          [
            -1.3951,
            43.054772,
            516.75
          ],
          [
            -1.395041,
            43.054557,
            521.75
          ],
          [
            -1.395074,
            43.054448,
            520.25
          ],
          [
            -1.395304,
            43.054271,
            518.75
          ],
          [
            -1.395436,
            43.054138,
            519.0
          ],
          [
            -1.395637,
            43.053521,
            523.25
          ],
          [
            -1.395758,
            43.053227,
            521.0
          ],
          [
            -1.395896,
            43.052843,
            521.5
          ],
          [
            -1.395997,
            43.05273,
            520.0
          ],
          [
            -1.396047,
            43.052612,
            519.0
          ],
          [
            -1.39607,
            43.052394,
            518.25
          ],
          [
            -1.396055,
            43.052227,
            518.25
          ],
          [
            -1.396073,
            43.052151,
            519.25
          ],
          [
            -1.396219,
            43.051973,
            516.25
          ],
          [
            -1.396348,
            43.051586,
            519.25
          ],
          [
            -1.396428,
            43.051462,
            519.25
          ],
          [
            -1.396518,
            43.051359,
            520.75
          ],
          [
            -1.396741,
            43.051208,
            524.25
          ],
          [
            -1.396841,
            43.051155,
            525.75
          ],
          [
            -1.397184,
            43.051026,
            526.0
          ],
          [
            -1.397242,
            43.050979,
            526.0
          ],
          [
            -1.39726,
            43.05093,
            526.25
          ],
          [
            -1.397197,
            43.050803,
            528.75
          ],
          [
            -1.397092,
            43.050668,
            528.25
          ],
          [
            -1.396866,
            43.050478,
            529.75
          ],
          [
            -1.396743,
            43.050304,
            528.75
          ],
          [
            -1.396611,
            43.050039,
            527.75
          ],
          [
            -1.396463,
            43.049682,
            525.75
          ],
          [
            -1.396318,
            43.049176,
            523.75
          ],
          [
            -1.396238,
            43.049043,
            523.25
          ],
          [
            -1.395943,
            43.04879,
            523.0
          ],
          [
            -1.395873,
            43.048689,
            520.75
          ],
          [
            -1.395808,
            43.048578,
            519.25
          ],
          [
            -1.395848,
            43.048463,
            517.5
          ],
          [
            -1.395923,
            43.04834,
            518.25
          ],
          [
            -1.395823,
            43.048025,
            521.5
          ],
          [
            -1.395878,
            43.047797,
            523.0
          ],
          [
            -1.395909,
            43.047607,
            524.25
          ],
          [
            -1.395856,
            43.047151,
            528.25
          ],
          [
            -1.395773,
            43.046789,
            529.5
          ],
          [
            -1.395613,
            43.046462,
            532.5
          ],
          [
            -1.395511,
            43.046337,
            533.5
          ],
          [
            -1.395411,
            43.046258,
            534.25
          ],
          [
            -1.395289,
            43.046199,
            536.0
          ],
          [
            -1.394855,
            43.045968,
            538.5
          ],
          [
            -1.394547,
            43.045849,
            538.75
          ],
          [
            -1.394269,
            43.045769,
            541.5
          ],
          [
            -1.394073,
            43.045666,
            541.25
          ],
          [
            -1.393972,
            43.045577,
            540.5
          ],
          [
            -1.393762,
            43.045359,
            543.75
          ],
          [
            -1.393676,
            43.045229,
            544.75
          ],
          [
            -1.393494,
            43.044905,
            547.5
          ],
          [
            -1.393418,
            43.044695,
            548.5
          ],
          [
            -1.393239,
            43.044475,
            549.25
          ],
          [
            -1.393186,
            43.044379,
            550.25
          ],
          [
            -1.393073,
            43.044255,
            552.25
          ],
          [
            -1.393032,
            43.044102,
            551.0
          ],
          [
            -1.393011,
            43.043961,
            552.0
          ],
          [
            -1.393016,
            43.043844,
            551.75
          ],
          [
            -1.393071,
            43.043646,
            551.25
          ],
          [
            -1.393076,
            43.043525,
            552.0
          ],
          [
            -1.392831,
            43.04346,
            557.75
          ],
          [
            -1.392634,
            43.04342,
            559.25
          ],
          [
            -1.391975,
            43.043346,
            560.5
          ],
          [
            -1.391826,
            43.043364,
            562.5
          ],
          [
            -1.391613,
            43.043458,
            568.75
          ],
          [
            -1.391471,
            43.043545,
            569.5
          ],
          [
            -1.391464,
            43.043601,
            568.75
          ],
          [
            -1.391481,
            43.04374,
            570.25
          ],
          [
            -1.391465,
            43.043889,
            571.0
          ],
          [
            -1.391404,
            43.043983,
            573.5
          ],
          [
            -1.391272,
            43.044061,
            577.0
          ],
          [
            -1.391145,
            43.04409,
            577.5
          ],
          [
            -1.390987,
            43.044089,
            577.75
          ],
          [
            -1.390916,
            43.044052,
            577.5
          ],
          [
            -1.390792,
            43.04393,
            577.0
          ],
          [
            -1.390448,
            43.043689,
            584.25
          ],
          [
            -1.390195,
            43.043625,
            584.5
          ],
          [
            -1.389831,
            43.043481,
            589.5
          ],
          [
            -1.389566,
            43.043442,
            591.0
          ],
          [
            -1.389399,
            43.043434,
            591.75
          ],
          [
            -1.389319,
            43.043405,
            592.0
          ],
          [
            -1.38911,
            43.043282,
            594.75
          ],
          [
            -1.388981,
            43.043214,
            597.5
          ],
          [
            -1.388781,
            43.043144,
            598.0
          ],
          [
            -1.388592,
            43.043033,
            600.25
          ],
          [
            -1.388493,
            43.04301,
            601.25
          ],
          [
            -1.38834,
            43.04303,
            599.5
          ],
          [
            -1.38823,
            43.043022,
            600.0
          ],
          [
            -1.387855,
            43.042903,
            605.25
          ],
          [
            -1.3878,
            43.042902,
            605.25
          ],
          [
            -1.387764,
            43.04291,
            605.5
          ],
          [
            -1.387687,
            43.042968,
            607.5
          ],
          [
            -1.387654,
            43.043167,
            606.5
          ],
          [
            -1.387621,
            43.043251,
            606.75
          ],
          [
            -1.387517,
            43.043338,
            609.25
          ],
          [
            -1.387369,
            43.043401,
            611.0
          ],
          [
            -1.387238,
            43.043404,
            612.75
          ],
          [
            -1.38713,
            43.043332,
            613.25
          ],
          [
            -1.387135,
            43.043272,
            614.25
          ],
          [
            -1.38724,
            43.043065,
            618.5
          ],
          [
            -1.387256,
            43.042925,
            620.5
          ],
          [
            -1.38718,
            43.042668,
            626.25
          ],
          [
            -1.387195,
            43.042539,
            628.5
          ],
          [
            -1.387187,
            43.042477,
            629.5
          ],
          [
            -1.38708,
            43.042463,
            631.0
          ],
          [
            -1.386838,
            43.042473,
            633.25
          ],
          [
            -1.386627,
            43.042458,
            635.0
          ],
          [
            -1.386497,
            43.04244,
            635.75
          ],
          [
            -1.386369,
            43.042395,
            636.75
          ],
          [
            -1.385945,
            43.042118,
            641.5
          ],
          [
            -1.385797,
            43.041964,
            645.25
          ],
          [
            -1.385679,
            43.041934,
            645.5
          ],
          [
            -1.385566,
            43.041914,
            645.5
          ],
          [
            -1.385455,
            43.041871,
            645.75
          ],
          [
            -1.385442,
            43.041736,
            648.25
          ],
          [
            -1.385499,
            43.041625,
            651.0
          ],
          [
            -1.385637,
            43.041504,
            654.5
          ],
          [
            -1.386319,
            43.040555,
            680.5
          ],
          [
            -1.386473,
            43.040447,
            684.5
          ],
          [
            -1.386658,
            43.040227,
            691.75
          ],
          [
            -1.3868,
            43.039992,
            698.5
          ],
          [
            -1.386908,
            43.039602,
            708.25
          ],
          [
            -1.386943,
            43.039347,
            716.0
          ],
          [
            -1.386991,
            43.039192,
            721.75
          ],
          [
            -1.387018,
            43.03903,
            726.25
          ],
          [
            -1.387012,
            43.038869,
            730.75
          ],
          [
            -1.386904,
            43.038621,
            739.25
          ],
          [
            -1.386989,
            43.038542,
            742.0
          ],
          [
            -1.387157,
            43.038494,
            746.25
          ],
          [
            -1.387169,
            43.038462,
            748.0
          ],
          [
            -1.387115,
            43.038391,
            750.0
          ],
          [
            -1.387083,
            43.038279,
            754.5
          ],
          [
            -1.38696,
            43.038225,
            754.0
          ],
          [
            -1.386791,
            43.038203,
            756.25
          ],
          [
            -1.386619,
            43.038191,
            759.75
          ],
          [
            -1.386572,
            43.038167,
            762.25
          ],
          [
            -1.386576,
            43.038123,
            763.5
          ],
          [
            -1.386783,
            43.037934,
            767.0
          ],
          [
            -1.386858,
            43.037787,
            773.25
          ],
          [
            -1.386836,
            43.037662,
            779.0
          ],
          [
            -1.386721,
            43.037631,
            778.75
          ],
          [
            -1.386558,
            43.037672,
            779.25
          ],
          [
            -1.386335,
            43.03785,
            781.0
          ],
          [
            -1.386257,
            43.037842,
            784.5
          ],
          [
            -1.386222,
            43.037793,
            787.25
          ],
          [
            -1.386295,
            43.037621,
            788.75
          ],
          [
            -1.386369,
            43.037398,
            791.25
          ],
          [
            -1.386354,
            43.037262,
            795.0
          ],
          [
            -1.386225,
            43.037213,
            800.5
          ],
          [
            -1.386128,
            43.03726,
            802.75
          ],
          [
            -1.385965,
            43.03755,
            806.0
          ],
          [
            -1.385787,
            43.037685,
            812.75
          ],
          [
            -1.385718,
            43.037858,
            815.75
          ],
          [
            -1.385697,
            43.037946,
            818.25
          ],
          [
            -1.385696,
            43.038132,
            816.5
          ],
          [
            -1.385633,
            43.038194,
            818.25
          ],
          [
            -1.385522,
            43.038262,
            820.0
          ],
          [
            -1.385353,
            43.03826,
            824.0
          ],
          [
            -1.385211,
            43.038274,
            828.0
          ],
          [
            -1.385101,
            43.038353,
            829.0
          ],
          [
            -1.385074,
            43.038484,
            826.75
          ],
          [
            -1.385032,
            43.038538,
            827.0
          ],
          [
            -1.384916,
            43.038593,
            827.75
          ],
          [
            -1.384768,
            43.038604,
            829.5
          ],
          [
            -1.384595,
            43.038583,
            829.75
          ],
          [
            -1.384447,
            43.038458,
            833.0
          ],
          [
            -1.383958,
            43.037928,
            838.0
          ],
          [
            -1.38367,
            43.037766,
            840.0
          ],
          [
            -1.383356,
            43.037605,
            842.5
          ],
          [
            -1.382751,
            43.037372,
            851.5
          ],
          [
            -1.381821,
            43.03704,
            870.0
          ],
          [
            -1.381612,
            43.036938,
            874.5
          ],
          [
            -1.381467,
            43.036825,
            878.0
          ],
          [
            -1.381537,
            43.036574,
            882.25
          ],
          [
            -1.381502,
            43.036415,
            884.5
          ],
          [
            -1.38141,
            43.036263,
            884.0
          ],
          [
            -1.380418,
            43.035909,
            884.5
          ],
          [
            -1.380044,
            43.035835,
            884.5
          ],
          [
            -1.379796,
            43.035772,
            884.5
          ],
          [
            -1.379548,
            43.035665,
            885.0
          ],
          [
            -1.379344,
            43.035517,
            885.25
          ],
          [
            -1.379141,
            43.035267,
            886.75
          ],
          [
            -1.378941,
            43.034983,
            888.5
          ],
          [
            -1.378816,
            43.034869,
            890.25
          ],
          [
            -1.378227,
            43.034565,
            896.25
          ],
          [
            -1.377975,
            43.034381,
            899.5
          ],
          [
            -1.377771,
            43.034064,
            901.25
          ],
          [
            -1.377647,
            43.03395,
            904.0
          ],
          [
            -1.377429,
            43.033823,
            907.0
          ],
          [
            -1.377315,
            43.033738,
            907.25
          ],
          [
            -1.376859,
            43.033044,
            907.5
          ],
          [
            -1.376805,
            43.03293,
            909.5
          ],
          [
            -1.376784,
            43.032507,
            912.25
          ],
          [
            -1.376912,
            43.032224,
            914.0
          ],
          [
            -1.376848,
            43.032095,
            913.5
          ],
          [
            -1.376643,
            43.031919,
            916.0
          ],
          [
            -1.376215,
            43.031652,
            917.25
          ],
          [
            -1.376108,
            43.031523,
            915.75
          ],
          [
            -1.375818,
            43.031456,
            917.5
          ],
          [
            -1.375641,
            43.03137,
            916.5
          ],
          [
            -1.375367,
            43.031158,
            914.25
          ],
          [
            -1.375121,
            43.030981,
            914.25
          ],
          [
            -1.374938,
            43.030903,
            915.0
          ],
          [
            -1.3743,
            43.030813,
            916.75
          ],
          [
            -1.374131,
            43.030722,
            918.25
          ],
          [
            -1.373447,
            43.030325,
            927.25
          ],
          [
            -1.372911,
            43.030088,
            928.5
          ],
          [
            -1.372439,
            43.029962,
            929.25
          ],
          [
            -1.371846,
            43.029938,
            928.75
          ],
          [
            -1.371416,
            43.029965,
            929.25
          ],
          [
            -1.371183,
            43.029941,
            927.75
          ],
          [
            -1.37101,
            43.029808,
            917.75
          ],
          [
            -1.371057,
            43.029617,
            908.25
          ],
          [
            -1.371103,
            43.02934,
            903.5
          ],
          [
            -1.370926,
            43.029081,
            922.25
          ],
          [
            -1.370716,
            43.028644,
            942.75
          ],
          [
            -1.37016,
            43.027784,
            958.0
          ],
          [
            -1.369824,
            43.027453,
            965.75
          ],
          [
            -1.369567,
            43.027221,
            970.0
          ],
          [
            -1.36924,
            43.026985,
            975.5
          ],
          [
            -1.368902,
            43.026804,
            979.25
          ],
          [
            -1.368708,
            43.02676,
            980.75
          ],
          [
            -1.368544,
            43.02679,
            984.5
          ],
          [
            -1.368283,
            43.026828,
            988.25
          ],
          [
            -1.368086,
            43.026842,
            992.25
          ],
          [
            -1.367059,
            43.026558,
            1005.25
          ],
          [
            -1.366759,
            43.026546,
            1008.25
          ],
          [
            -1.366424,
            43.026664,
            1013.25
          ],
          [
            -1.366209,
            43.026876,
            1018.0
          ],
          [
            -1.366004,
            43.027108,
            1025.25
          ],
          [
            -1.365775,
            43.027115,
            1025.5
          ],
          [
            -1.365518,
            43.027111,
            1026.25
          ],
          [
            -1.365439,
            43.027142,
            1027.25
          ],
          [
            -1.365471,
            43.027207,
            1030.25
          ],
          [
            -1.365943,
            43.027282,
            1032.0
          ],
          [
            -1.36612,
            43.027292,
            1032.5
          ],
          [
            -1.366288,
            43.027255,
            1033.5
          ],
          [
            -1.366415,
            43.027197,
            1033.75
          ],
          [
            -1.366583,
            43.027098,
            1034.0
          ],
          [
            -1.366713,
            43.027115,
            1036.25
          ],
          [
            -1.367391,
            43.027425,
            1041.0
          ],
          [
            -1.367778,
            43.027695,
            1045.0
          ],
          [
            -1.367946,
            43.027924,
            1047.5
          ],
          [
            -1.367956,
            43.028077,
            1049.75
          ],
          [
            -1.367881,
            43.02818,
            1051.0
          ],
          [
            -1.367755,
            43.028289,
            1053.25
          ],
          [
            -1.367451,
            43.028374,
            1055.0
          ],
          [
            -1.366816,
            43.028405,
            1059.75
          ],
          [
            -1.366401,
            43.028381,
            1063.75
          ],
          [
            -1.366274,
            43.028412,
            1065.25
          ],
          [
            -1.366069,
            43.028549,
            1068.25
          ],
          [
            -1.365896,
            43.028822,
            1072.25
          ],
          [
            -1.36571,
            43.030002,
            1084.5
          ],
          [
            -1.365672,
            43.030252,
            1088.75
          ],
          [
            -1.365588,
            43.030508,
            1091.75
          ],
          [
            -1.365513,
            43.030593,
            1092.0
          ],
          [
            -1.365453,
            43.030605,
            1092.0
          ],
          [
            -1.36527,
            43.030638,
            1091.75
          ],
          [
            -1.365223,
            43.030726,
            1090.5
          ],
          [
            -1.365106,
            43.030683,
            1091.5
          ],
          [
            -1.365042,
            43.030673,
            1091.75
          ],
          [
            -1.364906,
            43.03068,
            1093.0
          ],
          [
            -1.364792,
            43.030707,
            1093.75
          ],
          [
            -1.364287,
            43.030875,
            1096.0
          ],
          [
            -1.363357,
            43.031038,
            1101.0
          ],
          [
            -1.362919,
            43.030921,
            1109.5
          ],
          [
            -1.362114,
            43.031133,
            1111.0
          ],
          [
            -1.36151,
            43.03125,
            1115.0
          ],
          [
            -1.360273,
            43.031611,
            1122.25
          ],
          [
            -1.359709,
            43.031558,
            1126.0
          ],
          [
            -1.359135,
            43.031629,
            1130.0
          ],
          [
            -1.358775,
            43.031543,
            1132.75
          ],
          [
            -1.358612,
            43.031451,
            1133.5
          ],
          [
            -1.358341,
            43.03113,
            1136.5
          ],
          [
            -1.358222,
            43.030721,
            1143.0
          ],
          [
            -1.357967,
            43.030234,
            1149.0
          ],
          [
            -1.357895,
            43.030169,
            1150.5
          ],
          [
            -1.357727,
            43.030159,
            1147.25
          ],
          [
            -1.35748,
            43.030098,
            1148.25
          ],
          [
            -1.357193,
            43.029983,
            1150.25
          ],
          [
            -1.356878,
            43.029776,
            1154.25
          ],
          [
            -1.356118,
            43.029314,
            1159.75
          ],
          [
            -1.355404,
            43.028959,
            1164.75
          ],
          [
            -1.355136,
            43.028887,
            1166.0
          ],
          [
            -1.354865,
            43.028568,
            1169.75
          ],
          [
            -1.354697,
            43.028478,
            1171.75
          ],
          [
            -1.354627,
            43.02847,
            1173.0
          ],
          [
            -1.35458,
            43.028473,
            1174.0
          ],
          [
            -1.354503,
            43.028504,
            1175.25
          ],
          [
            -1.354168,
            43.028707,
            1179.5
          ],
          [
            -1.354115,
            43.028725,
            1179.5
          ],
          [
            -1.354066,
            43.028731,
            1179.5
          ],
          [
            -1.354034,
            43.028708,
            1180.0
          ],
          [
            -1.354003,
            43.02864,
            1181.5
          ],
          [
            -1.353969,
            43.028507,
            1183.25
          ],
          [
            -1.353821,
            43.028363,
            1184.5
          ],
          [
            -1.35376,
            43.028272,
            1184.75
          ],
          [
            -1.353707,
            43.028178,
            1185.25
          ],
          [
            -1.353498,
            43.028005,
            1185.0
          ],
          [
            -1.353156,
            43.027871,
            1182.25
          ],
          [
            -1.352512,
            43.027765,
            1177.75
          ],
          [
            -1.351643,
            43.027706,
            1170.25
          ],
          [
            -1.351029,
            43.027556,
            1166.5
          ],
          [
            -1.350168,
            43.027386,
            1160.0
          ],
          [
            -1.34926,
            43.027062,
            1150.5
          ],
          [
            -1.348934,
            43.026976,
            1147.25
          ],
          [
            -1.347911,
            43.026841,
            1137.0
          ],
          [
            -1.347425,
            43.026779,
            1130.25
          ],
          [
            -1.346997,
            43.026686,
            1122.75
          ],
          [
            -1.346214,
            43.026395,
            1109.0
          ],
          [
            -1.34547,
            43.026067,
            1097.75
          ],
          [
            -1.345178,
            43.026033,
            1094.5
          ],
          [
            -1.344705,
            43.025964,
            1090.25
          ],
          [
            -1.344088,
            43.025901,
            1087.0
          ],
          [
            -1.343598,
            43.0259,
            1085.0
          ],
          [
            -1.343031,
            43.025968,
            1081.25
          ],
          [
            -1.342837,
            43.025991,
            1080.0
          ],
          [
            -1.34228,
            43.026008,
            1076.75
          ],
          [
            -1.342012,
            43.02597,
            1075.25
          ],
          [
            -1.3412,
            43.025953,
            1071.5
          ],
          [
            -1.340519,
            43.025879,
            1069.0
          ],
          [
            -1.339913,
            43.025843,
            1069.0
          ],
          [
            -1.339284,
            43.025889,
            1071.5
          ],
          [
            -1.338909,
            43.025896,
            1073.75
          ],
          [
            -1.338239,
            43.025795,
            1078.5
          ],
          [
            -1.337477,
            43.025671,
            1082.5
          ],
          [
            -1.337267,
            43.025637,
            1083.0
          ],
          [
            -1.336261,
            43.025253,
            1085.75
          ],
          [
            -1.336019,
            43.025206,
            1084.25
          ],
          [
            -1.335346,
            43.025141,
            1082.75
          ],
          [
            -1.335083,
            43.025173,
            1083.5
          ],
          [
            -1.334598,
            43.025312,
            1081.5
          ],
          [
            -1.334021,
            43.025324,
            1082.25
          ],
          [
            -1.333578,
            43.025261,
            1081.75
          ],
          [
            -1.333283,
            43.025102,
            1080.75
          ],
          [
            -1.332796,
            43.024754,
            1078.25
          ],
          [
            -1.332206,
            43.024234,
            1078.0
          ],
          [
            -1.331776,
            43.023914,
            1076.0
          ],
          [
            -1.331695,
            43.023847,
            1074.75
          ],
          [
            -1.331596,
            43.023739,
            1072.75
          ],
          [
            -1.331532,
            43.023487,
            1071.75
          ],
          [
            -1.331317,
            43.022766,
            1065.25
          ],
          [
            -1.331013,
            43.022411,
            1064.5
          ],
          [
            -1.330832,
            43.022225,
            1064.75
          ],
          [
            -1.330708,
            43.022127,
            1063.25
          ],
          [
            -1.330551,
            43.022097,
            1060.5
          ],
          [
            -1.329095,
            43.022136,
            1063.0
          ],
          [
            -1.328659,
            43.022188,
            1064.5
          ],
          [
            -1.32838,
            43.022269,
            1065.0
          ],
          [
            -1.328155,
            43.022296,
            1064.0
          ],
          [
            -1.327986,
            43.022258,
            1064.25
          ],
          [
            -1.327554,
            43.022077,
            1063.0
          ],
          [
            -1.326827,
            43.021682,
            1059.0
          ],
          [
            -1.325826,
            43.020899,
            1063.5
          ],
          [
            -1.325452,
            43.02068,
            1063.25
          ],
          [
            -1.325068,
            43.020435,
            1063.0
          ],
          [
            -1.324912,
            43.020336,
            1061.25
          ],
          [
            -1.324249,
            43.019918,
            1058.25
          ],
          [
            -1.324129,
            43.019863,
            1057.5
          ],
          [
            -1.324003,
            43.019722,
            1056.5
          ],
          [
            -1.323935,
            43.01976,
            1055.5
          ],
          [
            -1.323922,
            43.019911,
            1055.75
          ],
          [
            -1.323981,
            43.020083,
            1057.0
          ],
          [
            -1.323915,
            43.020076,
            1056.75
          ],
          [
            -1.323935,
            43.020032,
            1056.25
          ],
          [
            -1.323835,
            43.019803,
            1054.75
          ],
          [
            -1.32365,
            43.019647,
            1053.0
          ],
          [
            -1.323578,
            43.019538,
            1052.0
          ],
          [
            -1.323461,
            43.01941,
            1051.25
          ],
          [
            -1.323208,
            43.019163,
            1048.0
          ],
          [
            -1.323105,
            43.019093,
            1045.75
          ],
          [
            -1.323045,
            43.019063,
            1044.75
          ],
          [
            -1.32279,
            43.018886,
            1041.75
          ],
          [
            -1.322655,
            43.018693,
            1039.25
          ],
          [
            -1.322272,
            43.018216,
            1032.0
          ],
          [
            -1.321994,
            43.017915,
            1027.75
          ],
          [
            -1.321696,
            43.017635,
            1021.25
          ],
          [
            -1.321394,
            43.017402,
            1012.75
          ],
          [
            -1.321097,
            43.01721,
            1009.5
          ],
          [
            -1.320899,
            43.017104,
            1008.0
          ],
          [
            -1.320784,
            43.017101,
            1007.5
          ],
          [
            -1.320543,
            43.017143,
            1003.25
          ],
          [
            -1.320458,
            43.017138,
            1003.0
          ],
          [
            -1.320333,
            43.01703,
            1001.5
          ],
          [
            -1.320213,
            43.016806,
            998.25
          ],
          [
            -1.319946,
            43.01649,
            995.25
          ],
          [
            -1.319665,
            43.016223,
            992.5
          ],
          [
            -1.319561,
            43.016137,
            991.25
          ],
          [
            -1.319435,
            43.01606,
            990.5
          ],
          [
            -1.319172,
            43.015963,
            986.75
          ],
          [
            -1.31889,
            43.015877,
            982.25
          ],
          [
            -1.318662,
            43.015819,
            981.0
          ],
          [
            -1.318594,
            43.015792,
            980.75
          ],
          [
            -1.318501,
            43.01571,
            979.25
          ],
          [
            -1.318255,
            43.015469,
            971.5
          ],
          [
            -1.318189,
            43.015428,
            970.5
          ],
          [
            -1.318019,
            43.015352,
            969.5
          ],
          [
            -1.317941,
            43.015279,
            967.75
          ],
          [
            -1.317805,
            43.015097,
            966.25
          ],
          [
            -1.317719,
            43.014937,
            963.5
          ],
          [
            -1.317682,
            43.014903,
            963.25
          ],
          [
            -1.317668,
            43.014843,
            961.5
          ],
          [
            -1.317632,
            43.014795,
            960.75
          ],
          [
            -1.317584,
            43.014775,
            961.0
          ],
          [
            -1.317447,
            43.014575,
            957.5
          ],
          [
            -1.317418,
            43.014485,
            955.0
          ],
          [
            -1.317433,
            43.014183,
            950.75
          ],
          [
            -1.317552,
            43.014066,
            950.5
          ],
          [
            -1.318126,
            43.013399,
            948.0
          ],
          [
            -1.318293,
            43.013201,
            947.25
          ],
          [
            -1.318339,
            43.013116,
            947.25
          ],
          [
            -1.318381,
            43.013025,
            948.75
          ],
          [
            -1.318429,
            43.012836,
            949.25
          ],
          [
            -1.318459,
            43.012679,
            948.75
          ],
          [
            -1.318447,
            43.012311,
            946.75
          ],
          [
            -1.318466,
            43.012227,
            946.75
          ],
          [
            -1.318734,
            43.011626,
            947.75
          ],
          [
            -1.318851,
            43.011311,
            947.0
          ],
          [
            -1.31889,
            43.011177,
            947.25
          ],
          [
            -1.318922,
            43.010923,
            948.5
          ],
          [
            -1.318967,
            43.010728,
            950.0
          ],
          [
            -1.318997,
            43.01064,
            950.5
          ],
          [
            -1.319053,
            43.010615,
            951.25
          ],
          [
            -1.319085,
            43.010585,
            951.25
          ],
          [
            -1.319099,
            43.010548,
            951.25
          ],
          [
            -1.319495,
            43.010529,
            956.0
          ],
          [
            -1.319499,
            43.010376,
            954.25
          ],
          [
            -1.319655,
            43.010086,
            953.75
          ],
          [
            -1.31968,
            43.010069,
            953.5
          ],
          [
            -1.319721,
            43.010051,
            953.5
          ],
          [
            -1.319723,
            43.009976,
            953.25
          ],
          [
            -1.319723,
            43.009919,
            953.25
          ],
          [
            -1.319738,
            43.0097,
            951.5
          ],
          [
            -1.319723,
            43.009919,
            953.25
          ],
          [
            -1.319723,
            43.009976,
            953.25
          ],
          [
            -1.319721,
            43.010051,
            953.5
          ],
          [
            -1.31968,
            43.010069,
            953.5
          ],
          [
            -1.319655,
            43.010086,
            953.75
          ],
          [
            -1.319499,
            43.010376,
            954.25
          ],
          [
            -1.319495,
            43.010529,
            956.0
          ],
          [
            -1.319099,
            43.010548,
            951.25
          ],
          [
            -1.319085,
            43.010585,
            951.25
          ],
          [
            -1.319053,
            43.010615,
            951.25
          ],
          [
            -1.318997,
            43.01064,
            950.5
          ],
          [
            -1.318967,
            43.010728,
            950.0
          ],
          [
            -1.318922,
            43.010923,
            948.5
          ],
          [
            -1.31889,
            43.011177,
            947.25
          ],
          [
            -1.318851,
            43.011311,
            947.0
          ],
          [
            -1.318734,
            43.011626,
            947.75
          ],
          [
            -1.318466,
            43.012227,
            946.75
          ],
          [
            -1.318447,
            43.012311,
            946.75
          ],
          [
            -1.318459,
            43.012679,
            948.75
          ],
          [
            -1.318429,
            43.012836,
            949.25
          ],
          [
            -1.318381,
            43.013025,
            948.75
          ],
          [
            -1.318339,
            43.013116,
            947.25
          ],
          [
            -1.318293,
            43.013201,
            947.25
          ],
          [
            -1.318126,
            43.013399,
            948.0
          ],
          [
            -1.317552,
            43.014066,
            950.5
          ],
          [
            -1.317433,
            43.014183,
            950.75
          ],
          [
            -1.317418,
            43.014485,
            955.0
          ],
          [
            -1.317447,
            43.014575,
            957.5
          ],
          [
            -1.317584,
            43.014775,
            961.0
          ],
          [
            -1.317632,
            43.014795,
            960.75
          ],
          [
            -1.317668,
            43.014843,
            961.5
          ],
          [
            -1.317682,
            43.014903,
            963.25
          ],
          [
            -1.317719,
            43.014937,
            963.5
          ],
          [
            -1.317805,
            43.015097,
            966.25
          ],
          [
            -1.317941,
            43.015279,
            967.75
          ],
          [
            -1.318019,
            43.015352,
            969.5
          ],
          [
            -1.318189,
            43.015428,
            970.5
          ],
          [
            -1.318255,
            43.015469,
            971.5
          ],
          [
            -1.318501,
            43.01571,
            979.25
          ],
          [
            -1.318594,
            43.015792,
            980.75
          ],
          [
            -1.318662,
            43.015819,
            981.0
          ],
          [
            -1.31889,
            43.015877,
            982.25
          ],
          [
            -1.319172,
            43.015963,
            986.75
          ],
          [
            -1.319435,
            43.01606,
            990.5
          ],
          [
            -1.319561,
            43.016137,
            991.25
          ],
          [
            -1.319665,
            43.016223,
            992.5
          ],
          [
            -1.319946,
            43.01649,
            995.25
          ],
          [
            -1.320213,
            43.016806,
            998.25
          ],
          [
            -1.320333,
            43.01703,
            1001.5
          ],
          [
            -1.320458,
            43.017138,
            1003.0
          ],
          [
            -1.320543,
            43.017143,
            1003.25
          ],
          [
            -1.320784,
            43.017101,
            1007.5
          ],
          [
            -1.320899,
            43.017104,
            1008.0
          ],
          [
            -1.321097,
            43.01721,
            1009.5
          ],
          [
            -1.321394,
            43.017402,
            1012.75
          ],
          [
            -1.321696,
            43.017635,
            1021.25
          ],
          [
            -1.321994,
            43.017915,
            1027.75
          ],
          [
            -1.322272,
            43.018216,
            1032.0
          ],
          [
            -1.322655,
            43.018693,
            1039.25
          ],
          [
            -1.32279,
            43.018886,
            1041.75
          ],
          [
            -1.323045,
            43.019063,
            1044.75
          ],
          [
            -1.323105,
            43.019093,
            1045.75
          ],
          [
            -1.323208,
            43.019163,
            1048.0
          ],
          [
            -1.323461,
            43.01941,
            1051.25
          ],
          [
            -1.323578,
            43.019538,
            1052.0
          ],
          [
            -1.32365,
            43.019647,
            1053.0
          ],
          [
            -1.323835,
            43.019803,
            1054.75
          ],
          [
            -1.323935,
            43.020032,
            1056.25
          ],
          [
            -1.323915,
            43.020076,
            1056.75
          ],
          [
            -1.323981,
            43.020083,
            1057.0
          ],
          [
            -1.323922,
            43.019911,
            1055.75
          ],
          [
            -1.323935,
            43.01976,
            1055.5
          ],
          [
            -1.324003,
            43.019722,
            1056.5
          ],
          [
            -1.324129,
            43.019863,
            1057.5
          ],
          [
            -1.324249,
            43.019918,
            1058.25
          ],
          [
            -1.324912,
            43.020336,
            1061.25
          ],
          [
            -1.324947,
            43.020269,
            1063.0
          ],
          [
            -1.324944,
            43.02023,
            1063.75
          ],
          [
            -1.324909,
            43.020192,
            1064.0
          ],
          [
            -1.32477,
            43.020093,
            1063.5
          ],
          [
            -1.324652,
            43.019999,
            1063.25
          ],
          [
            -1.324624,
            43.019952,
            1063.25
          ],
          [
            -1.324635,
            43.019918,
            1064.0
          ],
          [
            -1.324672,
            43.019893,
            1065.0
          ],
          [
            -1.324718,
            43.019887,
            1066.0
          ],
          [
            -1.324768,
            43.019897,
            1066.75
          ],
          [
            -1.325044,
            43.020029,
            1069.0
          ],
          [
            -1.325266,
            43.020105,
            1071.5
          ],
          [
            -1.325413,
            43.020129,
            1073.25
          ],
          [
            -1.325558,
            43.020134,
            1075.0
          ],
          [
            -1.32558,
            43.020124,
            1075.25
          ],
          [
            -1.325671,
            43.020084,
            1076.75
          ],
          [
            -1.325748,
            43.019979,
            1078.75
          ],
          [
            -1.325779,
            43.019852,
            1081.5
          ],
          [
            -1.325791,
            43.019651,
            1085.5
          ],
          [
            -1.325774,
            43.019431,
            1089.25
          ],
          [
            -1.32563,
            43.01864,
            1104.25
          ],
          [
            -1.32537,
            43.016649,
            1134.0
          ],
          [
            -1.325054,
            43.015004,
            1151.5
          ],
          [
            -1.325368,
            43.014874,
            1153.25
          ],
          [
            -1.325776,
            43.015167,
            1161.5
          ],
          [
            -1.325368,
            43.014874,
            1153.25
          ],
          [
            -1.325054,
            43.015004,
            1151.5
          ],
          [
            -1.32537,
            43.016649,
            1134.0
          ],
          [
            -1.32563,
            43.01864,
            1104.25
          ],
          [
            -1.325774,
            43.019431,
            1089.25
          ],
          [
            -1.325791,
            43.019651,
            1085.5
          ],
          [
            -1.325779,
            43.019852,
            1081.5
          ],
          [
            -1.325748,
            43.019979,
            1078.75
          ],
          [
            -1.325671,
            43.020084,
            1076.75
          ],
          [
            -1.32558,
            43.020124,
            1075.25
          ],
          [
            -1.325558,
            43.020134,
            1075.0
          ],
          [
            -1.325413,
            43.020129,
            1073.25
          ],
          [
            -1.325266,
            43.020105,
            1071.5
          ],
          [
            -1.325044,
            43.020029,
            1069.0
          ],
          [
            -1.324768,
            43.019897,
            1066.75
          ],
          [
            -1.324718,
            43.019887,
            1066.0
          ],
          [
            -1.324672,
            43.019893,
            1065.0
          ],
          [
            -1.324635,
            43.019918,
            1064.0
          ],
          [
            -1.324624,
            43.019952,
            1063.25
          ],
          [
            -1.324652,
            43.019999,
            1063.25
          ],
          [
            -1.32477,
            43.020093,
            1063.5
          ],
          [
            -1.324909,
            43.020192,
            1064.0
          ],
          [
            -1.324944,
            43.02023,
            1063.75
          ],
          [
            -1.324947,
            43.020269,
            1063.0
          ],
          [
            -1.324912,
            43.020336,
            1061.25
          ],
          [
            -1.324249,
            43.019918,
            1058.25
          ],
          [
            -1.324129,
            43.019863,
            1057.5
          ],
          [
            -1.324003,
            43.019722,
            1056.5
          ],
          [
            -1.323935,
            43.01976,
            1055.5
          ],
          [
            -1.323922,
            43.019911,
            1055.75
          ],
          [
            -1.323981,
            43.020083,
            1057.0
          ],
          [
            -1.323915,
            43.020076,
            1056.75
          ],
          [
            -1.323935,
            43.020032,
            1056.25
          ],
          [
            -1.323835,
            43.019803,
            1054.75
          ],
          [
            -1.32365,
            43.019647,
            1053.0
          ],
          [
            -1.323578,
            43.019538,
            1052.0
          ],
          [
            -1.323461,
            43.01941,
            1051.25
          ],
          [
            -1.323208,
            43.019163,
            1048.0
          ],
          [
            -1.323105,
            43.019093,
            1045.75
          ],
          [
            -1.323045,
            43.019063,
            1044.75
          ],
          [
            -1.32279,
            43.018886,
            1041.75
          ],
          [
            -1.322655,
            43.018693,
            1039.25
          ],
          [
            -1.322272,
            43.018216,
            1032.0
          ],
          [
            -1.321994,
            43.017915,
            1027.75
          ],
          [
            -1.321696,
            43.017635,
            1021.25
          ],
          [
            -1.321394,
            43.017402,
            1012.75
          ],
          [
            -1.321097,
            43.01721,
            1009.5
          ],
          [
            -1.320899,
            43.017104,
            1008.0
          ],
          [
            -1.320784,
            43.017101,
            1007.5
          ],
          [
            -1.320543,
            43.017143,
            1003.25
          ],
          [
            -1.320458,
            43.017138,
            1003.0
          ],
          [
            -1.320333,
            43.01703,
            1001.5
          ],
          [
            -1.320213,
            43.016806,
            998.25
          ],
          [
            -1.319946,
            43.01649,
            995.25
          ],
          [
            -1.319665,
            43.016223,
            992.5
          ],
          [
            -1.319561,
            43.016137,
            991.25
          ],
          [
            -1.319435,
            43.01606,
            990.5
          ],
          [
            -1.319172,
            43.015963,
            986.75
          ],
          [
            -1.31889,
            43.015877,
            982.25
          ],
          [
            -1.318662,
            43.015819,
            981.0
          ],
          [
            -1.318594,
            43.015792,
            980.75
          ],
          [
            -1.318501,
            43.01571,
            979.25
          ],
          [
            -1.318255,
            43.015469,
            971.5
          ],
          [
            -1.318189,
            43.015428,
            970.5
          ],
          [
            -1.318019,
            43.015352,
            969.5
          ],
          [
            -1.317941,
            43.015279,
            967.75
          ],
          [
            -1.317805,
            43.015097,
            966.25
          ],
          [
            -1.317719,
            43.014937,
            963.5
          ],
          [
            -1.317682,
            43.014903,
            963.25
          ],
          [
            -1.317668,
            43.014843,
            961.5
          ],
          [
            -1.317632,
            43.014795,
            960.75
          ],
          [
            -1.317584,
            43.014775,
            961.0
          ],
          [
            -1.317447,
            43.014575,
            957.5
          ],
          [
            -1.317418,
            43.014485,
            955.0
          ],
          [
            -1.317433,
            43.014183,
            950.75
          ],
          [
            -1.317552,
            43.014066,
            950.5
          ],
          [
            -1.318126,
            43.013399,
            948.0
          ],
          [
            -1.318293,
            43.013201,
            947.25
          ],
          [
            -1.318339,
            43.013116,
            947.25
          ],
          [
            -1.318381,
            43.013025,
            948.75
          ],
          [
            -1.318429,
            43.012836,
            949.25
          ],
          [
            -1.318459,
            43.012679,
            948.75
          ],
          [
            -1.318447,
            43.012311,
            946.75
          ],
          [
            -1.318466,
            43.012227,
            946.75
          ],
          [
            -1.318734,
            43.011626,
            947.75
          ],
          [
            -1.318851,
            43.011311,
            947.0
          ],
          [
            -1.31889,
            43.011177,
            947.25
          ],
          [
            -1.318922,
            43.010923,
            948.5
          ],
          [
            -1.318967,
            43.010728,
            950.0
          ],
          [
            -1.318997,
            43.01064,
            950.5
          ],
          [
            -1.318922,
            43.010643,
            949.75
          ],
          [
            -1.318881,
            43.010633,
            949.25
          ],
          [
            -1.318776,
            43.01056,
            947.75
          ],
          [
            -1.31872,
            43.010494,
            946.5
          ],
          [
            -1.318699,
            43.010411,
            945.75
          ],
          [
            -1.318709,
            43.01033,
            945.5
          ],
          [
            -1.318748,
            43.010225,
            945.25
          ],
          [
            -1.318946,
            43.009924,
            943.5
          ],
          [
            -1.319095,
            43.009576,
            942.25
          ],
          [
            -1.319204,
            43.009379,
            943.75
          ],
          [
            -1.319278,
            43.009149,
            945.5
          ],
          [
            -1.319316,
            43.008988,
            946.25
          ],
          [
            -1.319293,
            43.008836,
            945.5
          ],
          [
            -1.319304,
            43.008757,
            945.5
          ],
          [
            -1.3192,
            43.008537,
            944.5
          ],
          [
            -1.319165,
            43.008439,
            944.5
          ],
          [
            -1.31918,
            43.008369,
            944.75
          ],
          [
            -1.319189,
            43.00835,
            945.0
          ],
          [
            -1.319217,
            43.008325,
            945.0
          ],
          [
            -1.319291,
            43.008301,
            945.25
          ],
          [
            -1.319588,
            43.00825,
            945.75
          ],
          [
            -1.319644,
            43.008373,
            946.0
          ],
          [
            -1.319731,
            43.008516,
            947.25
          ],
          [
            -1.319809,
            43.008508,
            947.25
          ],
          [
            -1.31987,
            43.008517,
            947.25
          ],
          [
            -1.319742,
            43.008247,
            945.75
          ],
          [
            -1.319644,
            43.008011,
            945.5
          ],
          [
            -1.31958,
            43.007771,
            943.75
          ],
          [
            -1.319505,
            43.007363,
            942.75
          ],
          [
            -1.319452,
            43.007026,
            941.25
          ],
          [
            -1.319428,
            43.00675,
            940.75
          ],
          [
            -1.319358,
            43.006235,
            939.75
          ],
          [
            -1.319351,
            43.005682,
            937.25
          ],
          [
            -1.31939,
            43.005502,
            936.5
          ],
          [
            -1.319463,
            43.005327,
            936.0
          ],
          [
            -1.31961,
            43.005079,
            935.75
          ],
          [
            -1.319954,
            43.004594,
            934.5
          ],
          [
            -1.320269,
            43.004038,
            932.5
          ],
          [
            -1.320837,
            43.003257,
            930.5
          ],
          [
            -1.321145,
            43.00295,
            929.25
          ],
          [
            -1.321327,
            43.002794,
            927.5
          ],
          [
            -1.321663,
            43.002439,
            925.0
          ],
          [
            -1.321967,
            43.002259,
            923.75
          ],
          [
            -1.322394,
            43.002075,
            923.0
          ],
          [
            -1.323112,
            43.00185,
            923.25
          ],
          [
            -1.323572,
            43.001724,
            923.0
          ],
          [
            -1.324168,
            43.001598,
            921.25
          ],
          [
            -1.324642,
            43.001433,
            920.5
          ],
          [
            -1.324925,
            43.001268,
            919.75
          ],
          [
            -1.325189,
            43.001065,
            919.25
          ],
          [
            -1.326037,
            43.000549,
            918.5
          ],
          [
            -1.327004,
            43.000143,
            915.5
          ],
          [
            -1.327257,
            43.000026,
            915.25
          ],
          [
            -1.327341,
            42.999981,
            915.0
          ],
          [
            -1.327455,
            42.999811,
            915.5
          ],
          [
            -1.327511,
            42.999583,
            916.25
          ],
          [
            -1.327536,
            42.999388,
            916.5
          ],
          [
            -1.32757,
            42.999243,
            916.0
          ],
          [
            -1.327783,
            42.998658,
            914.0
          ],
          [
            -1.327977,
            42.998252,
            913.0
          ],
          [
            -1.328137,
            42.997963,
            912.75
          ],
          [
            -1.328256,
            42.997809,
            912.25
          ],
          [
            -1.328837,
            42.997362,
            910.25
          ],
          [
            -1.329169,
            42.997115,
            908.75
          ],
          [
            -1.329401,
            42.996971,
            908.0
          ],
          [
            -1.329886,
            42.99675,
            906.0
          ],
          [
            -1.330264,
            42.996607,
            905.0
          ],
          [
            -1.330336,
            42.996568,
            904.5
          ],
          [
            -1.330375,
            42.996517,
            904.25
          ],
          [
            -1.330362,
            42.996288,
            903.75
          ],
          [
            -1.330328,
            42.996116,
            903.0
          ],
          [
            -1.330268,
            42.995887,
            902.25
          ],
          [
            -1.329886,
            42.994536,
            904.25
          ],
          [
            -1.329863,
            42.994418,
            904.0
          ],
          [
            -1.32982,
            42.994298,
            904.0
          ],
          [
            -1.329778,
            42.994236,
            904.0
          ],
          [
            -1.329476,
            42.994021,
            903.25
          ],
          [
            -1.329567,
            42.993925,
            903.0
          ],
          [
            -1.329137,
            42.993699,
            903.0
          ],
          [
            -1.329196,
            42.993578,
            902.75
          ],
          [
            -1.329131,
            42.993503,
            902.5
          ],
          [
            -1.328549,
            42.99315,
            900.0
          ],
          [
            -1.328394,
            42.993024,
            899.0
          ],
          [
            -1.328313,
            42.992948,
            898.75
          ],
          [
            -1.32827,
            42.992856,
            898.75
          ],
          [
            -1.328248,
            42.992814,
            898.5
          ],
          [
            -1.328453,
            42.992767,
            898.75
          ],
          [
            -1.328729,
            42.992681,
            899.0
          ],
          [
            -1.32901,
            42.992573,
            899.5
          ],
          [
            -1.329236,
            42.992452,
            900.0
          ],
          [
            -1.329552,
            42.992322,
            900.25
          ],
          [
            -1.32989,
            42.992212,
            899.75
          ],
          [
            -1.330239,
            42.99213,
            899.5
          ],
          [
            -1.33047,
            42.992106,
            899.0
          ],
          [
            -1.330719,
            42.992095,
            898.0
          ],
          [
            -1.330733,
            42.992035,
            898.0
          ],
          [
            -1.330792,
            42.991949,
            898.0
          ],
          [
            -1.331063,
            42.991681,
            897.0
          ],
          [
            -1.331321,
            42.991464,
            897.0
          ],
          [
            -1.331639,
            42.991216,
            896.5
          ],
          [
            -1.333187,
            42.990116,
            894.25
          ],
          [
            -1.333026,
            42.989972,
            893.75
          ],
          [
            -1.333012,
            42.98991,
            893.5
          ],
          [
            -1.333021,
            42.989843,
            893.25
          ],
          [
            -1.333052,
            42.989786,
            893.0
          ],
          [
            -1.333459,
            42.989171,
            891.25
          ],
          [
            -1.333556,
            42.989035,
            891.25
          ],
          [
            -1.333471,
            42.988946,
            890.5
          ],
          [
            -1.333408,
            42.988896,
            890.25
          ],
          [
            -1.333312,
            42.988781,
            890.0
          ],
          [
            -1.333262,
            42.988702,
            890.0
          ],
          [
            -1.333251,
            42.988621,
            889.75
          ],
          [
            -1.333232,
            42.988395,
            890.0
          ],
          [
            -1.333255,
            42.988337,
            890.0
          ],
          [
            -1.33361,
            42.987727,
            889.0
          ],
          [
            -1.333722,
            42.987494,
            889.0
          ],
          [
            -1.333898,
            42.987192,
            888.75
          ],
          [
            -1.33405,
            42.987004,
            888.0
          ],
          [
            -1.334198,
            42.986852,
            888.0
          ],
          [
            -1.334654,
            42.986416,
            887.0
          ],
          [
            -1.335338,
            42.985806,
            885.5
          ],
          [
            -1.335686,
            42.985508,
            885.0
          ],
          [
            -1.335783,
            42.98536,
            885.0
          ],
          [
            -1.335903,
            42.985228,
            884.5
          ],
          [
            -1.336133,
            42.984919,
            883.75
          ],
          [
            -1.336185,
            42.984819,
            883.75
          ],
          [
            -1.336301,
            42.984523,
            883.0
          ],
          [
            -1.337355,
            42.981309,
            881.0
          ],
          [
            -1.338084,
            42.979818,
            878.25
          ],
          [
            -1.338245,
            42.979315,
            879.25
          ],
          [
            -1.338851,
            42.978193,
            878.0
          ],
          [
            -1.339119,
            42.977874,
            877.0
          ],
          [
            -1.3395,
            42.977078,
            875.75
          ],
          [
            -1.339784,
            42.976348,
            875.5
          ],
          [
            -1.339859,
            42.976132,
            875.25
          ],
          [
            -1.339885,
            42.975885,
            875.25
          ],
          [
            -1.339862,
            42.975255,
            874.25
          ],
          [
            -1.339935,
            42.974755,
            871.0
          ],
          [
            -1.339972,
            42.974605,
            870.5
          ],
          [
            -1.340051,
            42.974515,
            870.25
          ],
          [
            -1.340105,
            42.974492,
            870.0
          ],
          [
            -1.340199,
            42.974469,
            870.0
          ],
          [
            -1.340632,
            42.974473,
            869.75
          ],
          [
            -1.340943,
            42.974468,
            869.25
          ],
          [
            -1.341039,
            42.974449,
            869.75
          ],
          [
            -1.341149,
            42.974384,
            870.0
          ],
          [
            -1.34145,
            42.974017,
            870.0
          ],
          [
            -1.341724,
            42.973656,
            869.25
          ],
          [
            -1.341828,
            42.97361,
            869.5
          ],
          [
            -1.341623,
            42.973493,
            868.25
          ],
          [
            -1.34127,
            42.973311,
            868.25
          ],
          [
            -1.341253,
            42.973301,
            868.5
          ],
          [
            -1.341061,
            42.973196,
            869.75
          ],
          [
            -1.341117,
            42.973071,
            869.75
          ],
          [
            -1.340765,
            42.971839,
            870.5
          ],
          [
            -1.34067,
            42.971613,
            870.75
          ],
          [
            -1.340479,
            42.97131,
            870.25
          ],
          [
            -1.340036,
            42.970831,
            869.75
          ],
          [
            -1.339084,
            42.969936,
            870.75
          ],
          [
            -1.338585,
            42.969359,
            871.5
          ],
          [
            -1.338235,
            42.969015,
            872.75
          ],
          [
            -1.33681,
            42.967934,
            875.5
          ],
          [
            -1.33538,
            42.966817,
            878.0
          ],
          [
            -1.334793,
            42.966277,
            879.5
          ],
          [
            -1.334105,
            42.965565,
            881.75
          ],
          [
            -1.332942,
            42.964467,
            883.75
          ],
          [
            -1.332819,
            42.964448,
            883.75
          ],
          [
            -1.332577,
            42.964531,
            883.5
          ],
          [
            -1.331852,
            42.965102,
            882.25
          ],
          [
            -1.331414,
            42.965263,
            882.75
          ],
          [
            -1.331283,
            42.965371,
            883.5
          ],
          [
            -1.33128,
            42.965475,
            883.5
          ],
          [
            -1.331258,
            42.96556,
            883.75
          ],
          [
            -1.330982,
            42.966015,
            886.5
          ],
          [
            -1.330912,
            42.966103,
            887.25
          ],
          [
            -1.330819,
            42.966187,
            887.75
          ],
          [
            -1.332364,
            42.967363,
            883.75
          ]
        ]
      }
    }
  ]
}